source_pdf,상품명,브랜드명,상세_카테고리명,의류종류,가격,소재,케어방법,사이즈,사이즈_상세,색상,이미지_무드,이미지_톤,이미지_배경,사진_구성,모델_특징,제품_특징,브랜드_평,이미지_요약,톤_무드,촬영_특징,룩북_촬영_배경_무드,모델링_포즈_특징,컬러_팔레트,디자인_컨셉_분석,상세_리뷰,리뷰_의견,스타일_축,프리미엄_축,대표색
여성_의류/01_3442256.pdf,[2 PACK-컬러추가]Essential Golgi Tee-11 colors,비터셀즈(BITTERCELLS),여성의류 > 상의 > 긴소매 티셔츠,긴소매 티셔츠,54600,"골지(Golgi) 원단 (상세 혼용률은 텍스트에 없으나, 리뷰와 제품명으로 보아 신축성 있는 면 혼방 골지 소재로 추정)",상세 세탁법 미기재 (일반적인 면/골지 티셔츠의 경우 찬물 세탁 및 건조기 사용 지양 권장),"Free (상세 사이즈표 미기재, 리뷰상 '잘 맞아요' 다수)",상세 치수 텍스트 없음 (리뷰에 따르면 소매가 길고 몸에 핏되는 슬림한 스타일임),"Ivory,Stripe Blue,Grey,Stripe Grey,Light Grey,Stripe Black,Charcoal","편안하고 자연스러운 데일리 라이프스타일 무드입니다. 정돈된 플랫레이 컷은 깔끔함을, 모델 컷은 일상 속의 여유로움을 표현하고 있습니다.",따뜻한 웜톤의 아이보리와 베이지가 베이스가 되어 아늑한 느낌을 줍니다. 전반적으로 채도가 낮고 부드러운 색감을 사용하여 감성적인 분위기를 연출했습니다.,깨끗한 화이트 톤의 소파나 침구 위를 배경으로 사용하여 '집'이라는 편안한 공간을 암시합니다. 이는 'In & Out'이라는 슬로건과 어우러져 홈웨어와 외출복의 경계를 허무는 연출 의도를 보여줍니다.,"제품의 다양한 컬러 구성을 한눈에 보여주는 정갈한 플랫레이(Flat lay) 컷과, 모델이 소파에 앉아 자연스럽게 행동하는 라이프스타일 컷으로 구성되어 있습니다. 특히 소매 끝의 라벨 디테일을 잘 보이게 배치한 것이 특징입니다.",모델은 카메라를 의식하지 않고 거울을 보며 립 제품을 바르는 등 자연스러운 일상의 순간을 연출하고 있습니다. 편안한 자세로 소파에 앉아 있어 옷의 활동성과 편안한 착용감을 시각적으로 전달합니다.,"몸에 부드럽게 감기는 골지(Ribbed) 소재의 긴팔 티셔츠로, 소매 끝단에 부착된 브랜드 라벨이 핵심 디자인 포인트입니다. 베이직한 디자인이지만 소매 기장이 여유 있게 나와 여리여리한 핏을 연출해 줍니다.",비터셀즈는 기본에 충실하면서도 작은 디테일로 트렌디함을 놓치지 않는 영 캐주얼 브랜드로 보입니다. 'Essential' 라인을 통해 데일리로 입기 좋은 실용적인 아이템을 감성적인 무드로 잘 포장하여 전달하고 있습니다.,다양한 컬러와 스트라이프 패턴의 골지 티셔츠들이 감성적인 무드로 정돈되어 있습니다. 편안한 실내 배경 속 모델을 통해 일상에서 활용도 높은 에센셜 아이템임을 강조합니다.,"전체적으로 따뜻하고 아늑한 '코지(Cozy)' 무드가 지배적이며, 자연광을 머금은 듯한 부드러운 톤이 특징입니다. 과하지 않은 내추럴한 색감 배치를 통해 편안하면서도 세련된 감성을 자아내고 있습니다.","제품의 질감과 색상을 정확히 보여주기 위해 부드러운 확산광을 사용하였으며, 그림자를 최소화하여 깔끔한 인상을 줍니다. 플랫레이 컷에서는 옷을 접어 배치함으로써 소매의 라벨 포인트와 넥 라인의 디테일을 강조하는 앵글을 택했습니다.","화이트 톤의 패브릭 소파와 심플한 선반이 있는 실내 공간을 배경으로 하여, 누구나 공감할 수 있는 '나만의 방' 같은 분위기를 조성했습니다. 이는 브랜드가 지향하는 'In & Out' 컨셉, 즉 실내외 어디서든 어울리는 옷이라는 메시지를 배경을 통해 전달합니다.",정형화된 패션 모델 포즈보다는 일상적인 움직임을 포착한 듯한 스냅샷 스타일의 포즈를 취하고 있습니다. 다리를 편하게 올리고 앉거나 화장을 고치는 등의 동작은 제품의 신축성과 편안함을 간접적으로 보여주는 효과가 있습니다.,"아이보리, 그레이, 차콜, 블랙 등 무채색 계열을 중심으로 하여 어디에나 매치하기 쉬운 뉴트럴 컬러 팔레트를 구성했습니다. 여기에 스트라이프 패턴을 더해 단조로움을 피하고 클래식한 포인트를 주었습니다.","이 제품은 '에센셜(Essential)'이라는 이름답게 유행을 타지 않는 베이직한 디자인을 추구하되, 골지 소재의 텍스처와 소매 라벨로 브랜드 아이덴티티를 녹여냈습니다. 2-Pack 구성을 통해 실용성을 극대화하고, 단독 착용은 물론 레이어드용으로도 적합하도록 슬림하고 긴 실루엣을 의도한 디자인입니다.","비터셀즈의 'Essential Golgi Tee'는 활용도 높은 기본 아이템을 합리적인 2-Pack 구성으로 제안하여 소비자들의 구매 욕구를 자극하는 제품입니다. 쫀쫀한 골지 소재를 사용하여 바디 라인을 슬림하게 잡아주면서도 신축성이 좋아 편안한 착용감을 제공하는 것이 가장 큰 장점입니다. 특히 소매 끝단에 위치한 브랜드 라벨 디테일은 자칫 밋밋할 수 있는 기본 티셔츠에 확실한 포인트가 되어주며, 소매 기장이 넉넉하여 손등을 덮는 여리여리한 실루엣을 연출할 수 있어 트렌디합니다.

리뷰 데이터에 따르면 1,700개 이상의 리뷰가 증명하듯 만족도가 매우 높으며, 주로 '레이어드하기 좋다', '소재가 부드럽다', '소매 포인트가 귀엽다'는 평이 주를 이룹니다. 무지와 스트라이프를 교차 선택할 수 있는 옵션 구성은 소비자의 다양한 취향과 필요를 충족시키며, 계절에 구애받지 않고 이너와 단독 상의로 전천후 활용이 가능합니다. 감성적인 룩북 이미지와 'In & Out'이라는 슬로건처럼, 집에서의 편안한 휴식 시간부터 가벼운 외출까지 모든 순간에 자연스럽게 녹아드는 데일리 에센셜 아이템으로 강력 추천합니다.",,,,
여성_의류/02_3599047.pdf,[은현 PICK]_[은현 PICK] wool double-breasted coat (melange gray),르 (LE),여성의류 > 아우터 > 롱코트,롱코트,172210,"shell : wool 100%, lining : polyester 100%",dry clean only / 반드시 세탁 전문점에서 드라이크리닝,Free,"어깨 50cm , 가슴 59cm , 암홀 27cm , 소매기장 60cm , 소매너비 16.5cm , 밑단너비 65.5cm , 총기장 115.5cm",MELANGE GRAY,도시적이고 세련된 분위기 속에서 편안함을 추구하는 '꾸안꾸(꾸민 듯 안 꾸민 듯)' 스타일의 무드입니다. 차가운 겨울 공기가 느껴지는 야외 및 실내 배경에서 자연스러운 일상을 포착한 듯한 감성적인 느낌을 줍니다.,"전반적으로 차분한 그레이와 무채색 톤이 지배적이며, 쿨톤의 세련된 인상을 줍니다. 배경의 붉은 벽돌이나 나무 벤치가 약간의 따뜻함을 더해주지만, 코트의 멜란지 그레이 색상이 전체적인 이미지를 모던하고 시크하게 잡아줍니다.","거친 질감의 콘크리트 벽과 붉은 벽돌담, 그리고 빈티지한 나무 벤치가 배경으로 사용되었습니다. 이는 잘 정돈된 스튜디오보다는 실제 거리나 카페 같은 일상적인 공간을 연출하여, 소비자가 착용했을 때의 모습을 쉽게 상상할 수 있도록 의도한 것으로 보입니다.","모델이 벤치에 앉아 있는 전신 및 3/4 구도의 샷이 주를 이루며, 코트의 기장감과 앉았을 때의 실루엣을 강조합니다. 정면을 응시하기보다는 자연스럽게 시선을 돌리거나 커피를 든 모습 등을 통해 라이프스타일 화보 같은 구성을 취하고 있습니다.","모델은 '은현'이라는 인플루언서 혹은 모델로 추정되며, 자연스럽게 묶은 머리와 내추럴한 메이크업으로 편안한 인상을 줍니다. 파란색 니트를 머플러처럼 두르거나 화이트 팬츠와 매치하는 등 센스 있는 스타일링을 통해 코트의 활용도를 높여 보여주고 있습니다.","피크드 칼라와 어깨 패드가 있어 클래식하고 구조적인 실루엣을 보여주는 더블 브레스티드 코트입니다. 울 100% 소재의 텍스처가 고급스럽게 드러나며, 무릎을 덮는 맥시한 기장감과 여유로운 오버핏이 트렌디한 멋을 자아냅니다.","브랜드 '르(LE)'는 미니멀하면서도 트렌디한 감성을 잃지 않는 디자인을 추구하는 것으로 보입니다. 과한 디테일보다는 좋은 소재와 핏에 집중하며, 일상 속에서 멋스럽게 입을 수 있는 웨어러블한 아이템을 제안하는 컨템포러리 브랜드의 포지셔닝을 가지고 있습니다.",멜란지 그레이 컬러의 롱 코트를 입은 모델이 도시적인 배경에서 여유로운 겨울 일상을 즐기는 모습입니다. 파란색 니트 포인트와 화이트 팬츠 매치로 자칫 무거울 수 있는 겨울 코트 룩을 산뜻하고 세련되게 연출했습니다.,"전체적으로 차분하고 도시적인 '어반 시크' 무드에 빈티지한 감성이 한 스푼 더해진 톤입니다. 그레이와 화이트, 블랙의 무채색 조합이 주는 모던함 속에, 자연광과 필름 카메라 질감의 노이즈가 섞여 따뜻하고 감성적인 겨울 분위기를 완성합니다.","인위적인 조명보다는 자연광을 활용하여 옷의 색감과 질감을 사실적으로 표현한 스냅샷 스타일의 촬영입니다. 모델의 포즈나 표정이 경직되지 않고 자연스러운 순간을 포착한 듯하여, 룩북보다는 인스타그램 피드나 일상 사진 같은 친근함을 줍니다.","오래된 붉은 벽돌 건물 앞이나 콘크리트 벽면이 있는 벤치 등 텍스처가 살아있는 공간을 배경으로 선택했습니다. 이러한 배경은 모던한 디자인의 코트와 대비를 이루며, 옷이 가진 클래식함과 캐주얼함을 동시에 부각시키는 효과를 줍니다.","모델은 꼿꼿하게 서 있기보다는 벤치에 편안하게 앉아 다리를 꼬거나 가방을 무심하게 든 포즈를 취하고 있습니다. 이는 코트의 넉넉한 품과 활동성을 보여주는 동시에, 격식에 얽매이지 않는 자유롭고 쿨한 태도를 강조합니다.","메인 컬러인 멜란지 그레이를 중심으로, 이너와 하의의 화이트, 가방과 부츠의 블랙이 조화를 이룹니다. 여기에 포인트 컬러로 사용된 스카이 블루(니트 숄)가 시각적인 환기를 주며, 배경의 브릭 레드와 우드 브라운이 전체적인 색감의 균형을 맞추고 있습니다.","클래식한 더블 브레스티드 코트의 원형을 유지하면서도, 오버사이즈 핏과 맥시한 기장으로 현대적인 재해석을 가미한 디자인입니다. 남성복에서 볼 수 있는 피크드 칼라와 어깨 패드를 적용하여 매니시하고 시크한 매력을 주면서도, 부드러운 울 소재와 유려한 실루엣으로 여성스러운 우아함을 놓치지 않았습니다.","이 상품은 브랜드 '르(LE)'의 울 100% 더블 브레스티드 코트로, '은현 PICK'이라는 타이틀에서 알 수 있듯이 인플루언서의 큐레이션이 돋보이는 제품입니다. 멜란지 그레이 컬러는 겨울철 어떤 이너와도 잘 어울리는 범용성을 가지며, 특히 룩북에서 보여준 파란색 니트 숄 스타일링이나 화이트 팬츠와의 매치는 구매 욕구를 자극하는 훌륭한 코디 예시입니다. 울 100% 소재임에도 불구하고 62%라는 높은 할인율이 적용되어 가격 경쟁력이 매우 뛰어나며, 보온성과 스타일을 동시에 챙길 수 있는 가성비 높은 아우터로 판단됩니다.

디자인적으로는 피크드 칼라와 어깨 패드가 적용되어 흐물거리지 않고 탄탄하게 핏을 잡아주는 것이 큰 장점입니다. 115.5cm의 맥시한 기장감은 키가 큰 여성들에게 특히 환영받을 요소이며, 오버핏 실루엣 덕분에 두꺼운 니트를 입어도 불편함 없이 착용 가능합니다. 리뷰를 살펴보면 '무게감이 있다'는 의견이 있지만, 이는 울 100% 소재와 긴 기장감에서 오는 자연스러운 특성으로 보이며, 오히려 묵직하게 떨어지는 핏이 고급스러움을 더해준다는 평이 많습니다.

전반적인 무드는 미니멀하면서도 시크한 '어반 라이프스타일'을 지향합니다. 격식 있는 자리에서는 포멀하게, 주말에는 캐주얼하게 연출할 수 있는 올라운더 아이템입니다. 20대 후반에서 30대 직장인 여성을 타겟으로 하며, 유행을 크게 타지 않는 클래식한 디자인이라 오랫동안 소장하여 입을 수 있는 '타임리스' 아이템을 찾는 고객에게 강력히 추천합니다.",,,,
여성_의류/03_2123023.pdf,캡 내장 심리스 쿨링 크롭 레이어드 이너 나시 수면브라 끈나시,코즈넉 (KOZNOK),여성의류,브라탑/캐미솔,9900,"심리스 쿨링 소재, 수면 원단 (상세 혼용률 텍스트 미기재)",상세 세탁법 텍스트 미기재 (일반적으로 심리스 및 캡 내장 제품은 중성세제 손세탁 권장),Free,"총길이 35.0cm, 어깨 너비 18.0cm, 가슴 너비 32.0cm","BLACK,WHITE,SKIN",이미지는 전체적으로 미니멀하고 깨끗한 분위기를 자아냅니다. 군더더기 없는 배경과 제품 배치로 상품의 기능성과 심플한 디자인을 강조하고 있습니다. 편안한 라운지웨어의 감성을 잘 전달합니다.,"뉴트럴하고 차분한 톤으로 구성되어 있습니다. 화이트, 베이지, 블랙의 무채색 계열이 주를 이루며, 밝고 부드러운 조명을 사용하여 위생적이고 시원한 느낌을 줍니다.","잡티 없는 깨끗한 밝은 회색조 또는 흰색 배경을 사용했습니다. 이는 제품의 색상(블랙, 화이트, 스킨)을 명확하게 보여주며, 시선을 분산시키지 않고 제품 자체에 집중하게 하는 연출 의도입니다.","제품을 바닥에 펼쳐 놓은 플랫레이(Flat-lay) 구도를 사용했습니다. 세 가지 색상의 제품을 겹쳐서 배치하여 컬러 옵션을 한눈에 보여주며, 얇은 어깨끈과 넥라인의 디테일을 잘 드러냅니다.","텍스트 정보에 따르면 모델은 170cm, 50kg의 슬림한 체형으로 Free 사이즈를 착용했습니다. 제공된 이미지에서는 모델 착용 컷보다는 제품 단독 컷이 주를 이루지만, 얇은 끈과 크롭 기장이 슬림한 실루엣을 연출함을 알 수 있습니다.","얇은 끈(스트링)으로 된 나시 형태로 어깨 라인을 여리여리하게 보여주는 디자인입니다. 봉제선이 없는 심리스 공법과 캡이 내장된 일체형 구조로, 속옷 자국 없이 매끈한 실루엣을 제공하며 크롭 기장이라 활동성이 좋습니다.","코즈넉은 자연주의 감성과 편안함을 추구하는 라이프스타일 브랜드로 보입니다. 화려한 장식보다는 소재의 기능성과 착용감에 집중하며, 합리적인 가격대로 데일리 베이직 아이템을 제안하는 포지셔닝을 취하고 있습니다.","블랙, 화이트, 스킨 색상의 캡 내장 끈나시가 겹쳐져 놓여 있는 깔끔한 제품 사진입니다. 심리스 소재의 매끄러운 질감과 얇은 어깨끈 디테일이 돋보이며 시원하고 편안한 느낌을 줍니다.","전반적인 톤 앤 무드는 '심플', '베이직', '컴포트'로 요약됩니다. 자극적이지 않은 색감과 부드러운 조명을 통해 피부에 닿는 이너웨어의 부드러움과 쿨링감을 시각적으로 표현하고 있습니다. 일상 속에서 편안하게 입을 수 있는 데일리웨어의 분위기를 풍깁니다.",스튜디오에서 탑뷰(Top-view) 앵글로 촬영하여 제품의 전체적인 형태와 비율을 왜곡 없이 보여줍니다. 그림자를 최소화하는 부드러운 확산광을 사용하여 심리스 원단의 매끈한 표면 질감을 잘 살렸습니다. 제품의 컬러 차이를 명확히 보여주기 위해 조명 밸런스를 잘 맞췄습니다.,룩북이나 상세 페이지의 배경은 인위적인 소품을 배제한 모던하고 정적인 무드입니다. 이는 제품의 '심리스(무봉제)'라는 특징과 연결되어 복잡함을 덜어내고 본질에 집중하려는 의도로 해석됩니다. 차분한 배경색은 수면 브라로서의 안정감을 줍니다.,제품 단독 컷에서는 자연스럽게 흘러내리듯 겹쳐 놓은 배치를 통해 원단의 유연함과 가벼움을 표현했습니다. 뻣뻣하지 않고 몸에 부드럽게 밀착될 것 같은 느낌을 주는 자연스러운 구김과 배치가 특징입니다.,"가장 기본적이고 필수적인 컬러인 '퓨어 화이트', '제트 블랙', '소프트 스킨(베이지)' 3가지로 구성되어 있습니다. 채도가 높지 않고 차분한 컬러감으로 어떤 겉옷에도 받쳐 입기 좋은 실용적인 컬러 팔레트입니다.",이 제품은 '브라'와 '나시'의 기능을 하나로 합친 올인원 이너웨어 컨셉입니다. 여름철 여러 겹 입는 답답함을 해소하기 위해 쿨링 소재와 크롭 기장을 적용했습니다. 얇은 어깨끈은 겉옷 밖으로 드러나도 속옷 같지 않은 세련된 느낌을 주도록 디자인되었습니다.,"이 제품은 여름철 필수 아이템으로 자리 잡은 캡 내장형 심리스 브라탑입니다. 4,000개가 넘는 리뷰가 증명하듯, 덥고 습한 날씨에 속옷과 이너를 따로 챙겨 입기 번거로운 소비자들에게 큰 호응을 얻고 있습니다. 특히 '쿨링 소재'와 '심리스' 마감 덕분에 몸에 달라붙지 않고 쾌적하며, 겉옷에 라인이 드러나지 않아 얇은 여름 옷 안에 입기에 최적화되어 있습니다.

디자인적으로는 얇은 끈(스트링) 디테일이 돋보여, 깊게 파인 상의나 오프숄더 룩의 이너로 활용하거나 단독 홈웨어로 입기에도 손색이 없습니다. 크롭 기장은 하이웨이스트 하의와 매치하기 좋으며, 수면 브라로 활용될 만큼 압박감이 적은 것이 큰 장점입니다. 다만 프리 사이즈 제품이므로 체형에 따라 핏감이 다를 수 있다는 점은 구매 전 고려해야 할 포인트입니다.

전반적으로 코즈넉의 이 제품은 '편안함'과 '실용성'을 극대화한 가성비 좋은 베이직 아이템입니다. 1만 원 이하의 합리적인 가격대로 블랙, 화이트, 스킨 등 기본 컬러를 여러 장 구비해두고 돌려 입기 좋은 '쟁여템'으로서의 매력이 큽니다. 자연주의 감성을 내세운 브랜드 이미지와 부합하는, 군더더기 없는 깔끔한 제품입니다.",,,,
여성_의류/03_2801298.pdf,[바로배송]_Washable V-neck knit_7colors,유라고 (URAGO),여성_의류,니트웨어,41760,"PBT 원사, 나일론 합사 (신축성이 뛰어나고 형태 복원력이 우수함)","워셔블 (물세탁 가능, 수축이 적어 관리에 용이)",Free,상세 사이즈 표 텍스트 없음 (리뷰 및 옵션 참조 시 Free 단일 사이즈),"Yellow,Mint,Oatmeal,Beige,Blue,Gray,Dark navy","이미지는 전체적으로 미니멀하고 차분한 감성을 띠고 있으며, 일상에서 편안하게 입을 수 있는 데일리 룩의 느낌을 강조합니다. 과한 연출 없이 정제된 분위기로 브랜드 특유의 모던함을 보여줍니다.","그레이와 화이트 배경을 중심으로 한 뉴트럴 톤이 주를 이루며, 제품의 파스텔 컬러(옐로우, 민트 등)가 부드럽게 어우러집니다. 전체적으로 눈이 편안하고 따뜻한 색감을 유지하고 있습니다.",배경은 질감이 느껴지지 않는 깔끔한 화이트 또는 연회색 톤의 벽으로 처리되어 제품의 실루엣과 색상에 온전히 집중하게 합니다. 불필요한 소품을 배제하여 심플하고 세련된 공간감을 연출했습니다.,"모델이 제품을 착용한 전신 및 반신 컷과, 7가지 컬러 옵션을 한눈에 볼 수 있는 제품 나열 컷으로 구성되어 있습니다. 착용 컷은 핏감을, 제품 컷은 컬러 베리에이션과 소재 설명을 효과적으로 전달합니다.",모델은 자연스러운 헤어스타일과 옅은 메이크업으로 내추럴한 분위기를 연출하고 있습니다. 주머니에 손을 넣거나 가방을 메는 등 편안하고 일상적인 포즈를 취해 옷의 활동성을 간접적으로 보여줍니다.,"적당한 깊이의 브이넥 라인과 여유 있는 스탠다드 핏이 특징이며, 소매와 밑단의 시보리가 깔끔하게 마감되어 있습니다. 다양한 컬러 구성과 더불어 '워셔블'이라는 기능적 특징이 텍스트와 함께 강조되어 있습니다.",유라고는 유행을 타지 않는 베이직한 디자인에 실용적인 소재를 접목하여 오래 입을 수 있는 옷을 만드는 브랜드로 보입니다. 합리적인 가격대와 감성적인 비주얼을 통해 2030 여성들에게 어필하는 컨템포러리 브랜드의 이미지를 가지고 있습니다.,심플한 그레이 브이넥 니트를 입은 모델의 자연스러운 착용 컷과 7가지 다채로운 컬러 옵션을 보여주는 상세 이미지가 결합되어 있습니다. 편안한 핏과 실용적인 소재감을 시각적으로 잘 표현한 룩북입니다.,"전체적으로 차분하고 정돈된 뉴트럴 톤이 지배적이며, 군더더기 없는 미니멀한 무드를 형성하고 있습니다. 화려한 장식보다는 소재와 핏에 집중한 감성적인 데일리웨어 분위기를 자아냅니다.",인위적인 조명보다는 자연스러운 광원을 활용하여 옷의 질감과 색감을 사실적으로 표현했습니다. 모델의 자연스러운 움직임을 포착한 컷과 정적인 제품 나열 컷을 적절히 배치하여 정보 전달과 감성 전달의 균형을 맞췄습니다.,배경은 잡티 없는 깨끗한 화이트 또는 연한 그레이 톤의 벽을 사용하여 피사체인 모델과 옷에 시선이 집중되도록 연출했습니다. 복잡한 배경 요소를 제거함으로써 모던하고 도시적인 세련미를 더했습니다.,모델은 과장된 포즈 대신 주머니에 손을 넣거나 가방을 자연스럽게 메는 등 일상적인 움직임을 포착한 듯한 포즈를 취하고 있습니다. 시선 처리가 자연스럽고 편안해 보여 소비자가 실제 착용했을 때의 느낌을 쉽게 상상할 수 있게 합니다.,"그레이, 다크 네이비, 오트밀, 베이지와 같은 기본 뉴트럴 컬러를 베이스로 하여 안정감을 줍니다. 여기에 옐로우, 민트, 블루와 같은 파스텔 톤의 포인트 컬러를 더해 계절감과 산뜻함을 동시에 제공합니다.","'Washable'이라는 기능성을 핵심 컨셉으로 내세우며, 관리가 어려운 니트의 단점을 보완한 실용적인 디자인입니다. PBT 원사를 사용하여 신축성과 형태 복원력을 높인 점은 편안한 착용감과 관리의 용이함을 최우선으로 고려한 디자인 의도를 보여줍니다.","유라고의 'Washable V-neck knit'는 디자인과 실용성을 모두 잡은 데일리 아이템으로 분석됩니다. 가장 큰 특징은 제품명에서도 알 수 있듯이 '물세탁이 가능'하다는 점입니다. PBT 원사와 나일론을 합사하여 니트 특유의 수축이나 변형 걱정을 줄였으며, 신축성이 좋아 활동성이 뛰어납니다. 베이직한 브이넥 디자인은 단독 착용은 물론 셔츠나 티셔츠와 레이어드하기에도 적합하여 활용도가 매우 높습니다.

컬러 구성 또한 이 제품의 강력한 구매 포인트입니다. 오트밀, 베이지, 그레이, 네이비 같은 필수적인 기본 컬러부터 옐로우, 민트, 블루와 같은 화사한 포인트 컬러까지 총 7가지로 구성되어 선택의 폭이 넓습니다. 리뷰를 살펴보면 '부드러운 촉감'과 '적당한 두께감'에 대한 만족도가 높으며, 핏이 너무 박시하지도 타이트하지도 않은 적당한 레귤러 핏이라 다양한 체형의 고객들이 선호하는 것으로 보입니다.

가격대 역시 할인가 기준 4만 원대 초반으로 형성되어 있어 소재의 기능성과 브랜드 감성을 고려할 때 가성비가 훌륭한 편입니다. 20대부터 30대 직장인 여성까지 출근룩이나 데일리룩으로 부담 없이 즐길 수 있는 아이템입니다. 특히 니트 관리에 어려움을 느끼거나, 매일 입을 수 있는 편안하고 질 좋은 기본 니트를 찾는 소비자들에게 강력히 추천할 만한 상품입니다.",,,,
여성_의류/04_3714943.pdf,[SET] SOFT MINI LABEL LONG SLEEVE (9colors),론론 (RONRON),여성의류,긴소매 티셔츠,49280,"RAYON 65%, VISCOSE 30%, SPAN 5%",단독 드라이클리닝,Free,"어깨 35cm, 가슴 38.5cm, 밑단 40cm, 팔길이 62.5cm, 팔통 13cm, 암홀 21cm, 총기장 55cm","OLIVE,GREY STRIPE,BLUE,PINK STRIPE,RED,BLACK STRIPE,WHITE,BLACK,GREY",편안하고 자연스러운 데일리 라이프스타일 무드입니다. 침대 위나 카페 같은 일상적인 공간을 배경으로 하여 친근하고 아늑한 느낌을 줍니다. 꾸미지 않은 듯한 '꾸안꾸' 스타일을 지향하는 캐주얼한 분위기가 강합니다.,전반적으로 따뜻하고 부드러운 웜톤과 뉴트럴 톤이 조화를 이룹니다. 쨍한 원색보다는 약간 채도가 낮거나 차분한 컬러감으로 구성되어 있어 눈이 편안합니다. 필름 카메라로 찍은 듯한 감성적인 색감이 돋보입니다.,줄무늬 침구 위나 체크무늬 소파 등 텍스처가 있는 패브릭을 배경으로 활용했습니다. 이는 제품의 소재감과 어우러져 포근한 느낌을 강조하려는 의도로 보입니다. 일상 속에서 쉽게 접할 수 있는 공간을 연출하여 실용성을 부각했습니다.,"제품을 색상별로 접어 나열한 플랫레이 컷과 모델이 착용한 라이프스타일 컷이 혼합되어 있습니다. 플랫레이는 다양한 컬러 옵션을 한눈에 보여주며, 착용 컷은 상반신 위주의 클로즈업으로 핏과 레이어드 활용법을 보여줍니다.",얼굴보다는 옷의 핏과 활동성을 강조하는 포즈를 취하고 있습니다. 크루아상을 들고 있거나 편안하게 앉아 있는 등 자연스러운 일상의 순간을 포착했습니다. 마른 체형의 모델을 통해 슬림한 핏과 여리여리한 실루엣을 강조합니다.,몸에 부드럽게 감기는 슬림핏 디자인의 긴팔 티셔츠입니다. 옆구리 부분에 브랜드의 시그니처인 미니 라벨이 부착되어 있어 심플함 속에 포인트를 줍니다. 소매 기장이 손등을 덮을 정도로 여유 있게 제작되어 여성스러운 무드를 연출합니다.,론론은 베이직한 아이템에 사랑스러운 디테일을 더해 데일리웨어로 활용하기 좋은 브랜드입니다. 합리적인 가격대와 다양한 컬러 구성을 통해 2030 여성들의 취향을 저격하고 있습니다. 편안하면서도 트렌디한 감성을 잃지 않는 영 캐주얼 브랜드로 포지셔닝하고 있습니다.,다양한 컬러의 티셔츠가 정갈하게 개어져 있는 모습과 자연스러운 착용 컷이 어우러져 소장 욕구를 자극합니다. 부드러운 소재감과 슬림한 핏이 시각적으로 잘 전달되는 이미지입니다.,코지(Cozy)하고 내추럴한 감성이 지배적입니다. 인위적인 스튜디오 조명보다는 자연광이나 은은한 실내 조명을 활용한 듯한 따스한 톤앤매너를 유지하고 있습니다. 전반적으로 차분하면서도 소녀스러운 감성이 묻어납니다.,"제품의 질감과 색감을 사실적으로 보여주기 위해 근접 촬영과 탑뷰(Top view)를 적절히 활용했습니다. 소품(빵, 컵)을 활용하여 단순한 제품 사진이 아닌 라이프스타일 화보처럼 연출했습니다. 앵글을 다양하게 잡아 지루하지 않게 구성했습니다.",친구의 자취방이나 아기자기한 카페에 온 듯한 편안한 배경입니다. 체크 패턴과 스트라이프 패턴의 패브릭이 배경으로 자주 등장하여 캐주얼하고 빈티지한 무드를 더해줍니다. 배경이 제품을 압도하지 않으면서도 감성적인 분위기를 조성합니다.,정적인 포즈보다는 무언가를 먹거나 앉아 있는 등 동적인 요소를 가미하여 자연스러움을 추구합니다. 손의 위치나 팔의 각도를 통해 소매의 길이감과 신축성을 간접적으로 보여줍니다. 경직되지 않은 릴렉스한 자세가 특징입니다.,"올리브, 블루, 레드 같은 포인트 컬러와 화이트, 블랙, 그레이 같은 베이직 컬러가 조화롭게 구성되어 있습니다. 스트라이프 패턴도 포함되어 있어 선택의 폭이 넓습니다. 전체적으로 채도가 너무 높지 않은 차분한 파스텔 및 어스 컬러 톤입니다.",기본에 충실하면서도 디테일을 놓치지 않은 '에센셜 아이템'입니다. 레이온과 스판 혼방 소재를 사용하여 몸매를 잡아주면서도 편안한 착용감을 제공하는 것이 핵심 컨셉입니다. 단독 착용뿐만 아니라 레이어드 이너로서의 활용도까지 고려한 실용적인 디자인입니다.,"이 제품은 론론(RONRON)의 스테디셀러인 소프트 미니 라벨 롱 슬리브 세트 상품으로, 높은 할인율(44%)과 1+1 구성이 매력적인 아이템입니다. 레이온 65%와 스판 5%가 함유된 소재는 피부에 닿는 촉감이 매우 부드럽고 신축성이 뛰어나다는 평이 많습니다. 특히 몸에 딱 붙는 슬림핏 디자인과 손등을 덮는 긴 소매 기장은 착용 시 팔이 가늘고 길어 보이는 '여리여리한' 실루엣을 연출해 줍니다.

리뷰를 종합해 보면, 니트나 가디건 안에 받쳐 입는 레이어드용 이너로 활용도가 매우 높다는 의견이 지배적입니다. 다만, 일부 컬러(특히 레드)는 화면보다 톤 다운된 자주색에 가깝다는 평과, 블루 컬러가 생각보다 채도가 낮다는 의견이 있어 색상 선택 시 참고가 필요합니다. 또한 새 제품 특유의 냄새가 난다는 후기가 다수 존재하므로 착용 전 세탁이나 통풍이 필요할 것으로 보입니다.

전반적으로 베이직한 디자인에 사이드 라벨 포인트가 있어 심심하지 않으며, 다양한 컬러 옵션 덕분에 깔별로 소장하려는 고객이 많습니다. 데일리룩으로 편안하게 입을 수 있는 기본 티셔츠를 찾는 2030 여성들에게 적합하며, 가성비와 실용성을 모두 갖춘 제품으로 평가됩니다.",,,,
여성_의류/05_3536238.pdf,[고윤정 착용] [예약] ROCKY WAFFLE SLEEVELESS TOP (NAVY),글로니 (GLOWNY),여성의류,슬리브리스,59000,"95% COTTON, 5% SPANDEX (와플 조직 코튼 원단)","상세 페이지 텍스트에는 명시되어 있지 않으나, 코튼과 스판덱스 혼방 소재이므로 일반적으로 찬물 세탁이나 손세탁이 권장됩니다. 정확한 관리를 위해 제품에 부착된 케어 라벨을 확인하는 것이 좋습니다.","S,M,L","총길이: S(49.7), M(51.7), L(53.7) / 어깨 너비: S(33.0), M(34.5), L(36.0) / 가슴 너비: S(28.5), M(31.0), L(33.5) / 소매 길이: S(61.5), M(63.5), L(66.0) / 밑단 너비: S(30.5), M(33.0), L(35.5)",NAVY,"빈티지하면서도 키치한 하이틴 감성이 느껴집니다. 편안한 캐주얼 무드를 베이스로 하되, 브랜드 특유의 트렌디하고 힙한 분위기가 공존합니다.",제품 단독 컷은 차분한 쿨톤의 네이비와 그레이 배경으로 깔끔함을 강조했습니다. 반면 모델 착용 컷은 웜톤의 베이지 배경을 사용하여 따뜻하고 감성적인 톤을 연출했습니다.,모델 컷의 배경은 따뜻한 크림색 또는 베이지색 솔리드 컬러로 처리되어 인물과 옷에 집중하게 합니다. 이는 필름 카메라로 찍은 듯한 레트로한 감성을 더해줍니다.,제품의 디테일을 보여주는 정면 누끼 컷과 모델의 착용 핏을 보여주는 상반신 위주의 룩북 컷으로 구성되어 있습니다. 모델 컷은 정면과 측면을 자연스럽게 포착하여 실루엣을 강조합니다.,긴 생머리의 모델이 자연스럽고 꾸밈없는 표정으로 제품을 소화하고 있습니다. 카메라를 정면으로 응시하기보다 시선을 아래로 두거나 자연스럽게 옷을 잡는 제스처를 통해 수줍은 듯한 소녀의 이미지를 연출했습니다.,"와플 조직의 텍스처가 돋보이는 슬리브리스 탑으로, 전면 가슴 부위에 노란색 말발굽 모양의 로고 그래픽이 포인트입니다. 넥 라인은 깊게 파인 U넥 형태이며, 몸에 적당히 밀착되는 슬림한 핏을 보여줍니다.","글로니는 베이직한 아이템에 독특한 그래픽과 감성을 더해 MZ세대에게 어필하는 브랜드로 보입니다. 연예인(고윤정 등)이 착용하여 트렌디한 이미지를 구축하고 있으며, 빈티지한 무드를 현대적으로 재해석하는 능력이 탁월합니다.",네이비 컬러의 와플 소재 민소매 탑을 입은 모델이 체크 스커트와 매치하여 하이틴 룩을 선보입니다. 노란색 로고 포인트가 돋보이며 전반적으로 따뜻하고 빈티지한 감성이 묻어납니다.,"전체적으로 '빈티지 캐주얼'과 '소프트 키치'가 결합된 톤 앤 무드입니다. 네이비 컬러가 주는 단정함에 와플 소재의 포근함, 그리고 룩북의 따뜻한 색감이 어우러져 편안하면서도 스타일리시한 분위기를 자아냅니다. 과하게 꾸미지 않은 듯한 자연스러운 멋스러움을 지향합니다.","조명은 부드럽게 확산광을 사용하여 그림자를 최소화하고 모델의 피부 톤과 옷의 질감을 부드럽게 표현했습니다. 앵글은 아이 레벨에서 촬영하여 모델과 소비자가 눈을 맞추는 듯한 편안한 구도를 취하고 있으며, 클로즈업보다는 상반신 미디엄 샷을 통해 전체적인 스타일링을 보여줍니다.","배경은 소품 없이 깨끗한 웜 베이지 톤을 사용하여 미니멀하면서도 따뜻한 온기를 전달합니다. 이러한 배경색은 네이비 컬러의 의상을 더욱 선명하게 부각시키며, 90년대 잡지 화보나 빈티지 엽서 같은 노스탤지어 무드를 형성하는 데 기여합니다.","모델은 경직된 패션 모델 포즈보다는 일상 속의 자연스러운 순간을 포착한 듯한 포즈를 취합니다. 옷의 밑단을 살짝 잡거나 시선을 떨구는 등의 제스처는 제품의 편안한 착용감을 시각적으로 전달하며, 브랜드가 추구하는 자유롭고 내추럴한 아이덴티티를 반영합니다.","주요 컬러는 깊이감 있는 네이비(Navy)이며, 포인트 컬러로 채도 높은 옐로우(Yellow)가 로고에 사용되었습니다. 보조적으로는 배경의 웜 베이지(Warm Beige)와 스커트의 체크 패턴에 들어가는 그레이(Grey), 브라운(Brown) 톤이 조화를 이루어 차분하면서도 지루하지 않은 배색을 보여줍니다.","기본적인 탱크탑 디자인에 와플 니트 조직을 적용하여 속옷 같지 않고 아우터로도 손색없는 텍스처를 구현했습니다. 가슴의 로고와 뒷면의 시즌 프린팅은 브랜드의 아이덴티티를 명확히 하며, 단순한 기본템을 넘어선 소장 가치를 부여합니다. 단독 착용은 물론 레이어드 아이템으로도 활용 가능한 실용적인 디자인 컨셉입니다.","이 제품은 글로니(GLOWNY)의 아이덴티티가 잘 드러나는 와플 소재의 슬리브리스 탑으로, '고윤정 착용'이라는 타이틀과 함께 높은 인기를 끌고 있는 아이템입니다. 가장 큰 특징은 탄탄한 와플 코튼 원단으로, 일반적인 면 티셔츠보다 체형을 잘 잡아주면서도 스판덱스가 함유되어 편안한 착용감을 제공한다는 점입니다. 네이비 컬러에 노란색 로고 플레이는 클래식하면서도 키치한 포인트를 주어, 단독으로 입었을 때도 밋밋하지 않고 스타일리시한 룩을 완성해 줍니다.

리뷰를 살펴보면 '푸른 끼가 도는 정석 네이비 컬러'라는 평과 함께 소재의 탄탄함에 대한 만족도가 높습니다. 몸에 슬림하게 붙는 핏이지만 꺼슬거림이 없어 예민한 피부를 가진 고객들도 만족하는 것으로 보입니다. 모델 컷처럼 플리츠 스커트와 매치하여 하이틴 룩을 연출하거나, 와이드 데님 팬츠와 함께 힙한 캐주얼 룩으로 소화하기에 적합합니다. 계절에 따라 여름에는 단독으로, 가을/겨울에는 가디건이나 자켓 안의 이너로 활용도가 매우 높은 '사계절 에센셜 아이템'으로 평가됩니다.",,,,
여성_의류/06_2892735.pdf,"[여울,알로하 착용] [28th] BOUCLE RAM HALF FUR-COAT_BEIGE",오떼뜨 (OCTETTE),여성_의류,퍼 재킷 (아우터),195840,"부클 램 퍼 (인조 모피), 안감 무스탕/스웨이드 조직 (상세 혼용률 텍스트 미기재, 리뷰 및 상품명 기반 추론)",상세 세탁 정보 텍스트 미포함. 소재 특성상 드라이클리닝 권장.,FREE,"상세 치수 표 텍스트 없음 (리뷰 참조: 160cm 기준 엉덩이 덮는 기장, 오버핏)",BEIGE,따뜻하고 포근한 겨울 감성을 자아내는 미니멀하고 내추럴한 무드입니다. 편안한 휴식과 일상의 여유로움을 강조하는 분위기입니다.,"전반적으로 웜톤의 베이지와 크림 색상이 주를 이루며, 부드럽고 차분한 저채도 톤입니다. 자극적이지 않고 눈이 편안한 색감을 사용했습니다.",군더더기 없는 깔끔한 화이트 또는 미색의 스튜디오 배경을 사용하여 인물과 옷에 집중하게 합니다. 나무 의자 등의 소품을 활용해 따뜻한 질감을 더했습니다.,모델이 의자에 앉아 있거나 자연스럽게 서 있는 미디엄 샷과 클로즈업 샷 위주입니다. 옷의 질감과 핏을 잘 보여주기 위한 구도로 촬영되었습니다.,자연스러운 헤어 스타일과 메이크업을 한 모델이 편안한 자세를 취하고 있습니다. 카메라를 응시하지 않거나 무심한 듯한 표정으로 시크하면서도 편안한 느낌을 연출합니다.,"양털처럼 뽀글거리는 부클 텍스처가 돋보이는 하프 기장의 퍼 코트입니다. 목까지 올라오는 하이넥 디자인으로 보온성을 높였으며, 넉넉한 오버핏 실루엣이 특징입니다.","오떼뜨는 트렌디하면서도 과하지 않은 내추럴한 감성을 추구하는 브랜드로 보입니다. 소재의 질감과 편안한 실루엣을 중시하며, 일상 속에서 자연스럽게 녹아드는 '꾸안꾸' 스타일을 제안합니다.",베이지 컬러의 부클 퍼 코트를 입은 모델이 따뜻하고 포근한 겨울 룩을 선보이고 있습니다. 부드러운 소재감과 넉넉한 핏이 강조된 감성적인 룩북 이미지입니다.,전체적으로 따뜻한 웜톤 베이스에 부드러운 자연광 느낌을 더해 아늑하고 서정적인 무드를 연출했습니다. 차가운 겨울 의류임에도 불구하고 시각적으로 온기가 느껴지는 색감과 분위기를 유지하고 있습니다.,강한 조명보다는 은은하고 확산된 조명을 사용하여 퍼 소재의 입체감과 부드러움을 극대화했습니다. 얕은 심도를 활용하거나 인물에 초점을 맞춰 배경을 단순화함으로써 제품의 텍스처에 시선이 머물도록 촬영했습니다.,"장식적인 요소를 배제한 미니멀한 스튜디오 공간에서 촬영되어 모던하면서도 정적인 분위기를 줍니다. 배경의 여백은 제품의 볼륨감을 돋보이게 하며, 나무 의자와 같은 소품은 내추럴한 브랜드 아이덴티티를 뒷받침합니다.","모델은 정형화된 패션 포즈보다는 의자에 웅크리고 앉거나 자연스럽게 팔을 감싸는 등 일상적인 제스처를 취하고 있습니다. 이는 옷의 활동성과 편안한 착용감을 시각적으로 전달하며, 소비자가 입었을 때의 느낌을 상상하게 만듭니다.","주요 컬러는 베이지, 오트밀, 아이보리와 같은 뉴트럴 계열로 구성되어 있습니다. 이러한 컬러 팔레트는 어떤 이너와도 잘 어울리는 범용성을 보여주며, 차분하고 고급스러운 인상을 줍니다.","이 제품은 '테디베어 코트'를 연상시키는 귀엽고 포근한 부클 소재를 활용하여 보온성과 스타일을 동시에 잡은 디자인입니다. 하이넥 디테일은 목도리 없이도 따뜻함을 유지하게 해주며, 엉덩이를 덮는 하프 기장은 활동성을 해치지 않으면서 체형을 보완해 주는 실용적인 컨셉입니다.","이 제품은 오떼뜨의 시그니처 아이템 중 하나로, 1,000개가 넘는 리뷰가 증명하듯 겨울철 데일리 아우터로 큰 인기를 끌고 있습니다. 가장 큰 특징은 '부클 램 퍼' 소재가 주는 압도적인 포근함과 귀여운 무드이며, 베이지 컬러 특유의 따뜻한 색감이 겨울 코디에 화사함을 더해줍니다. 하이넥 디자인과 넉넉한 품 덕분에 두꺼운 니트를 겹쳐 입어도 불편함이 없고, 목까지 따뜻하게 감싸주어 한파에도 유용하다는 평이 많습니다.

구매 고객들의 리뷰를 종합해보면, 옷이 생각보다 가볍고 부드러우며 안감이 무스탕 재질이라 리버시블로 활용 가능하다는 점이 큰 장점으로 꼽힙니다. 다만, 초기 착용 시 털 빠짐이 있다는 의견이 다수 있어, 드라이클리닝 후 착용하거나 돌돌이로 관리해 주는 과정이 필요해 보입니다. 키가 작은 고객부터 큰 고객까지 다양한 체형이 소화 가능한 프리 사이즈로, 엉덩이를 덮는 적당한 기장감이 체형 보완에도 효과적입니다.

전반적으로 가격 대비 퀄리티와 디자인 만족도가 높은 제품으로, 캐주얼한 청바지부터 조거 팬츠, 스커트까지 다양한 하의와 매치하기 좋습니다. 트렌디한 '덤블 자켓' 스타일을 찾고 있다면 강력히 추천할 만한 아이템이며, 특히 29CM 내에서도 높은 재구매율과 긍정적인 피드백을 유지하고 있는 스테디셀러입니다.",,,,
여성_의류/07_2960683.pdf,[은현 PICK] vintage fur half coat (beige),르 (LE),여성_의류,퍼 재킷,117810,인조 퍼 (Faux Fur),초기 수령 시 털빠짐이 있을 수 있어 드라이크리닝 1회 권장. 이후 착용 시 털빠짐이 줄어듦.,Free,상세 사이즈 표 텍스트 없음 (리뷰 참조: 153cm~169cm 등 다양한 체형이 착용하며 여유 있는 핏으로 묘사됨),BEIGE,"빈티지하면서도 캐주얼한 데일리 룩 무드입니다. 꾸미지 않은 듯 자연스러운 '꾸안꾸' 스타일을 지향하며, 편안하고 따뜻한 겨울 감성을 전달합니다.","따뜻한 웜톤의 베이지 컬러가 주를 이루며, 배경의 무채색(회색, 검정)과 대비되어 코트의 색감이 돋보입니다. 전체적으로 부드럽고 포근한 인상을 줍니다.",도심의 거리와 엘리베이터 내부 등 일상적인 공간을 배경으로 사용했습니다. 이는 특별한 날이 아닌 매일 입을 수 있는 옷이라는 점을 강조하는 연출입니다.,"전신 샷과 상반신 클로즈업, 그리고 거울 셀카 구도가 혼합되어 있습니다. 야외 자연광과 실내 조명에서의 느낌을 모두 보여주어 구매자의 판단을 돕습니다.",단발머리의 모델은 자연스러운 메이크업과 편안한 표정으로 제품을 소화하고 있습니다. 카메라를 의식하지 않는 듯한 시선 처리와 거울 셀카 포즈가 인플루언서의 일상 사진 같은 친근함을 줍니다.,풍성한 헤어감이 돋보이는 빈티지한 텍스처의 하프 기장 퍼 코트입니다. 엉덩이를 덮는 적당한 기장감과 넓은 카라 디자인이 얼굴을 작아 보이게 하며 보온성을 높여줍니다.,"르(LE)는 트렌디하면서도 일상에 녹아드는 웨어러블한 디자인을 추구하는 브랜드로 보입니다. 인플루언서 픽을 통해 스타일리시한 감각을 강조하며, 합리적인 가격대로 접근성을 높이고 있습니다.",베이지 컬러의 빈티지 퍼 코트를 입은 모델이 거리와 실내에서 자연스럽게 포즈를 취하고 있습니다. 풍성한 털의 질감과 캐주얼한 스타일링이 돋보이는 이미지입니다.,전반적으로 따스하고 아늑한 윈터 빈티지 무드를 형성하고 있습니다. 베이지 색상이 주는 포근함이 차가운 겨울 거리 배경과 어우러져 감성적인 분위기를 자아냅니다.,전문 스튜디오 촬영보다는 스냅 사진이나 일상 기록용 사진 같은 자연스러운 앵글을 사용했습니다. 조명 또한 인위적이지 않고 현장의 빛을 그대로 활용하여 리얼한 색감과 질감을 표현했습니다.,"화려한 배경 대신 아스팔트 도로, 가로수, 엘리베이터 등 지극히 평범한 도시의 일상을 배경으로 삼았습니다. 이는 제품이 데일리 아이템으로서 활용도가 높음을 시각적으로 암시합니다.",모델은 정형화된 패션 모델 포즈보다는 핸드폰을 보거나 주머니에 손을 넣는 등 일상적인 제스처를 취합니다. 엘리베이터 거울 셀카는 소비자들이 실제로 옷을 입고 사진을 찍을 때의 모습을 연상시킵니다.,"코트의 크림 베이지(Cream Beige)가 메인 컬러이며, 가방의 브라운(Brown)과 하의의 그레이(Grey)가 서브 컬러로 매치되었습니다. 배경의 블랙(Black)과 차콜(Charcoal)이 전체적인 톤을 차분하게 잡아줍니다.","과거의 화려한 모피 코트를 현대적이고 캐주얼한 감각으로 재해석한 '빈티지 에코 퍼' 컨셉입니다. 털의 결을 살린 텍스처 처리가 빈티지한 멋을 더하며, 넉넉한 핏으로 다양한 이너와 레이어드하기 좋게 디자인되었습니다.","이 제품은 '르(LE)' 브랜드의 빈티지 퍼 하프 코트로, 은현 PICK이라는 타이틀과 함께 높은 할인율(70%)로 주목받고 있는 아이템입니다. 베이지 컬러의 풍성한 인조 퍼 소재를 사용하여 보온성과 스타일을 동시에 잡았으며, 엉덩이를 덮는 하프 기장이라 활동성이 좋습니다. 모델 착용 컷에서 볼 수 있듯 트레이닝 팬츠나 캐주얼한 하의와 매치했을 때 힙하고 편안한 '꾸안꾸' 룩을 완성할 수 있어 2030 여성들에게 인기가 많습니다.

다만, 상세 페이지와 리뷰에서 가장 강조되는 점은 '털빠짐'입니다. 초기 배송 시 털빠짐이 꽤 있는 편이라 드라이크리닝 후 착용하거나 돌돌이 작업을 여러 번 해야 한다는 구매자들의 피드백이 많습니다. 하지만 이러한 단점에도 불구하고 10만 원 초반대의 합리적인 가격과 독보적인 빈티지 무드, 그리고 따뜻함 때문에 만족도가 높은 편입니다. 털 날림을 감수하고서라도 스타일리시한 겨울 아우터를 찾는 분들에게 적합한 가성비 제품입니다.",,,,
여성_의류/08_3364834.pdf,[닝닝 착용] 3/4 BUTTON FLY TEE_3 Colors,글로니 (GLOWNY),여성_의류,"긴소매 티셔츠 (헨리넥, 7부 소매)",45000,편안한 코튼 소재 (글로니 자체생산 원단),찬물에서 손세탁 하십시오. 표백제 및 건조기 사용을 금지합니다.,"XS,S,M,L,XL","총길이: 46.0~54.5cm, 어깨 너비: 32.5~39.0cm, 가슴 너비: 34.5~43.0cm, 허리 너비: 31.0~39.0cm, 밑단 너비: 33.5~42.0cm (사이즈별 상이)","WHITE,MELANGE GRAY,BLACK","미니멀하고 깨끗한 분위기로, 군더더기 없는 베이직한 감성을 전달합니다. 일상에서 편안하게 입을 수 있는 데일리웨어의 자연스러움이 느껴집니다.","화이트와 멜란지 그레이, 블랙의 무채색 톤이 주를 이루며 차분하고 정돈된 인상을 줍니다. 전체적으로 밝고 소프트한 조명을 사용하여 제품의 텍스처를 부드럽게 표현했습니다.",제품에 온전히 집중할 수 있도록 밝은 회색 또는 흰색의 단색 배경을 사용했습니다. 배경의 여백을 충분히 두어 깔끔하고 모던한 룩북의 느낌을 연출했습니다.,제품의 정면을 보여주는 클로즈업 컷과 전체 실루엣을 보여주는 컷으로 구성되어 있습니다. 색상별로 제품을 나열하여 컬러 옵션을 직관적으로 비교할 수 있도록 배치했습니다.,"제품 단독 컷 위주이나, '닝닝 착용'이라는 문구를 통해 트렌디한 아이돌의 핏을 연상시킵니다. 실제 착용 시 몸에 슬림하게 붙는 핏으로 여성스러운 라인을 강조하는 것이 특징입니다.",3개의 버튼이 달린 헨리넥 디자인과 7부 기장의 소매가 돋보이는 티셔츠입니다. 하단에는 글로니의 시그니처인 G Classic 라벨이 부착되어 있어 브랜드 아이덴티티를 드러냅니다.,"글로니는 기본에 충실하면서도 핏과 디테일로 트렌드를 이끄는 브랜드로 보입니다. 아이돌 착용 아이템으로 유명하며, 2030 여성들에게 '꾸안꾸(꾸민 듯 안 꾸민 듯)' 룩의 정석으로 자리 잡고 있습니다.","심플한 배경 위에서 헨리넥 디테일과 슬림한 실루엣을 강조한 제품 중심의 이미지입니다. 화이트, 그레이, 블랙의 세 가지 필수 컬러를 명확하게 보여줍니다.",전체적인 톤 앤 무드는 '에센셜(Essential)'과 '퓨어(Pure)'에 가깝습니다. 화려한 장식보다는 소재의 질감과 옷의 라인에 집중하여 차분하면서도 세련된 분위기를 자아냅니다. 이는 유행을 타지 않고 오래 입을 수 있는 클래식한 아이템임을 시각적으로 전달합니다.,그림자를 최소화한 부드러운 확산광을 사용하여 옷의 주름과 핏을 자연스럽게 보여주는 촬영 방식을 택했습니다. 정면 앵글을 사용하여 넥 라인의 버튼 디테일과 소매 기장감을 왜곡 없이 정확하게 전달하려 노력했습니다. 제품의 색감을 실제와 가장 유사하게 표현하기 위해 뉴트럴한 조명 세팅을 한 것으로 보입니다.,"룩북이나 제품 컷의 배경은 미니멀리즘을 지향하여 시선을 분산시키지 않는 단조로운 톤을 유지합니다. 이는 글로니가 추구하는 '올 데이 에센셜'이라는 컨셉과 맞닿아 있으며, 어떤 공간에서도 자연스럽게 어우러지는 편안함을 시각화했습니다. 깨끗하고 정돈된 스튜디오 무드가 제품의 퀄리티를 높여줍니다.","제품 상세 이미지에는 모델 컷이 직접적으로 드러나지 않으나, 연관된 리뷰나 브랜드 이미지를 통해 볼 때 자연스럽고 편안한 포즈가 주를 이룹니다. 몸의 곡선을 따라 흐르는 슬림핏 제품이므로, 허리 라인을 강조하거나 어깨를 가볍게 움직이는 등의 포즈로 신축성과 착용감을 표현했을 것입니다.","이 제품의 컬러 팔레트는 가장 기본적이면서 활용도가 높은 무채색 계열(White, Melange Gray, Black)로 구성되어 있습니다. 채도가 빠진 뉴트럴 컬러들은 다른 어떤 옷과도 매치하기 쉬운 안정감을 줍니다. 이는 계절에 구애받지 않고 사계절 내내 이너나 단독으로 활용 가능한 컬러 구성입니다.",클래식한 헨리넥 디자인을 현대적인 여성복 실루엣으로 재해석한 컨셉입니다. 일반적인 긴팔이 아닌 3/4 소매(7부)를 채택하여 활동성을 높이고 팔 라인을 더 가늘어 보이게 하는 디자인적 요소를 가미했습니다. 'G Classic' 라벨과 버튼 플라이 디테일은 자칫 밋밋할 수 있는 기본 티셔츠에 빈티지하면서도 고급스러운 포인트를 주어 소장 가치를 높였습니다.,"글로니의 '3/4 BUTTON FLY TEE'는 브랜드의 시그니처 아이템이자 에스파 닝닝이 착용하여 더욱 화제가 된 제품입니다. 가장 큰 특징은 클래식한 헨리넥 디자인에 3/4 소매 기장을 더해, 캐주얼하면서도 여성스러운 무드를 동시에 연출할 수 있다는 점입니다. 자체 생산한 탄탄한 코튼 소재를 사용하여 세탁 후에도 변형이 적고, 피부에 닿는 촉감이 부드러워 '올 데이 에센셜'이라는 설명에 걸맞은 편안함을 제공합니다.

이 제품은 특히 핏에 대한 만족도가 높은데, XS부터 XL까지 5가지의 세분화된 사이즈 옵션을 제공하여 다양한 체형의 고객들이 자신의 몸에 맞춰 입을 수 있습니다. 리뷰를 살펴보면 전반적으로 몸에 딱 붙는 슬림한 핏으로 제작되어 상체 라인을 예쁘게 잡아준다는 평이 많습니다. 다만, 생각보다 타이트하다는 의견도 있어 여유로운 핏을 원한다면 한 사이즈 업하는 것이 좋습니다. 7부 소매는 팔뚝 살을 커버해주면서도 답답해 보이지 않아 간절기나 레이어드 용으로 활용도가 매우 높습니다.

디자인적으로는 넥 라인의 버튼 플라이 디테일이 포인트가 되어, 목걸이 등 액세서리와 매치했을 때 더욱 스타일리시해 보입니다. 하단의 G Classic 라벨은 심플한 디자인에 브랜드의 아이덴티티를 은은하게 드러내는 고급스러운 요소입니다. 화이트, 멜란지 그레이, 블랙의 세 가지 컬러는 어떤 하의와도 잘 어울리는 기본 색상이라 색깔별로 소장하는 고객들도 많습니다.

결론적으로 이 티셔츠는 유행을 타지 않는 기본템이면서도 핏과 디테일이 살아있는 상의를 찾는 2030 여성들에게 강력 추천합니다. 가격대는 4만 5천 원대로 브랜드의 인지도와 소재 퀄리티를 고려했을 때 합리적인 편입니다. 데님 팬츠나 조거 팬츠와 매치하여 힙한 데일리룩을 완성하거나, 스커트와 함께 페미닌한 룩을 연출하기에도 손색없는 만능 아이템입니다.",,,,
여성_의류/09_1187467.pdf,[29CM 선오픈][시그니처] 데일리 2.0 브라렛 팬티 세트 - 6Colors,휘게 언더웨어 (HYGGE UNDERWEAR),여성_언더웨어,브라렛 팬티 세트,18720,하이게이지 심리스 원단 (홀가먼트 공법 적용),"세탁 시 패드 변형 주의, 미온수 손세탁 권장 (상세 페이지 및 라벨 참조)","S,M,L","S(90), M(95), L(100) (리뷰 기반 추정, 상세 사이즈표는 이미지 내 미포함)","스킨,블랙,그레이지,와인,인디핑크,블루그레이,라이트옐로우,핑크",자연스럽고 편안한 '휘게(Hygge)' 라이프스타일을 지향하는 무드입니다. 인위적인 연출보다는 일상 속에서의 휴식과 여유로움을 강조하고 있습니다.,"따뜻한 웜톤과 부드러운 뉴트럴 톤이 주를 이룹니다. 자연광을 활용한 컷은 생기 있는 색감을, 스튜디오 컷은 차분한 베이지 톤을 사용하여 피부 톤과 조화되는 색감을 보여줍니다.",야외 테라스의 정원과 흰색 벤치를 배경으로 하여 싱그러운 자연의 느낌을 줍니다. 또 다른 컷에서는 군더더기 없는 깔끔한 그레이/베이지 단색 배경을 사용하여 제품의 핏에 집중하게 합니다.,모델의 상반신과 허벅지 라인까지 보여주는 미디엄 샷 위주로 구성되어 있습니다. 제품의 착용 핏과 실루엣을 명확히 보여주면서도 모델의 자연스러운 표정을 담아 라이프스타일 화보 같은 느낌을 줍니다.,웨이브 헤어와 내추럴한 메이크업을 한 모델이 편안한 미소를 짓고 있습니다. 과도한 포즈보다는 벤치에 앉거나 바닥에 편하게 앉는 등 일상적인 자세를 취해 제품의 편안함을 대변합니다.,"봉제선이 없는 심리스 및 홀가먼트 공법으로 제작되어 매끄러운 실루엣이 특징입니다. 와이어와 후크가 없는 브라렛 디자인이며, 텍스트에 따르면 패드가 고정되어 있어 세탁이나 착용 시 움직임을 방지한 점이 돋보입니다.",브랜드명 '휘게'처럼 안락하고 따뜻한 감성을 일관되게 전달하는 브랜드입니다. 화려한 디자인보다는 기능성과 착용감을 최우선으로 하는 '데일리 언더웨어'로서의 포지셔닝이 명확합니다.,편안한 미소를 짓는 모델이 자연광 아래와 스튜디오에서 심리스 브라렛 세트를 착용하고 있는 이미지입니다. 부드러운 색감과 소재감을 강조하여 데일리 속옷으로서의 장점을 시각적으로 잘 표현했습니다.,전반적으로 채도가 낮고 부드러운 파스텔 및 어스(Earth) 톤을 사용하여 눈이 편안한 무드를 조성합니다. 따뜻한 햇살이 느껴지는 조명과 자연스러운 배경이 어우러져 '휴식'과 '편안함'이라는 키워드를 시각화합니다.,"야외 촬영에서는 자연광을 풍부하게 활용하여 피부의 질감과 제품의 색상을 화사하게 표현했습니다. 스튜디오 촬영은 부드러운 확산광을 사용하여 그림자를 최소화하고, 제품의 매끄러운 라인을 부각시키는 방식을 택했습니다.","야외 배경은 초록 식물과 벽돌, 흰 벤치가 어우러져 주말 오후의 여유로운 정원 같은 분위기를 자아냅니다. 실내 배경은 미니멀하고 모던한 공간감을 주어 제품 본연의 디자인에 집중할 수 있도록 연출되었습니다.","모델은 정면을 응시하며 환하게 웃거나, 무릎을 세우고 앉아 턱을 괴는 등 경직되지 않은 자연스러운 포즈를 취합니다. 이는 속옷이 몸을 조이지 않고 자유로운 움직임을 보장한다는 점을 간접적으로 보여줍니다.","스킨, 인디핑크, 그레이지 등 피부 톤과 유사하거나 차분하게 어우러지는 뉴트럴 컬러가 메인입니다. 여기에 와인, 블랙, 블루그레이 등 포인트가 되면서도 튀지 않는 딥한 컬러들이 더해져 차분한 팔레트를 구성합니다.",이번 '데일리 2.0' 라인은 기존의 편안함에 실용성을 더한 업그레이드 버전으로 보입니다. '홀가먼트'와 '패드 고정형'이라는 키워드는 기술적인 완성도를 높여 사용자의 불편함을 해소하려는 디자인 의도를 보여줍니다. 심미적으로는 장식을 배제한 미니멀리즘을 추구하여 겉옷에 자국이 남지 않는 기능적 디자인을 완성했습니다.,"휘게 언더웨어의 '데일리 2.0 브라렛 팬티 세트'는 29CM에서 2만 5천 개 이상의 리뷰가 증명하듯 압도적인 인기를 끄는 베스트셀러입니다. 이 제품은 '안 입은 듯한 편안함'을 최우선 가치로 내세우며, 와이어와 후크가 없는 심리스 디자인으로 장시간 착용에도 압박감이 없는 것이 가장 큰 장점입니다. 특히 기존 버전에서 패드가 돌아가는 단점을 보완하여 '패드 고정형'으로 리뉴얼된 점은 소비자의 피드백을 적극 반영한 결과로 보입니다.

시각적으로는 따뜻하고 내추럴한 무드의 룩북을 통해 브랜드가 추구하는 '휘게(편안함, 아늑함)'의 가치를 잘 전달하고 있습니다. 다양한 컬러 옵션(6가지 이상)과 폭넓은 사이즈 구성은 소비자의 선택권을 넓혀주며, 42% 할인된 1만 원대 후반의 가격은 가성비 면에서도 훌륭한 경쟁력을 갖췄습니다. 데일리로 입기 좋은 베이직한 디자인과 기능성 소재의 결합은 실용적인 속옷을 찾는 여성들에게 강력한 구매 포인트가 됩니다.",,,,
여성_의류/09_2850695.pdf,Sheer Tencel T-Shirts- 6Colors,무브웜 (Movewarm),요가/필라테스_상의,긴팔 티셔츠,46550,"Tencel 70%, Poly 30%",워낙 매끄러운 소재이기에 뜯김 현상이 발생할 수 있으니 조심히 다뤄주세요.,"S,M","S: 총길이 58.0, 가슴 너비 42.0, 소매 길이 66.5, 밑단 너비 41.0 / M: 총길이 61.0, 가슴 너비 44.0, 소매 길이 67.5, 밑단 너비 43.0","Day Pink,Snow,Green Grape,Melange Grey,Charcoal,Navy,Red,Custard,Mocha,Mint",자연스럽고 편안한 애슬레저 룩의 분위기를 강조하고 있습니다. 과장되지 않은 포즈와 부드러운 조명을 사용하여 일상과 운동의 경계를 허무는 내추럴한 무드를 연출합니다.,전체적으로 밝고 화사한 웜톤과 뉴트럴 톤이 조화를 이루고 있습니다. 배경은 깨끗한 화이트 톤으로 처리하여 제품의 다채로운 컬러감이 돋보이도록 구성되었습니다.,군더더기 없는 깔끔한 화이트 스튜디오 배경을 사용하여 시선을 오직 모델과 제품에 집중시킵니다. 별도의 소품 없이 여백의 미를 살려 제품의 핏과 소재감에 집중할 수 있는 환경을 조성했습니다.,"모델의 상반신을 중심으로 한 클로즈업 샷과 무릎 위까지 보여주는 미디엄 샷이 주를 이룹니다. 정면뿐만 아니라 측면, 팔을 뻗는 동작 등을 통해 옷의 활동성과 신축성을 시각적으로 잘 보여주는 구도입니다.",모델은 자연스러운 헤어스타일과 최소한의 메이크업으로 건강하고 청초한 이미지를 풍깁니다. 요가나 필라테스 동작을 연상시키는 스트레칭 포즈를 취하며 제품의 편안한 착용감을 몸소 표현하고 있습니다.,"얇고 비침이 있는 시어(Sheer)한 소재감이 가장 큰 특징이며, 이를 통해 레이어드 룩을 연출하기 좋습니다. 소매 끝에 엄지손가락을 끼울 수 있는 핑거홀 디테일이 있어 운동 시 소매가 말려 올라가는 것을 방지합니다.","무브웜은 '움직임'과 '따뜻함'이라는 이름처럼, 기능성에 충실하면서도 감성적인 디자인을 놓치지 않는 브랜드로 보입니다. 전문적인 운동복의 기능성과 일상복의 편안함을 동시에 추구하는 웰니스 라이프스타일 브랜드로서의 포지셔닝이 확실합니다.",부드러운 텐셀 소재의 긴팔 티셔츠를 입고 편안하게 움직이는 모델의 모습을 담았습니다. 다양한 컬러 옵션과 레이어드 스타일링을 통해 운동 전후나 일상에서도 활용 가능한 다재다능한 아이템임을 보여줍니다.,"전체적으로 차분하면서도 생동감 있는 '소프트 내추럴' 무드가 지배적입니다. 자극적이지 않은 파스텔 톤과 뉴트럴 컬러들이 주를 이루어 시각적으로 편안함을 주며, 건강한 라이프스타일을 지향하는 브랜드의 정체성을 잘 드러냅니다.","부드러운 확산광을 사용하여 그림자를 최소화하고 제품의 질감과 색상을 사실적으로 표현했습니다. 모델의 움직임을 포착하는 순간을 자연스럽게 담아내어, 정적인 룩북보다는 동적인 에너지가 느껴지는 촬영 방식을 택했습니다.","배경은 인위적인 세트장 느낌을 배제한 순수한 화이트 톤으로, 미니멀리즘을 지향합니다. 이는 복잡한 배경 요소 없이 제품의 실루엣과 소재의 투명함(Sheer)을 가장 효과적으로 보여주기 위한 의도된 연출입니다.","모델은 정형화된 패션 모델 포즈보다는 요가나 스트레칭 동작을 응용한 포즈를 주로 취하고 있습니다. 팔을 길게 뻗거나 상체를 비트는 등의 동작을 통해 원단의 신축성과 활동성을 직관적으로 전달하며, 편안한 표정으로 착용감을 강조합니다.","그린 그레이프(Green Grape), 데이 핑크(Day Pink) 등 자연에서 영감을 받은 듯한 싱그러운 컬러들이 돋보입니다. 여기에 멜란지 그레이, 차콜 같은 베이직한 컬러를 더해 포인트 룩과 데일리 룩 모두를 아우르는 폭넓은 컬러 구성을 보여줍니다.","'보여주는 이너웨어' 혹은 '레이어드에 최적화된 커버업'이라는 컨셉이 명확합니다. 텐셀 소재 특유의 찰랑거림과 은은한 비침을 디자인 요소로 활용하여, 안에 입는 탑의 컬러에 따라 다양한 분위기를 낼 수 있도록 의도된 디자인입니다.","무브웜의 'Sheer Tencel T-Shirts'는 요가나 필라테스를 즐기는 사람들에게 필수적인 커버업 아이템으로, 기능성과 스타일을 동시에 잡은 제품입니다. 텐셀 70%와 폴리 30%의 혼방 소재는 피부에 닿는 감촉이 매우 부드럽고 자극이 없어, 운동 중 땀이 나거나 예민한 피부를 가진 사용자에게도 적합합니다. 특히 얇고 비침이 있는 소재 특성상 브라탑 위에 가볍게 걸쳐 입기 좋으며, 계절에 구애받지 않고 사계절 내내 레이어드 아이템으로 활용도가 높습니다.

디자인적으로는 소매의 핑거홀 디테일이 돋보이는데, 이는 운동 시 소매를 고정해 주어 활동성을 높여줄 뿐만 아니라 팔을 더 길고 가늘어 보이게 하는 심미적 효과도 줍니다. 리뷰 데이터를 보면 '부들부들한 촉감'과 '예쁜 색감'에 대한 만족도가 매우 높으며, 일상복으로도 손색없다는 평이 많습니다. 다만 소재가 매우 얇고 매끄러워 뜯김에 주의해야 한다는 점은 구매 전 반드시 고려해야 할 사항입니다.

4만원 대의 가격은 소재의 퀄리티와 브랜드의 감성을 고려할 때 합리적인 편이며, 다양한 컬러 옵션은 재구매를 유도하는 강력한 포인트입니다. 'Green Grape'나 'Day Pink' 같은 포인트 컬러는 운동의 지루함을 덜어주고 기분을 전환시켜 주는 역할을 합니다. 결론적으로 이 제품은 운동복의 기능성에 충실하면서도, 일상 속에서 '꾸안꾸(꾸민 듯 안 꾸민 듯)' 스타일을 연출하고 싶은 2030 여성들에게 강력히 추천할 만한 아이템입니다.",,,,
여성_의류/09_3531081.pdf,"[25FW]_[민경, 묵화 PICK] 캐시미어 울 핸드메이드 하프 코트 그레이",몽돌 (MONGDOL),여성의류,하프코트,146300,"캐시미어, 울 (핸드메이드)",드라이클리닝 권장 (핸드메이드 울/캐시미어 소재 특성상 물세탁 지양),Free,"상세 사이즈 표기 없음 (리뷰 기반: 155cm~165cm, 45kg~79kg 다양한 체형 착용 가능, 오버핏)",GRAY,"모던하고 미니멀한 감성이 돋보이며, 일상 속에서 편안하게 입을 수 있는 데일리 룩의 분위기를 자아냅니다. 과하지 않은 세련됨과 차분한 느낌이 공존합니다.","전반적으로 차가운 계열의 그레이 톤이 주를 이루지만, 조명을 통해 부드럽고 따뜻한 질감을 살린 뉴트럴 톤입니다. 도시적이고 세련된 인상을 줍니다.",깔끔한 화이트 톤의 벽돌 또는 타일 질감이 느껴지는 배경을 사용하여 제품의 그레이 컬러가 돋보이도록 연출했습니다. 군더더기 없는 배경은 인물의 스타일링에 집중하게 만듭니다.,모델의 상반신과 무릎 위까지 오는 코트의 기장감을 보여주는 미디엄 샷 위주로 구성되어 있습니다. 제품의 핏과 전체적인 실루엣을 명확하게 보여주는 구도입니다.,긴 생머리의 모델이 자연스러운 메이크업을 하고 편안한 표정으로 코트를 착용하고 있습니다. 억지스러운 포즈보다는 주머니에 손을 넣거나 자연스럽게 서 있는 자세를 취해 옷의 편안함을 강조합니다.,"핸드메이드 특유의 유려한 곡선과 부드러운 어깨 라인이 돋보이는 하프 기장의 코트입니다. 싱글 버튼 디자인으로 단정함을 주며, 넉넉한 오버핏 실루엣이 다양한 이너와 매치하기 좋아 보입니다.","몽돌은 합리적인 가격대에 트렌디하면서도 질리지 않는 베이직한 아이템을 선보이는 브랜드로 보입니다. 인플루언서(민경, 묵화)의 PICK을 내세워 2030 여성들의 취향을 정확히 타겟팅하고 있습니다.",세련된 그레이 컬러의 핸드메이드 하프 코트를 입은 모델이 모던한 배경에서 포즈를 취하고 있습니다. 캐시미어 혼방 소재의 부드러운 질감과 여유로운 오버핏 실루엣이 잘 드러나는 이미지입니다.,전체적으로 차분하고 안정감 있는 어반 시크(Urban Chic) 무드입니다. 겨울철 차가운 공기와 잘 어울리는 그레이 색감을 통해 지적이고 단정한 분위기를 연출하고 있습니다.,"인물과 옷의 질감을 살리기 위해 부드러운 확산광을 사용한 것으로 보이며, 그림자를 최소화하여 옷의 디테일을 명확히 보여줍니다. 정면 및 측면 앵글을 활용해 핏을 다각도로 보여줍니다.",스튜디오 내부의 텍스처가 있는 화이트 월을 배경으로 하여 깨끗하고 정돈된 느낌을 줍니다. 복잡한 소품 없이 인물과 코트에만 시선이 집중되도록 미니멀하게 연출되었습니다.,모델은 정면을 응시하거나 살짝 측면을 바라보며 자연스러운 시선 처리를 하고 있습니다. 주머니에 손을 넣거나 팔을 자연스럽게 내리는 등 일상적인 움직임을 포착하여 편안한 착용감을 시각적으로 전달합니다.,"메인 컬러인 미디엄 그레이를 중심으로, 배경의 화이트와 모델의 블랙 헤어 컬러가 대비를 이루며 모노톤의 조화를 이룹니다. 전체적으로 채도가 낮아 차분한 인상을 줍니다.",활동성이 좋은 하프 기장과 보온성을 갖춘 핸드메이드 공법을 결합하여 실용성과 스타일을 동시에 잡은 디자인입니다. 유행을 타지 않는 클래식한 싱글 코트 디자인에 오버핏을 더해 트렌디한 실루엣을 완성했습니다.,"이 제품은 몽돌(MONGDOL)의 25FW 시즌 주력 상품으로, 인플루언서 민경과 묵화가 선택한 캐시미어 울 핸드메이드 하프 코트입니다. 정가 28만원대에서 48% 할인된 14만원대의 합리적인 가격으로 구매 가능하며, 캐시미어와 울 혼방 소재를 사용하여 핸드메이드 코트 특유의 가벼움과 보온성을 동시에 갖춘 것으로 보입니다. 특히 '그레이' 컬러는 블랙 롱코트를 이미 소유한 고객들에게 훌륭한 대안이 되며, 리뷰에서도 색감이 단정하고 예쁘다는 평이 많습니다.

사이즈는 프리(Free) 사이즈 하나로 출시되었으나, 리뷰를 분석해보면 155cm의 아담한 체형부터 165cm 이상의 체형까지 두루 착용 가능한 오버핏 스타일입니다. 40kg대 마른 체형의 고객에게는 다소 크다는 의견이 있으나, 겨울철 두꺼운 이너를 입기에는 적합한 넉넉한 품을 가지고 있습니다. 79kg의 고객도 잘 맞는다고 리뷰한 것으로 보아 사이즈 수용 범위가 매우 넓은 편안한 루즈핏 코트임을 알 수 있습니다.

디자인적으로는 무릎 위로 올라오는 하프 기장이라 롱코트보다 활동성이 좋고, 운전이나 대중교통 이용 시에도 편리하다는 장점이 있습니다. 소재에 대한 만족도가 높아 '보들보들하다', '원단이 부드럽다'는 평이 다수 존재합니다. 다만 새 상품의 경우 주머니가 가봉되어 있어 막혀있는 경우가 있으니 착용 전 이를 제거해야 한다는 점을 Q&A를 통해 확인할 수 있습니다.

종합적으로 이 코트는 가을부터 초겨울, 그리고 이너를 든든히 챙겨 입으면 한겨울까지 활용 가능한 데일리 아우터입니다. 유행을 타지 않는 베이직한 디자인과 고급스러운 그레이 컬러, 그리고 핸드메이드 특유의 고급스러운 질감을 합리적인 가격에 경험하고 싶은 2030 여성들에게 강력히 추천할 만한 아이템입니다.",,,,
여성_의류/10_3531081.pdf,"[25FW]_[민경, 묵화 PICK] 캐시미어 울 핸드메이드 하프 코트 그레이 MDCT013GRAY",몽돌 (MONGDOL),여성의류 > 아우터 > 하프코트,하프코트,146300,"캐시미어, 울 혼방 (상세 혼용률 텍스트 미기재, 제목 및 리뷰 참조)","드라이클리닝 권장 (핸드메이드 울/캐시미어 소재 특성상 일반적인 세탁 불가, 상세 텍스트에는 미기재되나 소재 특성상 필수)",Free,"상세 치수 표기 없음. (리뷰 참조: 155cm~165cm 다양한 체형이 착용, 오버핏으로 넉넉하게 나왔다는 평이 지배적임)","GRAY,BLACK,OATMEAL,BUTTER","차분하고 세련된 도시적인 분위기를 자아내며, 과하지 않은 자연스러운 멋스러움을 추구합니다. 카페나 일상적인 공간에서의 편안함과 스튜디오의 정제된 느낌이 공존합니다.",전반적으로 그레이와 무채색 계열이 주를 이루는 쿨톤과 뉴트럴톤의 조화입니다. 차가운 도시적 감성보다는 부드럽고 따뜻한 질감이 느껴지는 소프트한 톤앤매너를 유지하고 있습니다.,타일 벽면이 있는 카페(Anderson C Quad) 배경과 깔끔한 단색 스튜디오 배경이 혼용되어 있습니다. 이는 일상 속에서의 착용 샷과 제품 본연의 색감을 보여주는 룩북 컷을 동시에 보여주기 위함입니다.,"모델의 상반신과 무릎 위까지 오는 하프 기장감을 보여주는 미디엄 샷 위주로 구성되어 있습니다. 정면 샷을 통해 코트의 전체적인 실루엣과 벨트 디테일을 강조하고, 컬러별 정렬 컷으로 옵션을 한눈에 보여줍니다.",모델은 자연스러운 긴 생머리에 차분한 메이크업을 하고 있어 코트의 모던한 느낌을 잘 살려줍니다. 카메라를 응시하며 부드러운 미소를 짓거나 주머니에 손을 넣는 등 편안하면서도 자신감 있는 포즈를 취하고 있습니다.,"핸드메이드 특유의 유려한 곡선과 봉제선이 특징이며, 허리 벨트가 있어 실루엣 조절이 가능합니다. 넓은 카라 디자인이 얼굴을 작아 보이게 하며, 엉덩이를 덮는 하프 기장으로 활동성과 보온성을 동시에 챙긴 디자인입니다.","몽돌(MONGDOL)은 트렌디하면서도 기본에 충실한 디자인을 합리적인 가격대에 제안하는 브랜드로 보입니다. 인플루언서(민경, 묵화)의 PICK을 내세워 2030 여성들의 워너비 스타일을 공략하고 있으며, 높은 할인율과 리뷰 수는 대중적인 인기를 증명합니다.","세련된 그레이 컬러의 캐시미어 블렌드 하프 코트를 입은 모델이 모던한 공간에서 포즈를 취하고 있습니다. 부드러운 소재감과 여유로운 핏이 돋보이며, 데일리 룩으로 활용하기 좋은 편안하고 고급스러운 아우터입니다.","전체적으로 차분하고 모던한 '어반 시크(Urban Chic)' 무드를 지향하고 있습니다. 그레이, 오트밀, 블랙 등 뉴트럴 컬러 팔레트를 사용하여 안정감 있고 고급스러운 분위기를 연출하며, 겨울철 데일리 룩에 적합한 따뜻하고 감성적인 톤을 유지합니다.","자연광과 실내 조명을 적절히 활용하여 옷의 텍스처와 색감을 사실적으로 표현했습니다. 인물 중심의 라이프스타일 컷은 배경의 질감(타일 등)을 살려 깊이감을 주었고, 제품 나열 컷은 그림자를 최소화하여 컬러 비교가 용이하도록 깔끔하게 촬영되었습니다.",빈티지한 레터링과 타일이 있는 카페 공간을 배경으로 활용하여 트렌디하고 감각적인 '핫플레이스' 방문 룩을 연상시킵니다. 이는 소비자로 하여금 이 옷을 입고 외출했을 때의 기분을 간접적으로 느끼게 하는 라이프스타일 친화적인 배경 설정입니다.,모델은 과도한 하이패션 포즈보다는 주머니에 손을 넣거나 자연스럽게 서 있는 등 일반 소비자가 따라 하기 쉬운 현실적인 포즈를 취하고 있습니다. 벨트를 묶어 허리 라인을 강조하거나 오픈해서 입는 등 다양한 연출법을 자연스러운 움직임 속에서 보여줍니다.,"메인 컬러인 그레이(Gray)를 중심으로 오트밀(Oatmeal), 블랙(Black), 버터(Butter) 등 부드럽고 활용도 높은 4가지 컬러 구성을 보여줍니다. 전반적으로 채도가 낮고 명도가 부드러운 소프트 톤으로 구성되어 있어 어떤 이너와도 매치하기 쉬운 컬러감입니다.","미니멀리즘을 기반으로 한 '핸드메이드 하프 코트'로, 군더더기 없는 깔끔한 실루엣이 핵심 컨셉입니다. 넉넉한 오버핏에 드롭 숄더 라인을 적용하여 여리여리한 느낌을 주면서도, 캐시미어 혼방 소재를 사용하여 고급스러움을 놓치지 않았습니다. 활동성이 좋은 하프 기장에 벨트 디테일을 더해 클래식함과 캐주얼함을 동시에 잡은 디자인입니다.","몽돌의 25FW 캐시미어 울 핸드메이드 하프 코트는 합리적인 가격대에 고급스러운 소재감을 즐길 수 있는 가성비 높은 아우터입니다. 캐시미어가 함유되어 일반 울 코트보다 터치감이 부드럽고 유연하며, 핸드메이드 공법 특유의 가벼우면서도 몸을 타고 흐르는 핏이 매력적입니다. 특히 엉덩이를 덮는 적당한 하프 기장은 롱코트가 부담스럽거나 운전 등 활동량이 많은 분들에게 최적의 선택지가 될 것입니다.

사이즈는 'Free' 단일 사이즈로 출시되었으나, 리뷰를 종합해보면 155cm부터 165cm 이상까지 다양한 체형을 커버하는 넉넉한 오버핏입니다. 체구가 작은 분들에게는 소매가 길거나 품이 클 수 있으나, 겨울철 두꺼운 니트를 껴입기에는 오히려 장점이 됩니다. 허리 스트랩을 활용하면 부해 보이는 느낌 없이 여성스러운 라인을 연출할 수 있어 스타일링의 폭이 넓습니다.

디자인적으로는 유행을 타지 않는 클래식한 카라와 히든 포켓 디테일이 돋보이며, 그레이 컬러는 쿨톤과 웜톤 모두에게 무난하게 어울리는 세련된 색감으로 뽑혔습니다. 다만 핸드메이드 코트 특성상 한겨울 한파에는 단독 착용이 추울 수 있으므로 경량 패딩 등과 레이어드하는 것이 좋습니다. 주머니가 박음질되어 오는 경우 뜯어서 사용해야 한다는 점은 구매 전 참고해야 할 디테일입니다.

결론적으로 이 제품은 '휘뚜루마뚜루' 입기 좋은 데일리 코트를 찾는 2030 여성들에게 강력 추천합니다. 10만원 중반대의 가격으로 캐시미어 혼방의 핸드메이드 코트를 소장할 수 있다는 점은 큰 메리트이며, 슬랙스, 데님, 스커트 등 어떤 하의와도 매치하기 쉬워 겨울철 교복 코트로 활용도가 매우 높을 것으로 예상됩니다.",,,,
여성_의류/11_3410043.pdf,[Rosie Pink 3/24] [29CM 단독] [커치프 SET] 에센셜 라운드 가디건 10Color,하네 (HANE),여성_의류,가디건,47600,"도톰하고 탄탄한 니트 소재 (상세 혼용률 미표기, 리뷰 상 두께감 있는 소재)",상세페이지 참조 (일반적인 니트류는 드라이클리닝 권장),"S,M",상세 페이지 내 사이즈 표 참조 (리뷰 상 정사이즈 또는 여유 있는 핏으로 묘사됨),"Olive,Ink Black,Oatmeal,Deep Navy,Rosie Pink,Coco Brown,Banana,Melange,Vanilla,Beige",차분하고 감성적인 데일리 룩 무드입니다. 과하지 않은 자연스러운 연출을 통해 편안하면서도 세련된 느낌을 줍니다. 미니멀리즘을 기반으로 한 프렌치 시크 감성이 돋보입니다.,"전체적으로 웜톤의 베이지, 브라운, 오트밀 컬러가 주를 이루며 따뜻하고 부드러운 인상을 줍니다. 자연광을 활용한 듯한 밝고 은은한 톤 앤 매너가 특징입니다.","깔끔한 화이트 톤의 실내 스튜디오와 자연스러운 일상 공간(카페, 계단, 야외)이 혼합되어 있습니다. 배경을 단순화하여 인물과 제품의 핏, 컬러감에 집중하도록 연출했습니다.",모델의 상반신 위주 클로즈업과 전신 샷이 적절히 섞여 있어 핏과 디테일을 확인하기 좋습니다. 특히 '인플루언서 스타일링' 섹션에서는 거울 셀카나 자연스러운 스냅 사진 구도를 사용하여 라이프스타일 속 착용 모습을 보여줍니다.,모델들은 자연스러운 메이크업과 헤어스타일로 편안한 일상 속 모습을 연출하고 있습니다. 정면을 응시하거나 자연스럽게 시선을 돌리는 등 과장되지 않은 포즈로 제품의 웨어러블함을 강조합니다. 머리띠나 스카프를 활용해 소녀스럽거나 힙한 분위기를 동시에 보여줍니다.,"라운드 넥 디자인의 가디건으로, 동일 소재의 커치프(스카프)가 세트로 구성된 것이 가장 큰 특징입니다. 스카프를 목에 두르거나 머리에 써서 바라클라바처럼 연출하는 등 다양한 스타일링이 가능합니다. 단추 색상이 원단과 조화롭게 매치되어 있으며, 핏은 너무 루즈하지 않고 적당히 여유 있는 스탠다드 핏입니다.","하네(HANE)는 기본에 충실하면서도 트렌디한 디테일을 한 스푼 더한 에센셜 아이템을 선보이는 브랜드로 보입니다. 합리적인 가격대에 활용도 높은 디자인을 제안하며, 2030 여성들의 데일리 룩을 타겟팅하고 있습니다.",베이지색 라운드 가디건과 커치프를 매치한 모델이 깔끔한 배경에서 포즈를 취하고 있습니다. 인플루언서들의 다양한 착용 컷을 통해 스카프를 활용한 다채로운 코디법을 제안합니다.,"전체적으로 따뜻하고 아늑한 웜톤 계열의 색감이 지배적이며, 편안한 일상의 여유로움이 느껴집니다. 채도가 높지 않은 차분한 컬러들을 사용하여 고급스럽고 감성적인 분위기를 자아냅니다. 계절감으로는 가을과 겨울의 포근함을 담고 있습니다.","스튜디오 촬영은 부드러운 확산광을 사용하여 그림자를 최소화하고 제품의 질감을 잘 살렸습니다. 반면 인플루언서 컷은 자연광이나 실내 조명을 활용한 스냅 사진 형식으로, 실제 착용했을 때의 자연스러운 느낌을 강조했습니다. 다양한 앵글(정면, 측면, 거울 셀카)을 통해 지루하지 않게 구성했습니다.","메인 룩북은 군더더기 없는 아이보리/화이트 톤의 벽을 배경으로 하여 제품의 컬러와 실루엣에 온전히 집중하게 합니다. 서브 이미지들은 카페, 계단, 야외 등 일상적인 공간을 배경으로 하여 '어디서나 입기 좋은 옷'이라는 메시지를 전달합니다.",모델은 주머니에 손을 넣거나 자연스럽게 서 있는 등 경직되지 않은 편안한 포즈를 취하고 있습니다. 특히 커치프를 활용할 때는 머리에 쓰거나 목에 두르는 동작을 자연스럽게 보여주며 아이템의 활용도를 시각적으로 설명합니다. 시선 처리가 자연스러워 소비자가 자신을 대입해 보기 쉽습니다.,"베이지, 오트밀, 브라운 등 뉴트럴 컬러를 베이스로 하여 안정감을 줍니다. 여기에 핑크, 올리브, 네이비, 잉크 블랙 등 포인트가 되면서도 데일리로 활용 가능한 10가지의 다채로운 컬러 옵션을 제공합니다. 전반적으로 차분하고 뮤트한 톤으로 구성되어 있습니다.",클래식한 라운드 넥 가디건에 트렌디한 커치프(스카프)를 세트로 구성하여 '가성비'와 '스타일'을 동시에 잡은 디자인입니다. 단순한 아우터를 넘어 액세서리 활용에 따라 귀여운 느낌부터 힙한 느낌까지 다양한 무드 변주가 가능하도록 기획되었습니다. 베이직한 실루엣이라 유행을 타지 않으면서도 디테일로 차별화를 둔 영리한 컨셉입니다.,"이 제품은 하네(HANE) 브랜드의 시그니처 아이템인 '에센셜 라운드 가디건'으로, 동일 소재의 커치프가 세트로 구성되어 있어 활용도가 매우 높은 상품입니다. 10가지의 다양한 컬러 옵션과 S, M 사이즈 구성으로 선택의 폭이 넓으며, 리뷰 수 1,500개 이상이 증명하듯 대중적인 인기를 얻고 있습니다. 특히 4만원 후반대의 합리적인 가격에 가디건과 스카프를 동시에 소장할 수 있다는 점이 가장 큰 구매 포인트로 작용합니다.

디자인적으로는 군더더기 없는 깔끔한 라운드 넥과 적당한 두께감의 니트 소재가 특징입니다. 리뷰에 따르면 소재가 탄탄하고 도톰하여 흐물거리지 않고 핏을 잘 잡아준다는 평이 많습니다. 커치프는 목에 리본으로 묶어 러블리하게 연출하거나, 머리에 써서 바라클라바처럼 힙하게 스타일링할 수 있어 하나의 옷으로 여러 가지 분위기를 낼 수 있습니다.

29CM 단독 상품으로 희소성이 있으며, 인플루언서들의 다양한 스타일링 컷을 통해 코디에 대한 영감을 제공합니다. 웜톤과 쿨톤을 아우르는 다채로운 컬러 팔레트는 소비자의 퍼스널 컬러에 맞춰 구매하기 좋습니다. 다만 배송 관련 문의가 Q&A에 다수 보이는 점을 고려할 때, 예약 배송 일정을 꼼꼼히 확인하고 여유 있게 주문하는 것이 좋겠습니다. 전반적으로 가을, 겨울, 초봄까지 데일리 아우터 혹은 이너로 활용하기 좋은 '휘뚜루마뚜루' 아이템입니다.",,,,
여성_의류/11_3720058.pdf,[02.06 예약 발송]슈나 레이어드 세트_2COLORS,메리온 (MERRYON),여성의류,니트 세트 (가디건/탑 + 뷔스티에),55200,"부드럽고 얇은 니트 소재 (상세 혼용률 미기재, 리뷰상 맨살 착용 가능할 정도로 부드러움)","소재가 얇고 올 풀림에 약하므로 드라이클리닝 또는 주의 깊은 단독 손세탁 권장 (상세 라벨 미표기, 리뷰 기반 추론)",Free,상세 치수 텍스트 없음 (리뷰상 44~55반 사이즈 착용자가 '잘 맞아요'라고 응답함),"BEIGE,BLACK",여리여리하고 감성적인 페미닌 무드,따뜻하고 부드러운 웜톤의 크림/베이지 색감,"깔끔한 화이트 톤의 실내 공간 및 계단, 미니멀하고 정돈된 배경","상반신 위주의 클로즈업 및 미디엄 샷, 의상의 텍스처와 레이어드 디테일 강조",얼굴을 일부 가리거나 상반신에 집중하여 의상의 핏을 강조함. 마른 체형으로 제품의 루즈하고 여리여리한 핏을 잘 살려내고 있음.,속이 은은하게 비치는 얇은 골지 니트 소재의 긴팔 탑과 뷔스티에가 세트로 구성됨. 레이어드하여 입었을 때 여성스러운 실루엣이 연출됨.,메리온은 일상 속에서 자연스럽게 묻어나는 로맨틱하고 감성적인 룩을 제안하는 브랜드로 보입니다. 과한 디테일보다는 소재감과 핏으로 분위기를 연출하는 데 강점이 있습니다.,크림 베이지 컬러의 니트 레이어드 세트를 입은 모델이 실내에서 자연스러운 포즈를 취하고 있습니다. 얇은 소재감과 뷔스티에 디테일이 돋보이는 감성적인 사진입니다.,전체적으로 채도가 낮고 명도가 높은 크림빛이 감도는 따뜻하고 포근한 톤앤무드입니다. '여리여리함'과 '청순함'을 키워드로 하는 감성적인 분위기가 사진 전반에 흐르고 있습니다.,자연광과 유사한 부드러운 조명을 사용하여 니트의 포슬포슬한 텍스처를 잘 살렸습니다. 심도를 얕게 하여 배경을 정리하고 피사체인 옷에 시선이 집중되도록 촬영했습니다.,특별한 소품 없이 깨끗한 벽이나 계단 등 일상적인 실내 공간을 배경으로 하여 데일리웨어로서의 활용성을 암시합니다. 차분하고 정적인 공간감이 제품의 여성스러운 분위기를 뒷받침합니다.,"모델은 과도한 움직임보다는 정적이고 차분한 포즈를 취하며, 손으로 옷을 살짝 잡거나 자연스럽게 늘어뜨려 편안한 착용감을 시각적으로 전달합니다. 목선과 쇄골 라인을 강조하는 자세가 많습니다.","주요 컬러는 크림, 아이보리, 라이트 베이지와 같은 소프트한 뉴트럴 컬러입니다. 텍스트상 블랙 옵션도 존재하여, 전체적으로 차분하고 베이직한 컬러 구성을 보여줍니다.","이 제품은 '레이어드'와 '시스루'를 핵심 컨셉으로 하여, 얇은 이너 니트 위에 뷔스티에를 덧입는 방식의 투피스 디자인입니다. 단독으로 입기엔 부담스러울 수 있는 얇은 소재를 세트로 구성하여 보온성과 스타일을 동시에 잡았으며, 페미닌한 무드를 극대화했습니다.","메리온의 '슈나 레이어드 세트'는 얇고 부드러운 니트 소재를 활용하여 여성스럽고 가녀린 실루엣을 연출해주는 아이템입니다. 긴팔 탑과 뷔스티에가 한 세트로 구성되어 있어 따로 코디할 필요 없이 완성도 높은 룩을 즐길 수 있으며, 리뷰에 따르면 맨살에 입어도 될 정도로 촉감이 매우 부드럽다는 점이 큰 장점입니다. 다만 소재 특성상 올 풀림에 주의해야 한다는 의견이 있어 관리에 신경을 써야 할 것으로 보입니다.

현재 20% 할인된 가격과 예약 배송으로 진행되는 점을 미루어 보아 인기가 많은 상품임을 알 수 있습니다. 베이지와 블랙 두 가지 기본 컬러로 출시되어 다양한 하의와 매치하기 좋으며, 다가오는 봄 시즌에 단독으로 혹은 아우터 안에 이너로 활용하기에 적합합니다. '여리여리한' 핏을 선호하고 감성적인 데일리룩을 찾는 2030 여성들에게 특히 추천할 만한 제품입니다.",,,,
여성_의류/12_3410565.pdf,Reversible 3/4 Sleeve Tee_Ivory,108파운드 (108POUND),여성_의류,긴소매 티셔츠,33350,Cotton 100%,"상세 페이지에 명시되지 않았으나, 면 100% 소재 특성상 찬물 세탁이나 손세탁을 권장하며 건조기 사용은 피하는 것이 좋습니다.",FREE,"Hemline 36, Shoulder 37, Armholes 20, Sleeve Length 42, Length 50 (단위: cm, 단면 기준)",IVORY,편안하고 자연스러운 일상 속의 분위기를 담고 있습니다. 과하게 꾸미지 않은 듯한 '꾸안꾸' 스타일의 미니멀하고 차분한 감성이 느껴집니다. 카페나 실내 공간에서의 여유로운 순간을 포착하여 감성적인 무드를 연출했습니다.,"전반적으로 따뜻한 웜톤의 조명이 감도는 실내 톤입니다. 아이보리 컬러의 상의와 대비되는 짙은 블루 테이블, 그리고 우드 톤의 배경이 어우러져 아늑하고 부드러운 인상을 줍니다.","우드 소재의 벽면과 짙은 파란색 테이블이 있는 카페나 식당으로 보입니다. 인위적인 스튜디오 배경이 아닌, 실제 생활 공간 같은 자연스러운 장소를 선택하여 라이프스타일 룩북의 느낌을 강조했습니다.","모델의 상반신을 중심으로 한 미디엄 샷과 클로즈업 샷이 주를 이룹니다. 모델이 카메라를 응시하기보다 메뉴판을 보거나 자연스럽게 행동하는 순간을 포착하여, 인위적인 포즈를 배제한 캔디드(Candid) 스타일의 구도를 취하고 있습니다.","긴 생머리를 자연스럽게 묶거나 늘어뜨린 스타일로, 청순하고 내추럴한 이미지를 풍깁니다. 화려한 메이크업보다는 수수한 모습으로 제품의 심플한 매력을 돋보이게 하며, 일상 속에서 편안하게 옷을 즐기는 모습을 연출하고 있습니다.","앞뒤 구분 없이 착용 가능한 리버서블 디자인으로, 넥라인의 깊이에 따라 두 가지 스타일링이 가능한 것이 가장 큰 특징입니다. 7부 소매 기장으로 손목을 드러내어 여리여리한 느낌을 주며, 몸에 적당히 붙는 슬림핏 실루엣이 여성스러운 라인을 살려줍니다.","108파운드는 기본에 충실하면서도 실용적인 디테일을 더한 데일리웨어를 지향하는 것으로 보입니다. 유행을 크게 타지 않는 미니멀한 디자인과 활용도 높은 아이템을 통해, 일상 속에 자연스럽게 스며드는 편안한 감성을 제안하는 브랜드입니다.","따뜻한 조명 아래 카페에서 메뉴를 고르는 듯한 자연스러운 모델의 모습을 통해 편안한 착용감을 강조한 이미지입니다. 아이보리 컬러의 깨끗함과 7부 소매의 경쾌함이 돋보이며, 일상적인 순간을 감성적으로 담아냈습니다.","전체적으로 차분하고 아늑한 웜톤 베이스에 내추럴한 무드가 지배적입니다. 화려함보다는 소박하고 정갈한 느낌을 주며, 필름 카메라로 찍은 듯한 약간의 빈티지한 감성도 묻어납니다.","자연광과 실내 조명이 섞인 듯한 부드러운 빛을 활용하여 인물의 피부 톤과 옷의 질감을 자연스럽게 표현했습니다. 하이앵글이나 정면 앵글을 섞어 쓰며, 피사체에 집중하되 배경을 적절히 아웃포커싱하거나 색감 대비를 주어 시선을 유도했습니다.","편안한 휴식을 취할 수 있는 카페나 비스트로 같은 공간을 배경으로 설정했습니다. 우드와 딥 블루 컬러의 가구 배치를 통해 모던하면서도 빈티지한 공간감을 조성하여, 옷의 아이보리 컬러가 더욱 화사하게 보이도록 연출했습니다.",카메라를 의식하지 않고 자신의 할 일에 집중하는 듯한 자연스러운 포즈가 특징입니다. 고개를 숙이거나 손을 사용하는 등의 일상적인 제스처를 통해 옷의 활동성과 편안한 핏을 간접적으로 보여줍니다.,"제품의 메인 컬러인 아이보리(Ivory)를 중심으로, 배경의 딥 블루(Deep Blue), 우드 브라운(Wood Brown), 그리고 모델의 헤어 컬러인 다크 브라운(Dark Brown)이 조화로운 팔레트를 이룹니다.",'Reversible'과 'Two-way'라는 키워드에서 알 수 있듯이 실용성과 다양성을 핵심 컨셉으로 잡았습니다. 하나의 옷으로 라운드넥과 보트넥/U넥의 느낌을 모두 낼 수 있게 하여 미니멀리즘 속에서도 기능적 가치를 추구한 디자인입니다.,"이 제품은 108파운드의 'Reversible 3/4 Sleeve Tee'로, 앞뒤 구분 없이 착용 가능한 투웨이(Two-way) 디자인이 돋보이는 아이템입니다. 한쪽은 일반적인 라운드넥, 다른 한쪽은 조금 더 깊게 파인 넥라인으로 제작되어 그날의 기분이나 코디에 따라 다양하게 연출할 수 있는 높은 활용도를 자랑합니다. 7부 소매 기장은 간절기에 단독으로 입거나 아우터 안에 이너로 매치하기에 적합하며, 손목을 드러내어 여성스러운 분위기를 더해줍니다.

면 100% 소재를 사용하여 피부에 닿는 촉감이 부드럽고 쾌적하며, 세탁 후 관리도 비교적 용이할 것으로 보입니다. 상세 사이즈와 모델 착용 컷을 볼 때, 몸을 부드럽게 감싸는 슬림핏 실루엣으로 제작되어 상체 라인을 날씬하게 보여주는 효과가 있습니다. 신축성이 있는 골지 원단이나 톡톡한 면 소재로 추정되어 착용감이 편안하다는 리뷰가 많으며, 허리 라인이 살짝 들어가 있어 페미닌한 무드를 연출하기 좋습니다.

평소 미니멀하고 깔끔한 룩을 선호하는 2030 여성들에게 추천할 만한 기본 아이템입니다. 청바지나 슬랙스와 매치하여 캐주얼하게 입거나, 스커트와 함께 매치하여 차분한 데이트룩을 완성하기에도 좋습니다. 특히 여행지에서 짐을 줄여야 할 때, 하나의 옷으로 두 가지 느낌을 낼 수 있어 실용적인 여행룩으로도 손색이 없습니다.

전반적으로 가격 대비 활용도가 높고 핏이 예쁘다는 긍정적인 평가가 주를 이루는 제품입니다. 다만, 슬림핏 특성상 체형에 따라 사이즈 선택에 유의해야 하며, 밝은 아이보리 컬러의 경우 비침이 있을 수 있으므로 스킨톤 이너 착용을 권장합니다. 기본에 충실하면서도 디테일한 변주를 준 티셔츠를 찾는다면 만족스러운 선택이 될 것입니다.",,,,
여성_의류/13_3424616.pdf,[2PACK] (uni) 에반 피치 플러프 긴팔 잠옷 세트,오프아워 (OFFHOUR),홈웨어,잠옷 세트,47410,피치 기모 (Peach Fluff) 원단,상세 세탁법 텍스트 부재 (일반적인 피치 기모 소재는 미온수 중성세제 세탁 및 건조기 사용 지양 권장),"M,L,XL","상세 사이즈표 이미지 내 부재 (리뷰 참조: 160cm/60kg L 착용, 185cm/75kg XL 착용 시 여유 있음)",BLUE STRIPE,이미지는 전체적으로 밝고 경쾌하며 사랑스러운 커플의 분위기를 자아냅니다. 장난기 넘치는 포즈와 표정을 통해 편안하고 즐거운 홈웨어의 본질을 잘 표현하고 있습니다.,"화이트와 파스텔 블루가 주를 이루는 쿨톤 베이스에, 인물의 피부톤과 소품(분홍색 연필)이 웜한 포인트를 주어 생기 있는 톤을 형성합니다. 전체적으로 채도가 적당하고 명도가 높은 'High Key' 톤입니다.",피사체에 온전히 집중할 수 있도록 장식이나 가구가 없는 깨끗한 아이보리 또는 화이트 톤의 단색 배경을 사용했습니다. 이는 잠옷의 스트라이프 패턴을 더욱 돋보이게 하며 깔끔한 인상을 줍니다.,남녀 모델이 나란히 앉아 상반신 위주로 촬영된 미디엄 클로즈업 샷입니다. 두 모델이 머리를 맞대고 대칭적인 구도를 이루고 있어 커플 아이템으로서의 통일감을 강조합니다.,"남녀 모델 모두 자연스러운 헤어 스타일링과 메이크업으로 집에서의 편안한 모습을 연출했습니다. 특히 인중과 코 사이에 연필을 끼우고 입술을 내미는 장난스러운 표정을 지어, 격식 없는 친밀함과 유쾌함을 보여줍니다.","클래식한 카라 디자인과 앞단추 여밈이 있는 셔츠형 잠옷으로, 시원하고 깔끔한 블루 스트라이프 패턴이 특징입니다. '피치 플러프'라는 이름처럼 원단 표면이 복숭아 털처럼 부드럽게 가공되어 있어 시각적으로도 포근해 보입니다.",오프아워는 'OFFHOUR'라는 이름처럼 휴식 시간에 입는 편안하고 감각적인 라이프스타일 웨어를 지향하는 것으로 보입니다. 단순한 잠옷을 넘어 커플이나 가족이 함께 즐길 수 있는 즐거운 문화를 제안하는 브랜드 이미지를 구축하고 있습니다.,장난기 넘치는 커플이 블루 스트라이프 잠옷을 입고 유쾌한 표정을 짓고 있는 스튜디오 컷입니다. 편안함과 스타일을 동시에 추구하는 홈웨어의 매력을 잘 보여줍니다.,"전반적으로 깨끗하고 화사한 '소프트 & 라이트' 톤을 유지하여 아침의 상쾌함이나 주말의 여유로움을 연상시킵니다. 무겁거나 진지하지 않고, 팝하고 캐주얼한 무드를 통해 젊은 타겟층에게 어필하고 있습니다.","부드러운 확산광을 사용하여 그림자를 최소화하고 모델들의 피부와 옷의 질감을 부드럽게 표현했습니다. 정면 앵글을 사용하여 모델들이 소비자와 눈을 맞추는 듯한 친근감을 형성하며, 소품(연필)을 활용해 위트 있는 연출을 더했습니다.","복잡한 생활 공간 대신 미니멀한 스튜디오 배경을 선택하여 '휴식'이라는 추상적인 개념을 시각화했습니다. 배경의 여백은 제품의 패턴과 모델의 표정에 시선이 머물게 하는 역할을 하며, 모던하고 세련된 룩북 분위기를 완성합니다.","정형화된 패션 모델의 포즈가 아닌, 실제 연인이나 친구 사이에서 나올법한 장난스러운 제스처를 취하고 있습니다. 서로 머리를 맞대거나 소품을 활용해 얼굴을 찌푸리는 등의 포즈는 제품의 편안한 착용감을 간접적으로 전달합니다.","주요 컬러는 잠옷의 '스카이 블루'와 '화이트'이며, 여기에 모델의 피부색인 '베이지/피치' 톤이 어우러집니다. 포인트 컬러로 연필의 '핫핑크'와 '블루'가 사용되어 시각적인 재미와 생동감을 더해줍니다.",기본에 충실한 클래식 파자마 셋업에 소재의 촉감을 강조한 '텍스처 중심'의 디자인입니다. 남녀 공용으로 입을 수 있는 젠더리스한 스트라이프 패턴과 넉넉한 핏은 누구나 호불호 없이 입을 수 있는 대중적인 컨셉을 지향합니다.,"이 상품은 오프아워의 '[2PACK] (uni) 에반 피치 플러프 긴팔 잠옷 세트'로, 커플이나 부부를 위한 선물용으로 최적화된 구성입니다. 가장 큰 특징은 '피치 기모' 소재를 사용하여 일반 면보다 부드럽고 따뜻한 촉감을 제공한다는 점이며, 이는 리뷰에서 '부들부들하다', '촉감이 너무 좋다'는 호평으로 입증되고 있습니다. 두께감은 한겨울용 수면 잠옷보다는 얇지만, 가을부터 초겨울, 봄까지 폭넓게 착용 가능한 실용적인 두께로 보입니다.

디자인적으로는 유행을 타지 않는 클래식한 블루 스트라이프 패턴을 채택하여 남녀노소 누구에게나 잘 어울립니다. 룩북 이미지에서 느껴지듯 신혼부부 집들이 선물이나 크리스마스, 기념일 선물로 인기가 많으며, 실제로 선물 패키지 옵션을 선택하는 구매자가 많은 것으로 파악됩니다. 넉넉한 핏으로 제작되어 활동성이 좋고, 수면 시 뒤척임에도 불편함이 없다는 점이 구매 포인트입니다.

가격 측면에서는 정가 대비 50% 이상의 높은 할인율(약 4만 7천 원대)을 보이고 있어 가성비가 매우 뛰어납니다. 2벌 세트 구성임에도 합리적인 가격대라 커플 잠옷을 찾는 소비자들에게 매력적인 선택지입니다. 다만, 리뷰에 따르면 사이즈가 넉넉하게 나온 편이므로 체구가 작은 여성의 경우 상세 사이즈를 확인하거나 한 치수 작게 주문하는 것을 고려해볼 만합니다.

종합적으로 이 제품은 '촉감'과 '가성비', '감성적인 디자인'을 모두 잡은 홈웨어입니다. 집에서의 시간을 소중히 여기거나, 연인과 함께 편안하고 예쁜 홈웨어를 맞춰 입고 싶은 분들에게 강력히 추천할 만한 아이템입니다. 특히 브랜드가 제안하는 밝고 사랑스러운 무드는 단순한 옷을 넘어 기분 좋은 휴식을 선물한다는 느낌을 줍니다.",,,,
여성_의류/13_870460.pdf,[서예지 착용] [ESSENTIAL] HIGH NECK SLIM TOP_16 COLOR,닉앤니콜 (NICK&NICOLE),여성_의류,긴소매 티셔츠,25940,"신축성이 좋고 부드러운 골지 면 혼방 또는 모달 혼방 소재로 추정됩니다. 리뷰에서 '폭닥폭닥', '보들보들'한 촉감과 편안한 착용감이 강조되고 있습니다.",상세 표기는 없으나 소재 특성상 미온수 손세탁 또는 세탁망을 이용한 기계 세탁을 권장합니다. 건조기 사용은 수축 방지를 위해 피하는 것이 좋습니다.,"M,L","상세 사이즈표는 텍스트에 없으나, 리뷰를 통해 M과 L 사이즈가 존재함을 알 수 있습니다. 슬림핏이지만 신축성이 좋아 정사이즈 착용 시 편안하게 맞는다는 평이 많습니다.","CREAM,BLACK,VINTAGE RED,WHITE,BROWN,PINK",전체적으로 차분하고 정적인 미니멀리즘 무드를 지향하고 있습니다. 화려한 장식보다는 자연스러운 빛과 편안한 포즈를 통해 일상 속의 여유로움을 표현합니다. 과장되지 않은 연출로 제품의 베이직한 매력을 강조하는 분위기입니다.,"따뜻한 아이보리와 크림 톤이 지배적이며, 자연광을 활용하여 부드럽고 온화한 인상을 줍니다. 배경의 화이트 커튼과 우드 바닥이 어우러져 뉴트럴하고 코지(Cozy)한 톤앤매너를 형성합니다.","실내 스튜디오로 보이며, 얇은 쉬폰 커튼이 쳐진 창가와 짙은 우드 톤의 바닥이 배경입니다. 이러한 배경은 가정집이나 편안한 실내 공간을 연상시켜 '에센셜 아이템'이라는 제품의 성격과 잘 어울립니다.",모델의 상반신과 무릎 위까지를 보여주는 미디엄 샷 위주로 구성되어 핏감을 잘 보여줍니다. 정면과 측면 각도를 다양하게 활용하여 옷의 실루엣과 넥 라인의 디테일을 효과적으로 전달합니다.,"모델은 자연스럽게 묶은 머리와 옅은 메이크업으로 꾸밈없는 수수한 매력을 보여줍니다. 카메라를 응시하거나 먼 곳을 바라보는 시선 처리가 차분하며, 주머니에 손을 넣는 등 편안한 포즈를 취해 옷의 활동성을 암시합니다.","목을 부드럽게 감싸는 하이넥 디자인이지만 조이지 않고 자연스럽게 주름이 잡히는 것이 특징입니다. 몸의 라인을 따라 흐르는 슬림핏 실루엣이며, 소매 기장이 손등을 덮을 정도로 여유 있어 여리여리한 느낌을 줍니다.","닉앤니콜은 트렌디하면서도 기본에 충실한 아이템을 합리적인 가격에 제안하는 브랜드로 보입니다. '에센셜'이라는 라인명에서 알 수 있듯이, 유행을 타지 않고 매일 입을 수 있는 데일리 웨어로서의 포지셔닝이 확실합니다.",자연광이 들어오는 실내에서 크림색 하이넥 티셔츠를 입은 모델이 편안하게 서 있는 모습입니다. 군더더기 없는 깔끔한 배경과 스타일링을 통해 제품의 핏과 소재감에 집중하게 만드는 이미지입니다.,"전체적으로 웜톤의 따뜻하고 부드러운 감성이 주를 이루며, 내추럴하고 감성적인 무드입니다. 자극적이지 않은 색감 배치를 통해 안정감과 편안함을 전달하며, 데일리 룩북의 정석을 보여줍니다.",자연광을 주광원으로 사용하여 인위적인 조명 느낌을 배제하고 옷의 질감을 사실적으로 표현했습니다. 심도가 얕은 아웃포커싱보다는 전체적으로 선명하게 초점을 맞춰 제품과 모델의 조화를 명확히 보여주는 촬영 방식을 택했습니다.,햇살이 은은하게 비치는 창가 앞을 배경으로 설정하여 서정적이고 아늑한 분위기를 연출했습니다. 이는 제품이 주는 '따뜻함'과 '편안함'이라는 키워드를 시각적으로 강화하는 장치로 작용합니다.,과도한 하이패션 포즈보다는 일상에서 취할 법한 자연스러운 자세를 유지하고 있습니다. 살짝 고개를 돌리거나 주머니에 손을 넣는 등의 제스처는 옷의 신축성과 편안한 착용감을 간접적으로 보여줍니다.,"메인 이미지는 크림(Cream), 화이트(White), 다크 데님(Dark Denim), 우드 브라운(Wood Brown)으로 구성되어 있습니다. 전반적으로 채도가 낮고 명도가 높은 뉴트럴 컬러들이 조화를 이루어 차분한 느낌을 줍니다.",'에센셜(Essential)'이라는 이름에 걸맞게 가장 기본적이면서도 활용도가 높은 디자인을 추구합니다. 목을 답답하게 조이지 않는 하이넥과 바디 라인을 살려주는 슬림핏은 기능성과 심미성을 동시에 만족시키는 미니멀리즘 컨셉입니다.,"이 제품은 닉앤니콜의 에센셜 라인 하이넥 슬림 탑으로, 기본에 충실하면서도 핏과 착용감을 극대화한 아이템입니다. 리뷰 데이터에 따르면 1,800개 이상의 리뷰가 증명하듯 높은 만족도를 보이며, 특히 목을 조이지 않으면서도 따뜻하게 감싸주는 넥 라인 디자인이 호평을 받고 있습니다. 소재가 부드럽고 신축성이 좋아 '폭닥폭닥'하다는 표현이 자주 등장하며, 겨울철 이너웨어로 최적화된 상품입니다.

디자인적으로는 몸매를 잡아주는 슬림핏이지만 부담스럽게 달라붙지 않아 날씬해 보이는 효과를 줍니다. 소매 기장이 넉넉하여 여리여리한 무드를 연출하기 좋으며, 단독 착용은 물론 니트나 맨투맨 안에 레이어드하기에도 적합합니다. 크림, 블랙, 빈티지 레드 등 16가지의 다양한 컬러 옵션이 있어 취향에 맞게 선택할 수 있는 점도 큰 장점입니다.

주요 타겟층은 2030 여성으로, 데일리로 입을 수 있는 질 좋은 기본 티셔츠를 찾는 소비자들에게 적합합니다. 서예지 착용 아이템으로도 알려져 있어 트렌디한 이미지를 가지고 있으며, 가격 대비 퀄리티가 우수하다는 '가성비' 측면에서도 긍정적인 평가를 받고 있습니다. 배송 또한 빠르다는 평이 많아 급하게 기본템이 필요한 경우에도 좋은 선택지가 될 것입니다.",,,,
여성_의류/14_3035782.pdf,[2/13 순차배송][29CM 단독] 리브 홀터넥 레이어드 티셔츠 ( 네이비 ),레터프롬문,여성의류,상의,61200,"면 (상세 혼용률 미기재, 리뷰 상 부드럽고 얇은 면 소재로 언급됨)",상세 페이지 참조 (일반적인 면 소재 의류 세탁법 권장),FREE,상세 사이즈 표 텍스트 없음 (리뷰 참조: 160~170cm 초반 체형에 적합한 슬림핏),네이비,"자연스럽고 편안한 데일리 무드에 페미닌한 감성이 더해져 있습니다. 과하게 꾸미지 않은 듯한 '꾸안꾸' 스타일을 지향하며, 일상 속에서 자연스럽게 녹아드는 분위기입니다.","차분한 네이비 컬러가 주를 이루며, 이너의 연한 핑크/베이지 톤이 부드러운 배색을 이룹니다. 전체적으로 자연광을 활용한 뉴트럴하고 소프트한 톤입니다.","화이트 톤의 벽과 짙은 우드 톤의 계단이 있는 실내 공간입니다. 깔끔하고 모던한 가정집이나 스튜디오 분위기로, 일상적인 라이프스타일을 연상시킵니다.",모델이 계단에 앉거나 서 있는 전신 및 반신 컷 위주로 구성되어 있습니다. 제품의 레이어드 디테일과 옆면 버튼 포인트를 잘 보여주기 위해 다양한 각도에서 촬영되었습니다.,긴 웨이브 머리의 모델이 자연스러운 포즈를 취하고 있습니다. 계단 난간에 기대거나 주머니에 손을 넣는 등 편안한 자세를 통해 옷의 활동성과 핏을 강조합니다.,"깊게 파인 U넥 긴팔 티셔츠와 홀터넥 나시가 레이어드된 형태의 상의입니다. 옆구리 라인을 따라 단추 디테일이 있어 트임 연출이 가능하며, 소재가 얇고 몸에 흐르는 핏이 특징입니다.","레터프롬문은 감성적이고 로맨틱한 무드를 데일리 웨어에 녹여내는 브랜드로 보입니다. 트렌디한 디테일(홀터넥, 레이어드)을 활용해 20대 여성들이 선호할 만한 감각적인 스타일을 제안합니다.",네이비 긴팔 티셔츠와 밝은 톤의 홀터넥이 조화를 이루는 레이어드 상의입니다. 계단을 배경으로 한 자연스러운 착용 샷을 통해 슬림하고 여리여리한 실루엣을 강조하고 있습니다.,"전반적으로 차분하면서도 감성적인 '소프트 시크' 무드입니다. 네이비의 단정함과 이너 컬러의 러블리함이 공존하며, 따뜻한 자연광이 더해져 포근하고 나른한 오후의 느낌을 줍니다.","자연광을 적극적으로 활용하여 인위적인 조명 없이 부드러운 그림자를 만들어냈습니다. 계단의 수직적인 라인과 모델의 곡선적인 포즈를 대비시켜 시각적인 재미를 주었으며, 거울 셀카 구도 등을 포함해 트렌디함을 더했습니다.","미니멀하면서도 빈티지한 감성이 느껴지는 실내 공간입니다. 짙은 갈색의 나무 계단과 깨끗한 흰 벽의 대비가 제품의 네이비 컬러를 더욱 돋보이게 하며, 편안한 집 안에서의 휴식 같은 무드를 연출합니다.",모델은 정적인 자세보다는 계단에 걸터앉거나 몸을 살짝 비트는 등 동적인 선을 만들어내고 있습니다. 특히 팔을 내리거나 허리에 손을 얹어 옆면의 버튼 디테일과 허리 라인이 잘 드러나도록 포즈를 취했습니다.,"메인 컬러는 딥한 네이비(Navy)이며, 서브 컬러로 페일 핑크 혹은 라이트 베이지(Pale Pink/Beige)가 사용되었습니다. 배경으로는 화이트(White)와 다크 우드(Dark Wood) 컬러가 받쳐주어 전체적으로 안정감 있는 배색입니다.","이 제품은 '레이어드 룩의 간편화'를 컨셉으로 잡은 듯합니다. 따로 코디할 필요 없이 홀터넥과 긴팔이 조화롭게 매치되어 있어, 입는 것만으로도 스타일리시한 연출이 가능합니다. 특히 사이드 버튼 디테일은 단순한 티셔츠에 유니크한 개방감을 주어 페미닌한 매력을 극대화하는 디자인 요소입니다.","이 제품은 레터프롬문의 감성이 돋보이는 레이어드 티셔츠로, 네이비 컬러의 긴팔 티셔츠와 밝은 톤의 홀터넥 이너가 세련된 배색 조화를 이룹니다. 얇고 부드러운 소재감 덕분에 몸의 실루엣을 자연스럽게 타고 흐르며, '여리여리한' 핏을 연출하기에 최적화되어 있습니다. 특히 옆면의 버튼 디테일은 착용자의 취향에 따라 오픈 정도를 조절할 수 있어 다양한 스타일링이 가능한 포인트입니다.

구매 고객들의 리뷰를 종합해보면, 디자인과 핏에 대한 만족도가 매우 높습니다. '날씬해 보인다', '색감 조합이 예쁘다', '부들부들한 촉감이 좋다'는 평이 주를 이룹니다. 다만 소재가 얇아 내구성에 대한 우려나 비침이 있을 수 있다는 점, 그리고 몸에 붙는 슬림핏이라 체형에 따라 호불호가 갈릴 수 있다는 점은 구매 전 고려해야 할 사항입니다. 배송 지연에 대한 문의가 많은 것으로 보아 인기 상품임을 짐작할 수 있습니다.

전반적으로 20대 초중반 여성을 타겟으로 한 트렌디한 아이템으로, 와이드 팬츠나 트레이닝 팬츠와 매치하여 '꾸안꾸' 룩을 연출하기 좋습니다. 단독 착용만으로도 포인트가 확실해 봄, 가을 간절기에 활용도가 높을 것으로 예상됩니다.",,,,
여성_의류/15_3603506.pdf,[VIVACIOUS]_Elizabeth Boucle Blazer IVORY_2Colors,VIVACIOUS (비바셔스),여성의류_아우터,블레이저,61800,"부클레(Boucle) 텍스처 원단 (상세 혼용률 미기재, 세탁 안내에 울/아크릴 언급 있음)","첫 세탁은 드라이클리닝 권장. 2차 세탁부터는 25도 이하 찬물에서 중성세제 사용하여 단독 손세탁. 비틀어 짜기 금지, 그늘 건조.",FREE,"상세 치수 표는 텍스트에 없으나, 공지사항에 측정 방법에 따라 1~3cm 오차가 발생할 수 있다고 명시되어 있습니다. 리뷰에 따르면 44~66 사이즈까지 착용 가능한 오버핏으로 추정됩니다.","IVORY,BLACK",전반적으로 깨끗하고 미니멀한 무드를 보여줍니다. 제품 단독 컷은 군더더기 없는 배경에서 소재의 질감을 강조하여 차분하고 정돈된 느낌을 줍니다.,따뜻한 아이보리 색상이 주를 이루어 웜톤의 포근한 인상을 줍니다. 배경은 밝은 회색조로 처리되어 제품의 화사함을 부각시키는 밝은 톤앤매너를 유지합니다.,제품 상세 이미지는 시선을 분산시키지 않는 무채색의 솔리드 컬러 배경을 사용했습니다. 반면 브랜드 이미지 컷은 거친 질감의 회색 벽을 배경으로 하여 도시적이고 빈티지한 감성을 연출했습니다.,"메인 사진은 제품의 정면을 보여주는 고스트 마네킹 컷으로, 핏과 디테일을 명확히 보여줍니다. 추가적으로 브랜드 무드를 보여주는 모델의 상반신 클로즈업 컷이 포함되어 감성적인 측면을 보완합니다.",브랜드 무드 컷의 모델은 캡모자를 눌러쓰고 시선을 아래로 향해 자연스럽고 무심한 듯한 시크함을 연출했습니다. 진주 목걸이와 캐주얼한 모자를 믹스매치하여 트렌디한 감각을 보여줍니다.,"몽글몽글한 부클레 소재가 돋보이는 싱글 브레스티드 블레이저입니다. 테일러드 카라와 플랩 포켓 디테일이 있어 클래식한 자켓의 형태를 갖추고 있으면서도, 소재 특유의 입체감이 캐주얼하고 따뜻한 느낌을 줍니다.",비바셔스는 'Vivacious is Amazing'이라는 슬로건처럼 생기 있고 트렌디한 스타일을 지향하는 것으로 보입니다. 클래식한 아이템에 소재나 스타일링으로 위트를 더해 2030 여성들을 타겟팅하는 컨템포러리 캐주얼 브랜드로 포지셔닝하고 있습니다.,"포근한 아이보리 컬러의 부클레 자켓이 깔끔한 배경에서 돋보이는 이미지입니다. 소재의 텍스처가 잘 드러나며, 겨울철 따뜻하면서도 스타일리시하게 입을 수 있는 아우터임을 시각적으로 잘 전달합니다.","소프트하고 페미닌한 톤에 캐주얼한 무드가 섞여 있습니다. 아이보리의 부드러운 색감은 안정감을 주며, 부클레 소재의 텍스처는 시각적으로 따뜻하고 편안한 분위기를 형성합니다.",제품 촬영은 그림자를 최소화한 부드러운 조명을 사용하여 옷의 전체적인 실루엣과 소재감을 왜곡 없이 보여줍니다. 정면 앵글을 사용하여 소비자가 옷의 형태를 직관적으로 파악할 수 있도록 했습니다.,"룩북 이미지는 스튜디오의 깔끔함보다는 자연스러운 스트릿 감성이나 빈티지한 벽면을 배경으로 활용했습니다. 이는 브랜드가 추구하는 자유롭고 힙한 감성을 전달하며, 제품이 일상 속에서 어떻게 스타일링될 수 있는지 암시합니다.",모델은 정형화된 포즈보다는 자연스러운 움직임이나 찰나의 순간을 포착한 듯한 포즈를 취하고 있습니다. 고개를 숙이거나 모자 챙에 얼굴이 가려지는 등의 연출은 신비로움과 스타일리시함을 동시에 줍니다.,"주요 컬러는 크림(Cream)과 아이보리(Ivory)이며, 이를 받쳐주는 라이트 그레이(Light Grey)가 배경색으로 사용되었습니다. 포인트 컬러로는 모델 착용 컷의 파스텔 블루와 블랙 텍스트가 있어 전체적으로 차분하면서도 세련된 배색을 이룹니다.","이 제품은 '포멀함의 캐주얼한 재해석'이라는 디자인 컨셉을 가지고 있습니다. 딱딱할 수 있는 블레이저 디자인에 유연하고 부드러운 부클레 소재를 적용하여, 격식 있는 자리뿐만 아니라 데일리 룩으로도 활용 가능한 하이브리드 아이템을 완성했습니다.","비바셔스의 엘리자베스 부클레 블레이저는 겨울철 스타일과 보온성을 동시에 챙길 수 있는 매력적인 아이템입니다. 일반적인 울 자켓과 달리 몽글몽글한 부클레 텍스처가 주는 유니크함이 가장 큰 특징이며, 아이보리 컬러가 얼굴을 화사하게 밝혀줍니다. 리뷰에 따르면 털 빠짐이 적고 터치감이 부드러워 착용감이 우수하다는 평이 많아 소재에 대한 만족도가 높습니다.

핏은 적당한 오버핏으로 제작되어 44사이즈부터 66사이즈까지 편안하게 착용 가능합니다. 다만 체구가 작은 분들에게는 어깨가 다소 넓어 보일 수 있다는 의견이 있으니, 평소 선호하는 핏을 고려할 필요가 있습니다. 두께감은 한겨울용 패딩만큼 두껍지는 않으나, 초겨울이나 실내 활동 시 가볍게 걸치기에 적합하며 레이어드하기 좋은 여유 있는 품을 가지고 있습니다.

가격 대비 퀄리티가 훌륭하다는 평이 지배적이며, 특히 할인된 가격대에서는 가성비가 매우 뛰어난 제품입니다. 청바지와 매치하여 캐주얼하게 연출하거나, 롱스커트와 함께 페미닌한 무드로 스타일링하는 등 활용도가 높습니다. 드라이클리닝 권장 등 세탁 관리에만 유의한다면 겨울철 데일리 아우터로 손색이 없는 제품입니다.",,,,
여성_의류/15_3619090.pdf,"[5차 리오더] BOUCLE LOGO PATCHED WOOL JACKET, BUTTER YELLOW",런던다다 (LONDONDADA),여성_의류,재킷,189000,"울 혼방 (부클 텍스처, 상세 혼용률 미기재)",드라이클리닝 권장 (상세 페이지 참조),"S,M,L",(문맥에서 추론 불가),BUTTER YELLOW,따뜻하고 부드러운 감성의 미니멀 룩입니다. 버터 옐로우 컬러가 주는 포근함과 스튜디오의 정제된 분위기가 어우러져 세련되면서도 사랑스러운 느낌을 줍니다.,전반적으로 웜톤의 크리미한 옐로우 색상이 지배적입니다. 모델의 흑발과 대비되어 옷의 색감이 더욱 화사하고 선명하게 부각되는 효과가 있습니다.,군더더기 없는 깔끔한 화이트 및 라이트 그레이 톤의 실내 스튜디오 배경입니다. 배경의 디테일을 최소화하여 파스텔 톤인 제품의 색감에 시선이 집중되도록 연출했습니다.,제품의 소재감을 보여주는 클로즈업 샷과 착용 핏을 보여주는 상반신 위주의 앵글로 구성되어 있습니다. 의자에 앉아 자연스럽게 연출한 컷을 통해 활동성과 실루엣을 동시에 보여줍니다.,긴 생머리의 모델이 차분하고 자연스러운 표정으로 제품을 소화하고 있습니다. 과한 포즈보다는 의자에 앉거나 시선을 아래로 두는 등 정적인 자세를 취해 옷의 디테일과 분위기에 집중하게 합니다.,"몽글몽글한 부클(Boucle) 텍스처가 돋보이는 울 재킷으로, 일반적인 재킷보다 포근하고 입체적인 질감을 가집니다. 소매단의 골드 버튼 디테일이 고급스러운 포인트를 주며, 어깨 라인이 잡혀 있어 구조적인 실루엣을 연출합니다.","런던다다는 트렌디한 컬러감과 웨어러블한 디자인을 조화롭게 풀어내는 브랜드로 보입니다. 5차 리오더가 진행될 만큼 대중적인 니즈를 정확히 파악하고 있으며, 감성적인 비주얼로 젊은 여성층에게 어필하고 있습니다.",부드러운 버터 옐로우 컬러와 포근한 부클 소재가 돋보이는 재킷을 감성적인 무드로 담아냈습니다. 미니멀한 배경 속에서 소재의 질감과 컬러의 매력을 극대화한 룩북입니다.,"전체적으로 크림과 옐로우가 섞인 따뜻하고 화사한 톤 앤 무드를 형성하고 있습니다. 차가운 겨울이나 초봄에 따스한 온기를 불어넣는 듯한 소프트한 색감이 특징이며, 과하게 쨍하지 않고 은은하여 고급스러운 분위기를 자아냅니다.","자연광과 유사한 부드러운 조명을 사용하여 부클 소재 특유의 헤어리한 질감을 잘 살렸습니다. 얕은 심도를 활용해 인물과 옷에 집중도를 높였으며, 옷의 컬러가 왜곡되지 않도록 화이트 밸런스를 깔끔하게 맞춘 촬영입니다.","모던하고 심플한 실내 공간을 배경으로 하여 도시적이면서도 편안한 감성을 연출했습니다. 특별한 소품 없이 의자와 벽면의 텍스처 정도만 활용하여, 옷 자체가 가진 색감과 디자인이 주인공이 되도록 의도된 배경입니다.","모델은 의자에 앉아 상체를 살짝 숙이거나 팔을 자연스럽게 늘어뜨리는 등 편안한 포즈를 취하고 있습니다. 이는 재킷이 딱딱한 정장 느낌보다는 데일리하게 입을 수 있는 편안한 아이템임을 강조하는 동시에, 소매 기장과 어깨 핏을 자연스럽게 보여줍니다.","메인 컬러인 '버터 옐로우'를 중심으로, 단추의 '골드', 모델 헤어와 의자의 '블랙', 배경의 '화이트/그레이'가 조화를 이룹니다. 이 컬러 조합은 부드러움 속에 명확한 대비를 주어 룩을 심심하지 않게 만듭니다.","클래식한 테일러드 재킷의 형태를 유지하되, 소재와 컬러에서 변주를 주어 트렌디함을 더한 디자인입니다. '버터 옐로우'라는 흔치 않은 컬러를 사용하여 소장 가치를 높였으며, 부클 소재를 통해 시각적인 따뜻함과 귀여운 매력을 동시에 어필하는 컨셉입니다.","이 제품은 런던다다의 베스트셀러로, 5차 리오더까지 진행될 만큼 소비자들에게 검증된 아이템입니다. 가장 큰 매력 포인트는 단연 '버터 옐로우'라는 독보적인 컬러감과 몽글몽글한 부클 소재의 조합입니다. 리뷰를 종합해보면, 화면과 동일한 예쁜 색감에 대한 만족도가 매우 높으며, 크림색에 노란색을 한 방울 떨어뜨린 듯한 색상이 얼굴을 화사하게 밝혀준다는 평이 많습니다.

핏의 경우, 어깨 패드가 있어 라인을 잡아주지만 다소 오버핏으로 느껴질 수 있다는 의견이 있습니다. '어깨 깡패'가 될 수 있다는 리뷰도 있지만, 오히려 이 점이 얼굴을 작아 보이게 하고 스타일리시한 실루엣을 만들어준다는 긍정적인 반응도 공존합니다. 울 함량이 높아 한겨울에도 따뜻하게 착용 가능하며, 두께감이 톡톡해 보온성이 뛰어납니다.

사이즈는 S, M, L로 구성되어 있으며, 전반적으로 여유 있게 나온 편이라 평소 사이즈보다 한 치수 작게 선택하거나 정사이즈로 오버핏을 즐기는 것을 추천합니다. 데님이나 슬랙스 등 다양한 하의와 매치하기 좋으며, 겨울철 칙칙한 아우터 사이에서 기분 전환이 되는 포인트 아이템을 찾는 2030 여성들에게 강력 추천하는 제품입니다.",,,,
여성_의류/16_3544299.pdf,[5차] FINE WOOL HANDEMADE COAT [MELANGE GRAY],샤드라마 (CHATDELAMA),여성_의류,롱코트,253730,"FINE WOOL (파인 울), 핸드메이드","상세 페이지 내 명시되지 않았으나, 울 소재 및 핸드메이드 코트 특성상 드라이클리닝 권장",Free,"상세 사이즈 표는 텍스트에 없으나, 리뷰를 통해 160cm~170cm 초반대까지 착용 가능한 프리 사이즈임을 알 수 있음.",MELANGE GRAY,자연스럽고 감성적인 데일리 라이프스타일 무드를 지향합니다. 인위적인 스튜디오 촬영보다는 일상 속 편안한 순간들을 포착하여 친근하면서도 세련된 분위기를 연출하고 있습니다.,전반적으로 채도가 살짝 낮고 차분한 필름 카메라 감성의 톤입니다. 멜란지 그레이 색상의 코트가 돋보이도록 주변 배경은 자연의 초록색이나 따뜻한 우드 톤으로 구성되어 있습니다.,"푸른 잎이 우거진 야외 정원, 햇살이 들어오는 카페 테라스, 도심의 거리 등 실제 생활 공간을 배경으로 합니다. 이는 코트가 일상 생활에서 얼마나 자연스럽게 어우러지는지를 강조하는 연출입니다.","코트의 전체적인 기장감과 핏을 보여주는 전신 샷과, 소재의 질감이나 분위기를 보여주는 상반신 클로즈업 샷이 적절히 섞여 있습니다. 정적인 포즈뿐만 아니라 걷거나 앉아있는 동적인 구도도 포함되어 있습니다.",자연스러운 웨이브 헤어스타일이나 비니를 착용하여 꾸미지 않은 듯한 편안한 매력을 보여줍니다. 카메라를 의식하지 않는 듯한 시선 처리와 여유로운 표정으로 옷의 편안함을 대변하고 있습니다.,무릎 아래로 내려오는 롱한 기장감과 여유 있는 오버핏 실루엣이 특징입니다. 넓은 라펠 디자인과 허리 벨트 디테일이 있어 클래식하면서도 다양한 스타일링이 가능한 핸드메이드 코트입니다.,트렌디하면서도 유행을 크게 타지 않는 웨어러블한 디자인을 추구하는 브랜드로 보입니다. 감성적인 비주얼 디렉팅을 통해 2030 여성들의 데일리 룩 워너비를 자극하는 포지셔닝을 취하고 있습니다.,도심과 자연을 오가는 일상 속에서 편안하게 입을 수 있는 멜란지 그레이 롱코트의 활용도를 보여주는 이미지들입니다. 캐주얼한 데님부터 차분한 슬랙스까지 다양한 코디가 가능함을 시각적으로 제안합니다.,"전체적으로 차분하고 서정적인 가을/겨울의 감성을 담고 있습니다. 화려하거나 쨍한 색감 대신, 눈이 편안한 뉴트럴 톤과 자연광을 활용하여 따뜻하고 포근한 느낌을 줍니다. 도시적인 세련미와 자연의 편안함이 공존하는 톤 앤 무드입니다.","야외 로케이션 촬영을 통해 자연광 아래에서 코트의 실제 색감과 질감을 사실적으로 표현했습니다. 모델이 카페에 앉아 있거나 거리를 걷는 등 자연스러운 상황을 연출하여, 마치 인스타그램 피드를 보는 듯한 감성적인 스냅샷 스타일로 촬영되었습니다.","배경은 크게 초록 식물이 있는 야외와 따뜻한 분위기의 카페, 그리고 모던한 건물 앞으로 나뉩니다. 이러한 배경들은 코트가 주는 '여유로움'과 '데일리함'을 강조하며, 차가운 계절감 속에서도 따뜻한 라이프스타일을 즐기는 무드를 형성합니다.","모델은 각 잡힌 패션 모델의 포즈보다는 일상 속 자연스러운 움직임을 보여줍니다. 주머니에 손을 넣거나, 다리를 꼬고 앉거나, 커피를 마시는 등의 포즈는 옷의 활동성과 편안한 착용감을 간접적으로 전달하며 소비자의 공감을 이끌어냅니다.","메인 컬러인 멜란지 그레이(Melange Gray)를 중심으로, 배경의 딥 그린(Deep Green), 웜 브라운(Warm Brown), 그리고 스타일링에 사용된 데님 블루(Denim Blue)와 레드(Red)가 조화로운 팔레트를 이룹니다. 전반적으로 저채도의 차분한 색감들이 주를 이룹니다.","군더더기 없는 깔끔한 실루엣의 핸드메이드 코트로, 'Timeless Classic'을 지향하는 디자인입니다. 넉넉한 품의 오버사이즈 핏은 두꺼운 이너와도 매치하기 좋으며, 허리 벨트를 활용해 실루엣을 조절할 수 있는 유연성을 갖췄습니다. 고급스러운 소재감을 살린 미니멀한 디자인이 특징입니다.","샤드라마의 '[5차] FINE WOOL HANDEMADE COAT'는 겨울철 데일리 아우터로 손색없는 높은 활용도와 감성적인 디자인을 갖춘 제품입니다. 고급스러운 파인 울 소재를 사용하여 핸드메이드 특유의 가볍고 부드러운 착용감을 제공하며, 멜란지 그레이 컬러는 다양한 피부 톤과 이너웨어에 자연스럽게 어우러집니다. 롱한 기장감과 오버핏 실루엣은 체형을 보완해주면서도 트렌디한 무드를 연출해 줍니다.

실제 구매 고객들의 리뷰를 살펴보면, 원단의 퀄리티와 핏에 대한 만족도가 매우 높습니다. '부들부들한 촉감'과 '고급스러운 소재'에 대한 칭찬이 많으며, 캐주얼한 데님이나 포멀한 슬랙스 등 어떤 하의와도 잘 어울린다는 평이 주를 이룹니다. 다만, 오버핏 디자인 특성상 어깨가 다소 넓어 보일 수 있다는 의견도 있어, 자신의 체형과 평소 선호하는 핏을 고려하여 선택하는 것이 좋습니다.

이 제품은 단순한 코트를 넘어, 감성적인 라이프스타일을 추구하는 2030 여성들에게 강력히 추천할 만한 아이템입니다. 안감에 누빔 처리가 되어 있다는 리뷰를 통해 한겨울까지 보온성을 챙길 수 있는 실용적인 디테일도 확인할 수 있습니다. 유행을 타지 않는 클래식한 디자인에 브랜드만의 감성을 더해, 소장 가치가 충분한 겨울 코트입니다.",,,,
여성_의류/16_3578717.pdf,[uni] 피치헤이즈 극세사 수면 가운 단품,티세르 (TESER),여성의류_홈웨어,로브/가운,23310,극세사 (폴리에스테르 100% 추정),"상세 페이지 내 명시되지 않았으나, 일반적인 극세사 소재 특성상 미온수 중성세제 단독 세탁 및 그늘 건조가 권장됩니다.","FREE,XL","여자 모델(173cm/52kg) FREE 착용, 남자 모델(184cm/67kg) XL 착용. 리뷰에 따르면 160cm대 여성에게 FREE 사이즈가 넉넉하게 잘 맞으며, 남성은 XL를 착용하는 것이 적합함.","PINK,GREEN STRIPE","따뜻하고 포근한 홈웨어 무드로, 커플의 다정한 모습을 통해 로맨틱하고 편안한 분위기를 연출하고 있습니다. 자연광을 활용하여 나른한 주말 아침 같은 느낌을 줍니다.","전반적으로 웜톤의 핑크 컬러가 지배적이며, 부드러운 자연광이 더해져 채도가 높지 않고 은은한 파스텔 톤을 유지합니다.","가정집의 침실이나 거실 창가, 거울 앞 등 실제 생활 공간처럼 꾸며진 스튜디오에서 촬영되었습니다. 배경은 화이트와 베이지 톤으로 깔끔하게 정리되어 인물과 옷에 집중하게 합니다.",커플이 함께 장난치는 라이프스타일 컷과 창가에 앉아 있는 단독 컷으로 구성되어 있습니다. 전신보다는 상반신 위주의 미디엄 샷이 많아 소재의 질감과 표정을 잘 보여줍니다.,"남녀 모델이 함께 등장하여 커플 아이템임을 강조하고 있으며, 서로를 바라보거나 장난치는 자연스러운 연기를 보여줍니다. 편안한 미소와 헝클어진 듯한 헤어스타일로 홈웨어의 편안함을 표현했습니다.","부드러운 핑크색 바탕에 짙은 녹색 세로 스트라이프가 들어간 극세사 로브입니다. 허리 끈이 있어 핏을 조절할 수 있고, 동일한 패턴의 수면 안대와 세트로 연출할 수 있는 것이 특징입니다.",티세르는 합리적인 가격대에 감성적인 디자인을 더한 홈웨어 브랜드로 보입니다. 특히 커플이나 선물용으로 적합한 패키징과 따뜻한 감성을 마케팅 포인트로 삼고 있습니다.,핑크색과 녹색 줄무늬가 어우러진 극세사 가운을 입은 커플이 거울 앞에서 다정하게 포즈를 취하고 있습니다. 부드러운 소재감과 사랑스러운 색감이 돋보이는 이미지입니다.,"전체적으로 사랑스럽고 아늑한 '코지(Cozy)' 무드가 강하게 느껴집니다. 파스텔 핑크가 주는 달콤함과 극세사 소재의 포근함이 시각적으로 잘 전달되며, 겨울철 실내에서의 따뜻한 휴식을 연상시킵니다.",인위적인 조명보다는 창을 통해 들어오는 자연광을 활용하여 극세사 특유의 보송보송한 텍스처를 부각했습니다. 거울을 활용한 반사 샷이나 모델들의 자연스러운 움직임을 포착하여 스냅 사진 같은 자연스러움을 연출했습니다.,일상적인 집 안의 풍경을 배경으로 하여 소비자가 자신의 공간에 대입해 보기 쉽도록 연출했습니다. 화려한 소품을 배제하고 깨끗한 화이트 톤의 벽과 창틀을 배경으로 사용하여 핑크색 로브가 돋보이도록 했습니다.,정적인 포즈보다는 서로 장난을 치거나 창가에 기대어 앉는 등 실제 집에서 쉴 때 취할 법한 편안한 자세를 취하고 있습니다. 특히 커플 샷에서는 친밀감을 강조하는 스킨십과 표정 연기가 돋보입니다.,"메인 컬러는 소프트한 베이비 핑크이며, 포인트 컬러로 딥 그린(Deep Green) 스트라이프가 사용되었습니다. 배경의 화이트와 모델의 피부톤이 어우러져 전체적으로 밝고 화사한 팔레트를 구성합니다.","클래식한 스트라이프 패턴을 사용하되, 핑크와 그린이라는 보색 대비에 가까운 컬러 조합으로 키치하고 귀여운 매력을 더했습니다. '해리포터 케이크'가 연상된다는 리뷰처럼 빈티지하면서도 동화적인 색감이 디자인의 핵심이며, 실용적인 로브 형태에 시각적 즐거움을 부여했습니다.","이 제품은 겨울철 실내 난방비를 절약하면서도 스타일을 챙길 수 있는 실용적인 홈웨어 아이템입니다. 특히 핑크 베이스에 그린 스트라이프라는 독특하고 귀여운 컬러 배색이 돋보여, 단순한 방한용품을 넘어 기분 전환용 홈웨어로 적합합니다. 리뷰에서도 언급되었듯 '해리포터 케이크' 같은 색감이 주는 시각적 만족도가 높으며, 부드러운 극세사 소재가 주는 촉감적 만족도 또한 큽니다.

남녀 공용 사이즈(FREE, XL)로 구성되어 있어 커플 잠옷이나 신혼부부 선물로 인기가 많습니다. 전용 기프트 박스 옵션이 있어 선물하기에 용이하며, 가격대 또한 할인가 기준 2만 원대 초반으로 매우 합리적이라 가성비가 뛰어납니다. 잠옷 위에 가볍게 걸치기 좋은 두께감으로, 한겨울 실내 활동 시 체온 유지에 탁월한 선택이 될 것입니다.",,,,
여성_의류/17_2978913.pdf,(11차 리오더) Alpaca blend half coat_camel,녹섭 (NOKSEOP),여성_의류,하프코트,273750,알파카 울 혼방 (Alpaca blend),"착용 후 털 엉킴 방지를 위해 정기적인 브러싱이 필요합니다. 스티머로 섬유를 부드럽게 한 후 천연모 브러시로 빗어주시고, 통풍이 잘 되는 곳에 보관해 주세요.","S,M","기존 Free 사이즈가 M 사이즈로 변경되었으며, S 사이즈가 새로 추가되었습니다. M 사이즈는 기존 Free와 동일합니다.",CAMEL,전반적으로 차분하고 미니멀한 무드를 자아냅니다. 군더더기 없는 배경과 제품 중심의 연출로 고급스러움과 정제된 감성을 강조하고 있습니다.,"따뜻한 카멜 컬러가 주를 이루며, 배경은 옅은 그레이 톤으로 처리되어 제품의 색감을 돋보이게 합니다. 전체적으로 웜톤의 포근한 인상을 줍니다.",균일한 라이트 그레이 색상의 단색 배경을 사용하여 시선을 분산시키지 않습니다. 그림자를 부드럽게 처리하여 제품의 입체감을 살리면서도 깔끔한 스튜디오 촬영 느낌을 줍니다.,"제품의 정면을 꽉 차게 보여주는 클로즈업 구도로, 소재의 질감과 버튼 디테일 등을 명확히 확인할 수 있습니다. 모델 착용 컷보다는 제품 자체의 실루엣을 보여주는 누끼 컷 중심입니다.","제공된 이미지 내에는 모델 착용 컷이 포함되어 있지 않고 제품 단독 컷만 존재합니다. 다만 리뷰 텍스트를 통해 다양한 체형의 고객들이 착용하며, 정핏 혹은 세미 오버핏으로 연출됨을 알 수 있습니다.","라운드 넥 디자인의 노카라 코트로, 알파카 혼방 소재 특유의 헤어리(hairy)한 텍스처가 돋보입니다. 전면의 단추 디테일과 양쪽 포켓이 클래식하면서도 귀여운 느낌을 주며, 엉덩이를 덮는 하프 기장감으로 활동성을 갖추었습니다.","녹섭은 유행을 타지 않는 클래식한 디자인에 소재의 질감을 강조하는 브랜드로 보입니다. 11차 리오더가 진행될 만큼 대중적인 인기와 신뢰도를 확보하고 있으며, 꼼꼼한 관리법 안내를 통해 제품에 대한 진정성을 보여줍니다.",따뜻한 카멜 색상의 알파카 블렌드 하프 코트가 정면으로 배치된 깔끔한 제품 사진입니다. 소재의 포근한 질감과 미니멀한 디자인이 잘 드러나도록 연출되었습니다.,"전체적으로 차분하고 따뜻한 '어스(Earth) 톤'과 미니멀리즘이 결합된 무드입니다. 화려한 장식보다는 소재 본연의 고급스러움과 색감에 집중하여, 안정감 있고 세련된 분위기를 연출합니다.",부드러운 확산광을 사용하여 알파카 소재의 털 질감을 섬세하게 표현했습니다. 정면 앵글에서 왜곡 없이 제품을 포착하여 핏과 실루엣을 정직하게 보여주는 카탈로그 형식의 촬영 방식을 택했습니다.,"복잡한 소품이나 배경을 배제한 스튜디오 배경으로, 모던하고 정적인 분위기입니다. 이는 소비자가 옷의 형태와 색감에만 온전히 집중할 수 있도록 의도된 연출입니다.","현재 이미지에는 모델이 없으나, 제품의 형태가 흐트러지지 않고 반듯하게 놓여 있어 정갈한 인상을 줍니다. 옷걸이에 걸린 듯 자연스럽게 떨어지는 어깨 라인을 강조하고 있습니다.","메인 컬러는 깊이감 있는 카멜(Camel) 색상이며, 단추는 톤온톤의 브라운 계열을 사용하여 통일감을 주었습니다. 배경의 쿨 그레이 톤과 대비되어 제품의 웜톤이 더욱 따뜻하게 느껴집니다.","'미니멀 클래식'을 지향하는 디자인으로, 카라가 없는 라운드 넥 라인이 부드러운 인상을 줍니다. 알파카 소재를 사용하여 보온성과 시각적인 포근함을 동시에 잡았으며, 유행을 타지 않고 오랫동안 입을 수 있는 타임리스 아이템으로 기획되었습니다.","이 제품은 녹섭(NOKSEOP)의 스테디셀러인 'Alpaca blend half coat'로, 무려 11차 리오더가 진행될 만큼 높은 인기를 증명하는 아이템입니다. 알파카 혼방 소재 특유의 헤어리한 질감이 고급스러움을 더하며, 카멜 컬러가 주는 따뜻한 색감이 가을부터 초겨울, 그리고 늦겨울까지 다양한 스타일링에 활용하기 좋습니다. 노카라 디자인이라 터틀넥이나 머플러와 매치하기 용이하며, 결혼식 하객룩부터 데일리 오피스룩까지 폭넓게 소화 가능한 것이 큰 장점입니다.

사이즈 측면에서는 기존 Free 사이즈가 M으로 변경되고 S 사이즈가 추가되어, 체형에 맞춰 더 정교한 핏을 선택할 수 있게 되었습니다. 리뷰를 살펴보면 '생각보다 두껍고 탄탄하다', '털 빠짐이나 엉킴 관리가 필요하지만 그만큼 예쁘다'는 의견이 많아, 관리법(브러싱 등)을 숙지하고 구매한다면 만족도가 높을 것입니다. 다만 한겨울용으로는 다소 춥다는 평이 있으므로, 이너를 든든히 챙겨 입거나 초겨울용 아우터로 활용하는 것을 추천합니다. 전반적으로 가격 대비 소재의 퀄리티와 핏이 우수하여 선물용이나 소장용으로 가치가 높은 제품입니다.",,,,
여성_의류/17_3364815.pdf,G COMFORT HOODIE_3 Colors,글로니 (GLOWNY),여성의류,후디,62000,코튼 소재 (글로니 자체생산 원단),찬물에서 손세탁 하십시오. 표백제 및 건조기 사용을 금지합니다.,"XS,S,M,L,XL","총길이: 45.5(XS)~54.0(XL), 어깨 너비: 34.5~39.5, 가슴 너비: 34.0~42.5, 허리 너비: 30.5~38.5, 밑단 너비: 33.0~41.5","WHITE,MELANGE GRAY,BLACK",이미지는 군더더기 없이 깔끔하고 미니멀한 무드를 보여줍니다. 제품 자체의 실루엣과 기본에 충실한 디자인을 강조하기 위해 장식적인 요소를 배제한 심플한 분위기입니다.,전반적으로 밝고 차분한 쿨톤의 그레이시한 톤앤매너를 유지하고 있습니다. 배경과 제품의 명도 차이를 적절히 두어 시각적으로 편안하면서도 제품이 명확히 인지되는 톤입니다.,"균일한 라이트 그레이 또는 오프화이트 톤의 단색 배경을 사용했습니다. 이러한 배경은 제품의 컬러(화이트, 그레이, 블랙)를 왜곡 없이 보여주며, 쇼핑몰 상세 페이지의 정석적인 깔끔함을 연출합니다.","모델 없이 옷의 형태를 입체적으로 보여주는 '고스트 마네킹' 컷이나 정면 누끼 컷 위주로 구성되어 있습니다. 제품의 전체적인 핏과 기장감, 소매 길이 등을 한눈에 파악할 수 있는 정면 구도를 취하고 있습니다.","제공된 이미지 내에는 실제 사람 모델이 등장하지 않고 제품 단독 컷으로 구성되어 있습니다. 하지만 제품의 형태가 허리가 잘록하고 소매가 긴 것으로 보아, 착용 시 슬림하고 팔이 길어 보이는 핏을 연출하도록 형태가 잡혀 있습니다.","허리 라인이 강조되는 크롭 기장과 손등을 덮을 정도로 긴 롱 슬리브 디자인이 특징입니다. 전면부 캥거루 포켓에 부착된 'G Classic' 라벨이 브랜드의 아이덴티티를 은은하게 드러내며, 타이트한 핏으로 제작되어 바디 실루엣을 잡아줍니다.","글로니는 베이직한 아이템에 트렌디한 핏(크롭, 타이트)을 더해 MZ세대에게 인기를 끄는 브랜드로 보입니다. 단순한 기본 후드티가 아니라 체형을 예쁘게 보여주는 '핏'에 집중하여 브랜드만의 차별화된 포지셔닝을 구축하고 있습니다.","심플한 배경 위에서 글로니 특유의 크롭하고 슬림한 후드티 실루엣을 명확히 보여주는 이미지입니다. 군더더기 없는 연출로 제품의 소재감과 핏, 그리고 시그니처 라벨 디테일에 집중하게 만듭니다.","전체적인 톤앤무드는 '에센셜'과 '모던'으로 정의할 수 있습니다. 화려한 연출보다는 제품 본연의 가치에 집중하는 차분하고 정돈된 색감을 사용하여, 데일리 아이템으로서의 편안함과 세련됨을 동시에 전달합니다.",그림자를 최소화한 부드러운 조명을 사용하여 옷의 주름과 텍스처를 자연스럽게 표현했습니다. 정면에서 수평을 맞춰 촬영함으로써 왜곡 없이 정확한 비율과 실루엣을 전달하려는 커머셜 촬영의 정석을 따르고 있습니다.,룩북이나 상세 이미지는 스튜디오 내의 호리존이나 단색 배경지에서 촬영된 것으로 보입니다. 이는 시선을 분산시키지 않고 오직 옷의 디자인과 컬러감에만 집중하게 하는 미니멀리즘 배경 무드입니다.,"실제 모델 컷은 없으나, 옷이 걸려 있는 형태(쉐입)를 통해 착용 시의 포즈를 유추할 수 있습니다. 소매가 몸통보다 길게 늘어뜨려진 형태는 착용 시 여리여리하고 팔이 길어 보이는 효과를 의도한 모델링입니다.","화이트(White), 멜란지 그레이(Melange Gray), 블랙(Black)의 무채색 3가지 컬러로 구성되어 있습니다. 이는 가장 기본적이고 활용도가 높은 컬러 팔레트로, 어떤 하의와도 매치하기 쉬운 에센셜 라인업임을 보여줍니다.","이 제품은 '올 데이 에센셜'을 표방하며 편안함과 스타일을 동시에 잡는 컨셉입니다. 일반적인 오버핏 후드와 달리 '타이트 핏'과 '크롭 기장'을 적용하여 여성스러운 라인을 강조하고, 5가지의 세분화된 사이즈를 통해 다양한 체형이 본인의 몸에 딱 맞게 입을 수 있도록 기획된 디자인입니다.","글로니의 'G COMFORT HOODIE'는 브랜드의 시그니처 아이템으로, 기본에 충실하면서도 트렌디한 실루엣을 놓치지 않은 제품입니다. 가장 큰 특징은 일반적인 후드티의 벙벙한 핏이 아닌, 허리 라인을 잡아주는 크롭 기장과 타이트한 핏감입니다. 여기에 손등을 덮는 롱 슬리브 디자인이 더해져 착용 시 팔이 길어 보이고 전체적으로 슬림해 보이는 효과를 줍니다. 리뷰에서도 언급되듯 '긴팔원숭이처럼 소매가 길다'는 점이 오히려 여리여리한 무드를 연출하는 핵심 포인트로 작용합니다.

소재는 탄탄하고 부드러운 코튼을 사용하여 착용감이 우수하며, 글로니 자체 생산 원단으로 퀄리티를 높였습니다. 전면 포켓의 작은 라벨 디테일은 과하지 않게 브랜드 아이덴티티를 보여주어 미니멀한 룩을 선호하는 고객들에게 매력적입니다. XS부터 XL까지 5가지의 폭넓은 사이즈 옵션을 제공하여, 단순히 마른 체형뿐만 아니라 다양한 체형의 고객들이 자신의 몸에 맞는 '핏한' 느낌을 즐길 수 있도록 배려한 점이 돋보입니다.

컬러 구성은 화이트, 멜란지 그레이, 블랙의 필수적인 무채색 3종으로 구성되어 데일리 아이템으로서의 활용도가 매우 높습니다. 단독으로 입었을 때는 크롭한 기장감으로 하이웨이스트 팬츠나 스커트와 매치하기 좋고, 핏이 슬림하기 때문에 재킷이나 코트 안에 이너로 입어도 부해 보이지 않는 장점이 있습니다. Y2K 패션이나 스포티하면서도 페미닌한 무드를 연출하고 싶은 2030 여성들에게 강력히 추천할 만한 아이템입니다.",,,,
여성_의류/18_2240359.pdf,코지 모달 브라렛 팬티 세트 5Colors,코데즈컴바인 이너웨어,여성_의류,언더웨어/세트,27200,모달 (상세 혼용률 미표기이나 제품명 및 리뷰에서 모달 소재 확인),중성세제 손세탁 권장 (상세 표기 없으나 일반적인 언더웨어 취급 방법 적용),"S,M,L,90,95,100","상세 사이즈 표 텍스트 없음 (리뷰 및 옵션에서 S(90), M(95), L(100) 등으로 추정 가능)","라이트베이지,멜란지,카키,와인,블랙",미니멀하고 편안한 데일리 무드입니다. 군더더기 없는 깔끔한 배경과 제품 배치로 소재의 부드러움과 심플한 디자인을 강조하고 있습니다.,전반적으로 차분하고 부드러운 웜톤과 뉴트럴 톤이 주를 이룹니다. 자극적이지 않은 색감으로 안정감과 편안한 인상을 줍니다.,제품 단독 컷은 옅은 회색의 단색 배경을 사용하여 제품에 집중하게 합니다. 모델 컷은 베이지 톤의 타일 벽면을 배경으로 하여 욕실이나 파우더룸 같은 프라이빗하고 아늑한 공간을 연출했습니다.,제품의 전체적인 형태를 보여주는 고스트 마네킹 컷(누끼 컷)과 실제 착용 핏을 보여주는 모델 상반신 컷으로 구성되어 있습니다. 또한 5가지 컬러 옵션을 한눈에 볼 수 있는 정렬된 이미지가 포함되어 있습니다.,모델은 자연스러운 메이크업과 헤어스타일로 꾸밈없는 모습을 연출했습니다. 카메라를 편안하게 응시하며 제품의 착용감이 좋다는 것을 표정과 자세로 전달하고 있습니다.,와이어가 없는 삼각형 컵 형태의 브라렛으로 가슴을 편안하게 감싸주는 디자인입니다. 브라와 팬티의 밴드 부분에 'Codes Combine' 로고 레터링이 들어가 있어 스포티하면서도 브랜드 아이덴티티를 강조합니다.,코데즈컴바인 이너웨어는 트렌디한 로고 플레이와 실용적인 소재를 결합하여 젊은 층에게 어필하는 브랜드입니다. 편안함과 스타일을 동시에 추구하는 데일리 이너웨어로서 확고한 포지셔닝을 가지고 있습니다.,부드러운 모달 소재와 로고 밴딩이 돋보이는 브라렛 세트의 다양한 컬러와 착용 핏을 보여주는 이미지들입니다. 편안함과 심플한 멋을 동시에 추구하는 제품의 특징을 잘 시각화했습니다.,전체적으로 '코지(Cozy)'라는 제품명에 걸맞게 아늑하고 내추럴한 톤 앤 무드를 유지하고 있습니다. 과한 연출을 배제하고 소재의 질감과 편안한 핏감을 강조하는 부드러운 조명과 색감을 사용했습니다.,제품의 디테일과 컬러감을 정확하게 전달하기 위해 그림자를 최소화한 클린한 조명을 사용했습니다. 모델 촬영 시에는 인위적인 포즈보다는 일상적인 순간을 포착한 듯한 자연스러운 앵글을 선택했습니다.,"모델 컷의 배경은 따뜻한 베이지 색감의 타일로 마감된 공간으로, 욕실이나 스파를 연상시킵니다. 이는 이너웨어가 주는 가장 개인적이고 편안한 시간의 무드를 시각적으로 확장하여 전달합니다.",모델은 과도하게 섹시함을 강조하기보다는 건강하고 자연스러운 아름다움을 보여주는 포즈를 취하고 있습니다. 어깨에 힘을 뺀 편안한 자세는 제품의 '안 입은 듯한 편안함'을 간접적으로 시사합니다.,"라이트베이지, 멜란지 그레이, 카키, 와인, 블랙의 5가지 컬러로 구성된 차분한 어스 톤(Earth Tone) 팔레트입니다. 채도가 높지 않아 어떤 피부 톤에도 자연스럽게 어우러지며 데일리로 입기에 부담 없는 색상들입니다.",기능적으로는 모달 소재와 노와이어를 사용하여 신체의 압박을 최소화한 '컴포트(Comfort)' 컨셉입니다. 시각적으로는 미니멀한 디자인에 볼드한 로고 밴딩을 더해 밋밋하지 않고 트렌디한 '애슬레저(Athleisure)' 감성을 가미했습니다.,"이 제품은 코데즈컴바인 이너웨어의 대표적인 스테디셀러로, 부드러운 모달 소재와 편안한 노와이어 브라렛 디자인이 특징입니다. 피부에 닿는 촉감이 매우 부드럽고 신축성이 좋아 장시간 착용해도 답답함이 없다는 것이 가장 큰 장점입니다. 심플한 디자인에 브랜드 시그니처인 로고 밴딩을 매치하여 스포티하면서도 세련된 느낌을 주어, 속옷이지만 패션 아이템으로서의 매력도 갖추고 있습니다.

구매 고객들의 리뷰를 종합해보면, '안 입은 것 같이 편하다', '소재가 부드럽다'는 평이 압도적입니다. 와이어가 없어 가슴 압박이 덜하며, 밴딩이 탄탄하게 잡아주어 안정감도 놓치지 않았습니다. 다만 볼륨업 기능보다는 자연스러운 실루엣을 선호하는 분들에게 적합하며, 사이즈는 정사이즈나 편안함을 위해 한 치수 업하는 것을 추천하는 의견이 많습니다.

5가지의 다양한 컬러 구성(라이트베이지, 멜란지, 카키, 와인, 블랙)은 취향에 따라 선택하기 좋으며, 톤 다운된 고급스러운 색감이라 계절에 상관없이 착용하기 좋습니다. 2만 원대의 합리적인 가격으로 브랜드 세트 속옷을 구매할 수 있어 가성비가 뛰어나며, 선물용으로도 손색없는 아이템입니다. 데일리로 편하게 입을 수 있는 '인생 속옷'을 찾는 분들에게 강력히 추천합니다.",,,,
여성_의류/18_3415743.pdf,[25FW]_에센셜 레이어드 긴팔 티셔츠 MDTS084_6 Colors,몽돌 (MONGDOL),여성_의류,긴소매 티셔츠,38400,"폴리에스테르/레이온/스판 혼방 추정 (리뷰에서 '운동복 같은 재질', '찰랑거리는 소재', '신축성 좋음'으로 묘사됨)","찬물 세탁 권장, 건조기 사용 지양 (상세 표기 없으나 소재 특성상 일반적인 관리법 추론)",Free,"상세 사이즈표 텍스트 없음 (리뷰 참조: 153cm~169cm 다양한 체형이 착용, 슬림하지만 신축성 있는 정핏)","GRAY,WHITE,BLACK,NAVY,BROWN","전반적으로 미니멀하고 깨끗한 분위기를 자아내며, 군더더기 없는 심플함을 강조합니다. 일상에서 편안하게 입을 수 있는 캐주얼함과 갖춰 입은 듯한 단정함이 공존합니다.","차분한 무채색 계열(그레이, 화이트)과 쿨톤의 조명이 어우러져 세련된 인상을 줍니다. 과한 채도 없이 눈이 편안한 뉴트럴 톤으로 구성되어 있습니다.",피사체에 온전히 집중할 수 있도록 텍스처가 없는 깔끔한 화이트 또는 연한 그레이 톤의 스튜디오 배경을 사용했습니다. 이는 옷의 핏과 레이어드 디테일을 명확하게 보여주기 위한 연출입니다.,"모델의 상반신을 중심으로 한 미디엄 샷과 클로즈업 샷 위주로 구성되어 있습니다. 특히 넥 라인, 소매, 밑단의 레이어드 디테일이 잘 보이도록 정면과 측면 각도를 적절히 활용했습니다.",모델은 자연스러운 헤어 스타일링과 옅은 메이크업으로 꾸안꾸(꾸민 듯 안 꾸민 듯한) 룩을 연출하고 있습니다. 과장된 포즈보다는 주머니에 손을 넣거나 편안하게 서 있는 자세를 취해 옷의 활동성을 강조합니다.,"가장 큰 특징은 넥 라인, 소매, 밑단에 배색 원단이 덧대어 있어 마치 두 벌을 겹쳐 입은 듯한 '페이크 레이어드' 디자인입니다. 단품 하나만 입어도 스타일리시해 보이며, 몸을 타고 흐르는 슬림한 핏감이 돋보입니다.",몽돌은 합리적인 가격대에 트렌디하면서도 실용적인 에센셜 아이템을 제안하는 브랜드로 보입니다. 기본에 충실하되 작은 디테일로 차별화를 두어 데일리룩으로 활용도가 높은 제품을 주력으로 합니다.,"그레이와 화이트 등 베이직한 컬러의 긴팔 티셔츠를 입은 모델이 심플한 배경에서 포즈를 취하고 있습니다. 레이어드 된 듯한 디자인 포인트가 시각적으로 잘 드러나며, 편안하면서도 세련된 핏을 보여줍니다.",전체적인 톤 앤 무드는 '모던 베이직'과 '소프트 캐주얼'로 정의할 수 있습니다. 차분하고 안정감 있는 색감을 사용하여 계절에 구애받지 않는 타임리스한 감성을 전달합니다. 튀지 않으면서도 은은한 멋스러움을 추구하는 2030 여성의 취향을 반영한 듯합니다.,부드러운 확산광을 사용하여 옷의 주름이나 소재의 질감을 자연스럽게 표현했습니다. 그림자를 최소화하여 제품의 컬러와 배색 디테일이 왜곡 없이 정확하게 전달되도록 촬영되었습니다. 인위적인 연출을 배제하고 제품 본연의 핏을 보여주는 데 집중했습니다.,"룩북의 배경은 잡티 없이 깨끗한 무채색 공간으로, 도시적이고 현대적인 미니멀리즘을 상징합니다. 이러한 배경은 옷의 컬러감을 돋보이게 하며, 복잡한 요소 없이 제품의 실루엣에만 시선이 머물게 하는 효과가 있습니다.",모델은 정면을 응시하거나 시선을 살짝 아래로 두어 차분하고 지적인 이미지를 연출합니다. 어깨에 힘을 뺀 자연스러운 자세와 주머니에 손을 넣는 등의 포즈는 옷의 편안한 착용감과 신축성을 간접적으로 보여줍니다.,"상품과 이미지는 그레이, 화이트, 블랙, 네이비, 브라운과 같은 에센셜 컬러들로 구성되어 있습니다. 이는 어떤 하의와도 매치하기 쉬운 활용도 높은 컬러 구성이며, 차분하고 안정적인 시각적 경험을 제공합니다.","이 제품의 핵심 컨셉은 '편리한 스타일링'입니다. 실제로 두 벌을 겹쳐 입으면 활동이 불편하고 핏이 부해질 수 있는 단점을 보완하여, 한 벌로 레이어드 효과를 내는 스마트한 디자인입니다. 베이직한 아이템에 배색 포인트를 주어 심심하지 않게 연출한 것이 디자인의 핵심입니다.","이 제품은 몽돌(MONGDOL)의 25FW 에센셜 레이어드 긴팔 티셔츠로, 간편하게 스타일리시한 룩을 완성할 수 있는 아이템입니다. 가장 큰 장점은 넥라인, 소매, 밑단에 적용된 배색 디테일로, 별도의 이너를 챙겨 입지 않아도 자연스러운 레이어드 룩을 연출할 수 있다는 점입니다. 리뷰에 따르면 소재는 일반 면보다는 운동복이나 기능성 의류처럼 찰랑거리고 신축성이 매우 좋은 재질로, 몸에 부드럽게 감기며 활동성이 우수합니다.

핏은 너무 박시하지 않고 적당히 슬림하게 떨어지는 정핏(Regular Fit)으로, 단독 착용은 물론 재킷이나 코트 안의 이너로 활용하기에도 적합합니다. 150cm 후반부터 160cm 후반까지 다양한 키의 고객들이 '잘 맞아요'라고 평가한 것으로 보아 프리 사이즈임에도 체형 커버력이 좋은 편입니다. 다만, 일부 리뷰에서는 소재가 생각했던 면 소재가 아니라 호불호가 갈리거나, 목 부분이 늘어날 수 있다는 의견도 있으므로 세탁 시 주의가 필요해 보입니다.

가격대는 할인가 기준 3만 원대 후반으로, 디자인과 활용도를 고려했을 때 합리적인 편입니다. 평소 미니멀한 룩을 선호하거나, 레이어드 코디를 좋아하지만 옷이 두꺼워지는 것을 싫어하는 분들에게 추천할 만한 제품입니다. 그레이, 화이트, 블랙 등 기본 컬러 구성으로 데일리 아이템으로서의 소장 가치가 충분합니다.",,,,
여성_의류/19_2248441.pdf,Warmer T-Shirts- 10Colors,무브웜(Movewarm),여성_의류,긴팔 티셔츠 / 요가복 커버업,37050,"실크같은 감촉의 부드러운 소재 (상세 혼용률 미기재, 신축성과 복원력이 뛰어남)","마찰에 약한 편이므로 단독 손세탁 권장, 기계 세탁 시 세탁망 필수 사용","S,M","S: 총길이 62.0, 가슴 너비 40.5, 소매 길이 61.0, 밑단 너비 38.0 / M: 총길이 63.5, 가슴 너비 42.5, 소매 길이 63.0, 밑단 너비 40.0","Rice,Lilac,Dark Marble,Chestnut,Black,Cozy sky,Lime,Ballet pink,Night Blue",자연스럽고 편안한 무드입니다. 인위적인 연출보다는 자연 속에서의 자유로움과 휴식을 강조하는 분위기입니다.,전반적으로 자연광을 활용한 웜톤과 뉴트럴 톤이 지배적입니다. 파스텔 톤의 의상 색감이 부드럽게 표현되어 따뜻하고 온화한 인상을 줍니다.,주요 룩북 이미지는 바위가 있는 해변이나 모래사장 같은 자연 배경에서 촬영되었습니다. 이는 제품의 내추럴한 컨셉과 요가/명상의 이미지를 강화합니다.,모델의 전신을 담은 샷과 상반신 클로즈업이 적절히 섞여 있습니다. 특히 팔을 뻗거나 몸을 움직이는 동작을 포착하여 의류의 활동성을 보여주는 구성이 많습니다.,"모델들은 과한 메이크업 없이 자연스러운 모습을 하고 있으며, 요가나 스트레칭 동작을 취하고 있습니다. 마르지만 탄탄한 체형으로 제품의 핏을 여유롭고 우아하게 소화하고 있습니다.",소매 끝에 엄지손가락을 끼울 수 있는 워머 디테일이 있어 보온성과 스타일을 동시에 챙겼습니다. 몸에 달라붙지 않고 흐르는 듯한 핏과 얇고 부드러운 소재감이 시각적으로 잘 드러납니다.,무브웜은 운동과 일상의 경계를 허무는 편안한 애슬레저 룩을 지향하는 브랜드로 보입니다. 기능성만을 강조하기보다 감성적인 무드와 착용감을 중요시하여 2030 여성들에게 어필할 만한 포지셔닝을 가지고 있습니다.,해변의 자연스러운 배경 속에서 다양한 컬러의 롱슬리브 티셔츠를 입은 모델이 편안하게 움직이는 모습입니다. 부드러운 소재감과 워머 디테일이 돋보이는 감성적인 룩북입니다.,"전체적으로 채도가 낮고 부드러운 파스텔 톤과 어스(Earth) 톤이 조화를 이루어 차분하고 힐링되는 무드를 형성합니다. 햇살을 머금은 듯한 따뜻한 색감은 제품의 'Warmer'라는 이름과 잘 어울리며, 시각적으로도 포근함을 전달합니다.","야외 촬영에서는 자연광을 최대한 활용하여 옷의 질감과 광택을 은은하게 표현했습니다. 반면 상세 컷은 깔끔한 배경에서 촬영하여 색상 차이를 명확히 보여주며, 역동적인 포즈를 통해 옷의 신축성을 강조하는 앵글을 사용했습니다.","거친 질감의 바위와 부드러운 모래사장이 공존하는 해변을 배경으로 선택하여, 부드러운 옷의 소재와 대비를 이루면서도 자연 친화적인 느낌을 줍니다. 탁 트인 야외 배경은 요가나 필라테스복으로서의 개방감과 자유로움을 상징합니다.",정적인 차렷 자세보다는 팔을 위로 뻗거나 몸을 비트는 등 요가 동작을 연상시키는 포즈가 주를 이룹니다. 이는 옷이 움직임에 따라 자연스럽게 주름지며 몸을 감싸는 실루엣을 효과적으로 보여주기 위한 의도로 보입니다.,"Rice, Lilac, Lime, Ballet Pink와 같은 화사한 파스텔 계열부터 Chestnut, Dark Marble, Black, Night Blue 같은 차분하고 깊이 있는 컬러까지 다양하게 구성되어 있습니다. 전체적으로 쨍한 원색보다는 부드럽고 감성적인 색감을 띠고 있습니다.","이 제품은 '운동복 같지 않은 운동복'을 컨셉으로, 일상복으로도 손색없는 디자인을 추구합니다. 앞뒤 구분이 없는 리버서블 디자인과 손등을 덮는 워머 디테일은 실용성과 스타일리시함을 동시에 만족시키며, '실크 같은 감촉'을 강조하여 촉각적인 만족감을 주는 웰니스 웨어를 지향합니다.","무브웜의 'Warmer T-Shirts'는 요가와 필라테스를 즐기는 사람들은 물론, 편안한 홈웨어를 찾는 이들에게도 매력적인 아이템입니다. 가장 큰 특징은 소매의 워머 디테일과 앞뒤 구분 없이 착용 가능한 리버서블 디자인으로, 운동 전후 체온 유지에 탁월하며 다양한 스타일링이 가능합니다. 리뷰에서도 언급되었듯 소재가 매우 부드럽고 몸에 감기는 느낌이 좋아 '실크 같다'는 평이 많으며, 신축성이 좋아 동작에 제약이 없습니다.

다만, 얇고 부드러운 소재 특성상 마찰에 약할 수 있어 세탁 시 주의가 필요하다는 점은 구매 전 고려해야 할 포인트입니다. 핏은 몸매를 적나라하게 드러내지 않으면서도 여리여리한 실루엣을 연출해주어 부담 없이 착용할 수 있습니다. 사이즈는 S와 M 두 가지로 구성되어 있으며, 키와 체형에 따라 핏감이 달라지므로 상세 사이즈표와 모델 핏을 참고하는 것이 좋습니다.

컬러 구성이 10가지로 매우 다양하여 선택의 폭이 넓다는 점도 큰 장점입니다. 파스텔 톤의 화사한 컬러는 봄/여름 시즌에, 딥한 컬러는 가을/겨울 시즌이나 차분한 분위기를 원할 때 적합합니다. 전반적으로 기능성과 감성을 모두 잡은 제품으로, 운동복의 기능성에 일상복의 편안함을 더한 '애슬레저 룩'의 정석을 보여주는 상품입니다.",,,,
여성_의류/20_3103159.pdf,PWC STRIPE JERSEY WIDE PANTS_4COLOR,파르티멘토 우먼 (PARTIMENTO WOMEN),여성의류,바지 (와이드 팬츠),45900,"저지 (Jersey), 코튼 혼방 추정 (부드럽고 유연하며 탄탄한 두께감)","세탁 가능 (상세 케어 라벨 미표기이나 소재 특성상 일반 세탁 권장, 수축 방지를 위해 찬물 세탁 추천)","S,M","상세 치수 표기 없음 (리뷰에 따르면 기장이 길고 허리가 여유로운 편, 스트링으로 조절 가능)","BLACK,NAVY,CHARCOAL,BROWN","편안하고 힙한 캐주얼 무드로, Y2K 감성과 원마일웨어 트렌드가 반영되어 있습니다. 꾸미지 않은 듯 자연스러운 멋스러움(꾸안꾸)을 강조하는 분위기입니다.","전반적으로 밝고 깨끗한 화이트 배경의 톤과, 룩북 컷에서는 약간의 빈티지하고 차분한 그레이시 톤이 섞여 있습니다. 채도가 높지 않고 웨어러블한 컬러감을 보여줍니다.",메인 이미지는 제품의 색상 비교를 위해 깔끔한 흰색 배경을 사용했습니다. 모델 착용 컷은 회색 바닥과 흰 벽이 있는 스튜디오 코너를 배경으로 하여 미니멀하고 날것의 느낌을 줍니다.,전신 그룹 샷을 통해 4가지 컬러를 한눈에 비교할 수 있도록 배치했습니다. 또한 하이앵글(부감) 구도의 모델 착용 컷을 통해 바지의 핏과 떨어지는 실루엣을 감각적으로 보여줍니다.,"모델들은 긴 생머리에 자연스러운 메이크업을 하고 있으며, 타이트한 상의와 와이드한 하의를 매치하여 비율을 강조했습니다. 무심한 듯 시크한 표정과 포즈로 젠지(Gen-Z) 세대의 쿨한 태도를 연출하고 있습니다.","굵은 가로 스트라이프 패턴이 돋보이는 와이드 핏 저지 팬츠입니다. 허리 부분의 단추 디테일이 파자마나 복서 쇼츠를 연상시키며, 밑단에 스트링이 있어 조거 팬츠 형태로도 변형이 가능한 투웨이 디자인입니다.",파르티멘토 우먼은 트렌디한 실루엣과 편안함을 동시에 추구하는 영 캐주얼 브랜드로 보입니다. 합리적인 가격대와 활용도 높은 디자인으로 젊은 여성층에게 '데일리 힙' 스타일을 제안하는 포지셔닝을 취하고 있습니다.,"네 명의 모델이 각기 다른 컬러의 스트라이프 팬츠를 입고 나란히 서 있는 모습으로, 제품의 다양성과 핏을 직관적으로 보여줍니다. 편안하면서도 스타일리시한 라운지웨어 룩을 제안합니다.","전체적인 톤 앤 무드는 '릴랙스드 쿨(Relaxed Cool)'입니다. 집 안에서의 편안함과 외출복으로서의 스타일리시함이 공존하는 경계에 있으며, 과하지 않은 자연스러운 색감들이 조화를 이룹니다. 활기차면서도 여유로운 주말의 오후 같은 분위기를 자아냅니다.","제품의 핏과 컬러를 명확히 보여주는 정면 풀샷과, 감성적인 무드를 더하는 하이앵글 샷이 혼합되어 있습니다. 조명은 그림자를 최소화하여 패턴을 선명하게 드러내며, 모델의 자연스러운 움직임을 포착하는 데 중점을 두었습니다.","장식적인 요소가 배제된 미니멀한 스튜디오 공간을 배경으로 하여 오직 제품과 모델의 핏에 집중하게 합니다. 차가운 회색 바닥과 흰 벽의 조화는 모던하고 도시적인 느낌을 주며, 힙한 스트릿 감성을 뒷받침합니다.",모델들은 정형화된 포즈보다는 팔짱을 끼거나 주머니에 손을 넣는 등 편안하고 방어적인 듯한 쿨한 자세를 취하고 있습니다. 바닥에 앉아 다리를 뻗거나 구부리는 포즈는 바지의 넉넉한 품과 활동성을 시각적으로 강조합니다.,"블랙, 네이비, 차콜과 같은 베이직한 다크 톤을 베이스로 하여 화이트/그레이 스트라이프가 대비를 이룹니다. 여기에 붉은기가 도는 브라운 컬러가 포인트로 추가되어 선택의 폭을 넓혔으며, 전체적으로 차분하면서도 경쾌한 배색입니다.","이 제품은 '파자마 룩의 일상화'를 컨셉으로 디자인된 것으로 보입니다. 편안한 저지 소재와 스트라이프 패턴은 홈웨어를 연상시키지만, 와이드한 실루엣과 밑단 스트링 디테일을 추가하여 외출복으로 손색없는 퀄리티를 구현했습니다. 상의를 타이트하게 매치하는 '슬림 앤 와이드' 실루엣 트렌드를 반영한 아이템입니다.","파르티멘토 우먼의 PWC 스트라이프 저지 와이드 팬츠는 편안함과 스타일을 동시에 잡고 싶은 2030 여성들을 위한 최적의 아이템입니다. 리뷰와 상세 이미지를 종합해 볼 때, 이 제품의 가장 큰 장점은 부드러운 저지 소재가 주는 착용감과 밑단 스트링을 활용한 다양한 실루엣 연출입니다. 와이드하게 떨어지는 핏은 힙하고 루즈한 느낌을 주며, 스트링을 조이면 조거 팬츠처럼 연출할 수 있어 신발이나 상의에 따라 다채로운 코디가 가능합니다.

구매자들의 리뷰에 따르면 기장이 꽤 길게 나온 편이라 키가 큰 분들에게는 멋스러운 핏을 선사하지만, 아담한 체형의 경우 굽이 있는 신발을 신거나 스트링을 조여 입는 것이 좋습니다. 소재는 너무 얇지 않고 적당히 탄탄하여 무릎 늘어남이 적고, '츄리닝' 같으면서도 너무 후줄근하지 않아 '꾸안꾸' 룩으로 제격이라는 평이 많습니다. 허리의 단추 디테일은 귀여운 포인트가 되어 크롭 티셔츠와 매치했을 때 더욱 빛을 발합니다.

색상은 블랙, 네이비, 차콜 등 데일리로 입기 좋은 컬러들로 구성되어 있어 어떤 상의와도 매치하기 쉽습니다. 특히 최근 유행하는 Y2K 패션이나 블록코어 룩과도 잘 어울리며, 집 앞 마실 룩부터 친구들과의 가벼운 만남까지 폭넓게 활용 가능합니다. 4만 원대의 합리적인 가격에 트렌디한 디자인과 실용성을 모두 갖춘 바지를 찾는다면 강력히 추천할 만한 제품입니다.",,,,
여성_의류/20_3628013.pdf,[10th] Raglan Campus Logo Long Top - Grey(Navy),썸웨어버터 (SOMEWHEREBUTTER),여성의류,긴소매 티셔츠,49000,면 (상세 혼용률 미표기이나 리뷰 및 이미지상 면 소재 추정),세탁기 사용 가능하나 건조기 사용 지양 권장 (리뷰 기반 추론),Free,"상세 치수 텍스트 없음 (리뷰상 오버핏, 엉덩이를 덮는 기장, 소매가 긴 편)","GREY,NAVY","빈티지, 캐주얼, 내추럴, 편안함","라이프스타일 컷은 웜톤의 따뜻한 실내 조명, 룩북 컷은 깔끔한 뉴트럴/쿨톤",일본식 선술집(이자카야)의 목재 인테리어 및 깔끔한 화이트 스튜디오 배경,상반신 위주의 자연스러운 라이프스타일 컷과 전신을 보여주는 스튜디오 룩북 컷으로 구성됨,라이프스타일 모델은 단발머리에 맥주를 들고 자연스럽게 웃으며 일상적인 순간을 연출했습니다. 룩북 모델은 긴 웨이브 머리에 레이어드 룩을 소화하며 정적인 포즈로 옷의 핏을 강조합니다.,"그레이 몸판에 네이비 래글런 소매가 배색된 디자인으로, 전면에 브랜드 로고가 아치형으로 프린트되어 있습니다. 소매 시보리가 없는 와이드한 소매 통과 넉넉한 오버핏 실루엣이 특징입니다.","썸웨어버터는 일상 속에서 편안하게 입을 수 있는 '휘뚜루마뚜루' 아이템을 지향하며, 귀엽고 빈티지한 감성을 어필하는 브랜드입니다. 10차 재입고가 될 만큼 특정 타겟층에게 꾸준한 사랑을 받는 캐주얼 브랜드로 보입니다.",편안한 식당에서 맥주를 즐기는 자연스러운 모습과 스튜디오에서의 전신 핏을 통해 제품의 활용도를 보여줍니다. 빈티지한 색감과 넉넉한 핏이 돋보이는 래글런 티셔츠입니다.,"전반적으로 따뜻하고 아늑한 빈티지 무드와 깨끗하고 심플한 캐주얼 무드가 공존합니다. 라이프스타일 이미지는 친구와 함께하는 저녁 시간 같은 친근함을, 상세 이미지는 군더더기 없는 깔끔함을 전달합니다.",첫 번째 사진은 인물의 자연스러운 표정과 조명을 활용해 감성적인 분위기를 연출하는 스냅 사진 형식을 취했습니다. 두 번째 사진은 왜곡 없는 정면 앵글로 옷의 기장감과 레이어드 스타일링을 명확히 보여주는 룩북 형식을 따랐습니다.,라이프스타일 컷은 우드 톤의 따뜻한 조명이 감도는 식당 배경으로 편안한 일상을 강조했습니다. 반면 스튜디오 컷은 텍스처가 있는 화이트 벽과 나무 바닥을 배경으로 하여 옷의 실루엣과 색감에만 집중하도록 했습니다.,라이프스타일 모델은 카메라를 의식하지 않는 듯한 시선 처리와 소품(맥주잔) 활용으로 자연스러움을 극대화했습니다. 스튜디오 모델은 차렷 자세에 가까운 정적인 포즈로 오버핏의 넉넉함과 소매 길이를 가감 없이 보여줍니다.,"제품의 메인 컬러인 헤더 그레이와 네이비를 중심으로, 배경의 앰버(맥주), 우드 브라운, 그리고 코디된 연청 데님 블루가 어우러져 차분하면서도 레트로한 색감을 형성합니다.","미국 캠퍼스 룩을 연상시키는 타이포그래피와 래글런 배색을 통해 클래식한 바시티(Varsity) 스타일을 재해석했습니다. 몸에 붙지 않는 루즈한 핏과 긴 소매 기장은 활동성을 보장하며, 현대적인 스트릿 캐주얼 감성을 더해줍니다.","썸웨어버터의 '[10th] Raglan Campus Logo Long Top'은 브랜드의 시그니처 아이템으로, 빈티지한 캠퍼스 룩을 선호하는 분들에게 강력히 추천하는 제품입니다. 그레이와 네이비의 클래식한 컬러 조합에 아치형 로고가 더해져 유행을 타지 않고 오래 입을 수 있는 디자인입니다. 특히 소매 끝에 시보리가 없이 툭 떨어지는 와이드한 소매 라인이 여리여리한 핏을 연출해주며, 넉넉한 품 덕분에 셔츠나 티셔츠와 레이어드하기에도 아주 좋습니다.

소재는 너무 얇지도 두껍지도 않은 적당한 두께감의 면 소재로 추정되어, 봄/가을 단독 착용은 물론 겨울철 이너로도 활용도가 높습니다. 리뷰를 살펴보면 '생각보다 크다'는 의견이 많아 오버핏을 즐기는 분들에게 적합하며, 엉덩이를 덮는 기장감으로 레깅스나 와이드 팬츠 등 다양한 하의와 매치하기 쉽습니다. 편안하면서도 스타일리시한 '꾸안꾸' 룩을 완성하고 싶은 분들에게 만족도가 높은 아이템입니다.",,,,
여성_의류/21_2773700.pdf,HIGH NECK BUTTON CARDIGAN BLACK,미치코런던 코시노 (MICHIKO LONDON KOSHINO),여성_의류,카디건,44800,"니트/울 혼방 추정 (상세 혼용률 텍스트 부재하나, 리뷰의 '부들부들', '보풀' 언급 및 니트 외관으로 보아 울 또는 합성섬유 혼방으로 판단됨)",드라이클리닝 권장 (니트 소재 특성상 수축 및 변형 방지를 위해 드라이클리닝이 일반적임),FREE,상세 사이즈 표가 텍스트에 포함되지 않음 (리뷰에 따르면 150cm~170cm 다양한 체형이 FREE 사이즈 착용),"BLACK,MELANGE GREY,BEIGE,BROWN","전반적으로 미니멀하면서도 캐주얼한 무드를 지향하고 있습니다. 스튜디오 컷은 깔끔하고 정돈된 느낌을 주는 반면, 라이프스타일 컷은 빈티지하고 아늑한 감성을 전달하여 데일리 웨어로서의 편안함을 강조합니다.","블랙 상품을 중심으로 한 무채색 톤과 카페 배경의 웜톤이 공존합니다. 스튜디오 사진은 쿨하고 시크한 인상을 주며, 모델 착용 컷은 따뜻한 조명을 받아 부드럽고 포근한 인상을 줍니다.",메인 이미지는 그림자가 지는 화이트/그레이 배경을 사용하여 제품의 실루엣에 집중하게 합니다. 추가 컷은 우드 톤의 인테리어가 돋보이는 카페 내부를 배경으로 하여 일상 속 자연스러운 착용 모습을 연출했습니다.,"모델의 상반신을 중심으로 한 미디엄 샷과 클로즈업 샷이 주를 이룹니다. 정면에서 제품의 단추 디테일과 핏을 명확히 보여주는 구도와, 자연스럽게 앉아 있는 라이프스타일 구도가 섞여 있어 정보 전달과 감성 소구를 동시에 하고 있습니다.",모델은 흑발의 긴 생머리에 안경이나 볼캡 같은 액세서리를 매치하여 꾸민 듯 안 꾸민 듯한 '꾸안꾸' 스타일을 보여줍니다. 무심한 듯 시크한 표정과 자연스러운 포즈는 2030 세대가 선호하는 힙하고 트렌디한 분위기를 잘 살리고 있습니다.,"이 제품의 가장 큰 특징은 넥 라인 끝까지 이어지는 촘촘한 버튼 디테일입니다. 단추를 모두 잠그면 하이넥 폴라처럼, 풀면 카라 가디건처럼 연출할 수 있어 활용도가 높으며, 소매와 밑단의 시보리가 핏을 탄탄하게 잡아줍니다.","미치코런던 코시노는 클래식한 아이템에 현대적인 디테일을 더해 실용적이면서도 감각적인 디자인을 선보이는 브랜드로 보입니다. 베이직한 니트웨어에 독특한 넥 라인 변형을 주어, 평범함 속에서 차별화를 추구하는 젊은 여성층을 타겟팅하고 있습니다.","블랙 컬러의 하이넥 가디건을 입은 모델이 시크하고 편안한 포즈를 취하고 있는 이미지입니다. 촘촘한 단추 디테일이 돋보이며, 스튜디오와 카페 배경을 통해 제품의 다양한 스타일링 가능성과 데일리한 무드를 효과적으로 보여줍니다.","전체적으로 차분하고 내추럴한 데일리 웨어 무드를 지향합니다. 스튜디오 컷은 깔끔하고 모던한 느낌을 주며, 라이프스타일 컷은 따뜻한 조명 아래 빈티지하고 아늑한 감성을 전달합니다. 과하게 꾸미지 않은 편안함 속에서 트렌디함을 추구하는 톤입니다.",스튜디오 촬영은 그림자를 활용해 입체감을 살리면서도 제품의 실루엣을 명확히 보여주는 정공법을 택했습니다. 반면 라이프스타일 컷은 카페와 같은 일상적인 공간에서 자연광과 실내 조명을 섞어 감성적인 분위기를 연출했습니다. 모델의 시선 처리나 포즈가 자연스러워 인위적이지 않은 스냅 사진 느낌을 줍니다.,"메인 룩북은 군더더기 없는 화이트/그레이 톤의 배경을 사용하여 블랙 컬러의 제품이 돋보이도록 연출했습니다. 추가적인 라이프스타일 이미지는 우드 톤의 인테리어와 따뜻한 조명이 있는 카페를 배경으로 하여, 포근하고 여유로운 주말 오후의 분위기를 자아냅니다.","모델은 정면을 응시하거나 자연스럽게 앉아 있는 등 편안하고 일상적인 포즈를 취하고 있습니다. 안경이나 볼캡 같은 액세서리를 활용해 캐주얼한 스타일링을 강조하며, 머리카락을 자연스럽게 늘어뜨려 내추럴한 매력을 더했습니다. 손을 무릎에 두거나 주머니에 넣는 등 경직되지 않은 자세가 특징입니다.","메인 상품인 블랙을 중심으로 그레이, 베이지, 브라운 등 차분한 뉴트럴 톤이 주를 이룹니다. 배경색 또한 화이트, 그레이, 우드 브라운으로 구성되어 전체적으로 채도가 낮고 안정감 있는 컬러 조합을 보여줍니다. 이는 가을/겨울 시즌에 적합한 따뜻하고 베이직한 색감입니다.","일반적인 브이넥 가디건과 달리 목까지 올라오는 하이넥 디자인에 촘촘하게 배열된 작은 단추들이 특징적인 포인트입니다. 단추를 모두 잠그면 터틀넥처럼, 풀면 카라 가디건처럼 연출할 수 있어 하나의 옷으로 다양한 스타일링이 가능합니다. 소매와 밑단의 시보리가 핏을 잡아주어 슬림하면서도 캐주얼한 실루엣을 완성하는 컨셉입니다.","미치코런던 코시노의 하이넥 버튼 가디건은 베이직하면서도 독특한 디테일이 살아있는 아이템입니다. 촘촘하게 달린 단추를 활용해 하이넥 폴라처럼 연출하거나, 윗단추를 풀어 카라 가디건처럼 입을 수 있는 투웨이 스타일링이 가장 큰 장점입니다. 블랙, 그레이, 베이지 등 활용도 높은 컬러 구성으로 가을, 겨울철 데일리 룩에 매치하기 좋습니다.

리뷰 데이터를 분석해보면, 구매자들은 부드러운 촉감과 보온성에 대해 높은 만족도를 보이고 있습니다. 특히 '목이 답답하지 않고 조절 가능하다', '맨살에 입어도 부들부들하다'는 평이 많아 소재의 퀄리티가 준수한 것으로 보입니다. 다만 일부 리뷰에서 보풀 발생에 대한 언급이 있어 세탁 및 관리에 주의가 필요할 수 있습니다.

전반적으로 20대부터 30대 여성들이 선호할 만한 트렌디한 핏과 실용성을 갖춘 제품입니다. 모델 컷처럼 트레이닝 팬츠나 데님과 매치하여 캐주얼하게 소화하거나, 슬랙스와 함께 단정한 오피스 룩으로도 활용 가능합니다. 4만 원대의 합리적인 가격과 높은 리뷰 평점을 고려할 때, 기본기에 충실하면서도 포인트가 되는 니트를 찾는 분들에게 추천할 만한 상품입니다.",,,,
여성_의류/22_3544563.pdf,[지구착용/4차] HAIRY WOOL RELAXED FIT JACKET [MELANGE CHARCOAL] / 2 SIZE,샤드라마,여성의류_아우터,재킷,179780,HAIRY WOOL (헤어리 울),울 소재 특성상 착용 과정에서 표면 일어남이 발생할 수 있으므로 착용 후 옷솔로 결 방향에 맞춰 관리 권장. 정기적인 관리가 필요한 소재임.,"S,M","MD's Cut 정보: Height 160cm (S착용 추정). 상세 사이즈표 텍스트는 이미지 내에 없으나 리뷰를 통해 S, M 두 가지 사이즈 구성임을 확인 가능.",MELANGE CHARCOAL,자연스럽고 편안한 데일리 라이프스타일 무드를 지향합니다. 꾸며진 스튜디오보다는 길거리나 실내 거울 앞에서의 일상적인 순간을 포착하여 친근함을 줍니다.,"전체적으로 차분한 그레이와 차콜 톤이 주를 이루며, 야외 컷에서는 자연광을 받아 따뜻하면서도 빈티지한 색감이 감돕니다. 도시적인 세련됨과 포근한 겨울 감성이 공존하는 톤입니다.","첫 번째 사진은 파란색 표지판과 빨간 자전거가 있는 거리 배경으로 생동감을 주며, 상세 컷은 콘크리트 벽면을 사용하여 옷의 질감을 강조합니다. MD 컷은 일반 가정집 실내를 배경으로 하여 실제 착용 시의 느낌을 현실적으로 전달합니다.","인물의 상반신 위주로 촬영된 라이프스타일 컷과 거울 셀카, 그리고 옷걸이에 걸린 제품 단독 컷으로 구성되어 있습니다. 모델이 핸드폰을 보거나 웃는 자연스러운 순간을 포착하여 연출되지 않은 듯한 느낌을 줍니다.","긴 생머리의 여성 모델이 편안한 미소를 짓고 있으며, 자연스러운 포즈로 제품의 활동성을 보여줍니다. 160cm의 키를 가진 MD가 직접 착용한 컷을 통해 일반적인 체형에서의 핏감을 가늠할 수 있게 합니다.","표면에 긴 털이 올라와 있는 헤어리(Hairy)한 텍스처가 가장 큰 특징으로, 일반적인 울 재킷보다 훨씬 포근하고 입체적인 느낌을 줍니다. 멜란지 차콜 컬러가 주는 깊이감과 여유로운 릴랙스드 핏이 어우러져 캐주얼하면서도 고급스러운 분위기를 연출합니다.",샤드라마는 트렌디하면서도 일상에서 쉽게 손이 가는 웨어러블한 디자인을 추구하는 것으로 보입니다. 감각적인 소재 선택과 자연스러운 핏을 통해 2030 여성들의 데일리 룩을 타겟팅하고 있습니다.,헤어리한 질감이 돋보이는 차콜 색상의 울 재킷을 입고 도심 속에서 여유를 즐기는 모습입니다. 빨간 자전거와 파란 표지판의 색감 대비가 그레이 재킷을 더욱 돋보이게 합니다.,전반적으로 차분한 모노톤 베이스에 빈티지한 필름 카메라 감성이 더해진 톤 앤 무드입니다. 겨울철의 차가운 공기와 대비되는 옷의 따뜻한 질감이 시각적으로 잘 표현되었습니다.,야외 스냅샷과 실내 거울 셀카를 혼합하여 소비자가 실제 입었을 때의 느낌을 상상하기 쉽게 연출했습니다. 과도한 조명보다는 자연광과 실내등을 활용하여 소재 본연의 색감과 질감을 리얼하게 담아냈습니다.,룩북 배경은 일상적인 거리의 풍경과 모던한 실내 공간을 오가며 '꾸안꾸(꾸민 듯 안 꾸민 듯)' 스타일을 강조합니다. 특별한 장소가 아닌 일상 공간에서의 촬영은 제품의 활용도가 높음을 암시합니다.,모델은 정면을 응시하기보다는 핸드폰을 보거나 측면을 향해 웃는 등 자연스러운 스냅 사진 같은 포즈를 취하고 있습니다. 이는 옷이 주는 편안하고 릴랙스한 무드를 효과적으로 전달합니다.,"메인 컬러는 멜란지 차콜(Melange Charcoal)로, 짙은 회색과 검은색이 섞인 복합적인 색상입니다. 포인트 컬러로는 배경의 블루(표지판)와 레드(자전거)가 사용되어 시선을 사로잡습니다.","클래식한 테일러드 재킷의 형태를 유지하면서도 소재를 헤어리한 울로 변경하여 보온성과 유니크함을 동시에 잡은 디자인입니다. 딱딱한 정장 느낌보다는 가디건처럼 가볍게 걸칠 수 있는 릴랙스드 핏으로, 캐주얼과 포멀 룩 모두에 어울리는 컨셉입니다.","이 제품은 '샤드라마'의 헤어리 울 릴랙스드 핏 재킷으로, 일반적인 울 재킷과는 차별화된 독특한 텍스처가 매력적인 아이템입니다. 멜란지 차콜 컬러는 깊이감 있고 고급스러워 다양한 이너와 매치하기 좋으며, 특히 겨울철 코트 안에 레이어드하거나 초겨울 아우터로 활용하기에 적합합니다. 리뷰를 살펴보면 160cm 초반의 체형에도 S사이즈가 적당히 여유 있게 맞아 트렌디한 오버핏을 연출할 수 있다는 평이 많습니다.

소재의 특성상 털 빠짐이나 뭉침이 있을 수 있다는 점은 구매 전 고려해야 할 포인트입니다. 하지만 브랜드 측에서 옷솔을 이용한 관리법을 상세히 안내하고 있어, 관리에 조금만 신경 쓴다면 오랫동안 예쁘게 착용할 수 있을 것입니다. 가격대 또한 할인가 기준 10만 원대 후반으로, 소재의 퀄리티와 디자인을 고려했을 때 합리적인 편입니다.

전체적인 무드는 '꾸안꾸'를 지향하는 2030 여성들에게 강력히 어필할 만합니다. 데님 팬츠나 슬랙스뿐만 아니라 모델처럼 쇼츠와 매치해도 멋스러운 스타일링이 가능합니다. 따뜻하면서도 스타일리시한 겨울 재킷을 찾는 분들에게 추천할 만한 제품입니다.",,,,
여성_의류/23_3535240.pdf,[31st] 25FW Curve scarf blouse (stone gray),프렙포더 (PREP FOR THE),여성의류_상의,블라우스,147000,"85% RAYON, 10% POLYESTER, 5% SPANDEX (은은한 조직감이 느껴지는 고밀도 레이온 폴리 혼방 소재)","상세 페이지 내 명시되지 않았으나, 레이온 혼방 소재 특성상 드라이클리닝을 권장합니다.",Free,"어깨 40cm, 가슴 52cm, 암홀 27cm, 소매 62cm, 총장 57cm (단면 기준)",GRAY,"전반적으로 차분하고 세련된 미니멀리즘 무드를 지향하고 있습니다. 도시적이고 지적인 분위기를 풍기며, 과한 장식보다는 실루엣과 소재감으로 승부하는 고급스러운 느낌을 줍니다.",채도가 낮고 차분한 쿨톤 계열의 스톤 그레이(Stone Gray) 색상이 주를 이룹니다. 전체적으로 뮤트한 톤앤매너를 유지하여 눈이 편안하고 모던한 인상을 줍니다.,피사체에 온전히 집중할 수 있도록 군더더기 없는 깔끔한 단색(화이트 또는 연회색) 배경을 사용했습니다. 이는 옷의 디테일한 라인과 흐르는 듯한 실루엣을 강조하기 위한 의도적인 연출로 보입니다.,모델의 상반신을 중심으로 한 클로즈업 샷과 전체적인 핏을 보여주는 샷이 적절히 배치되어 있습니다. 특히 넥 라인의 스카프 디테일과 소매의 턱 포인트를 잘 보여줄 수 있는 각도로 촬영되었습니다.,172cm의 큰 키와 마른 체형(50kg)의 모델이 Free 사이즈를 착용하여 여유롭고 우아한 핏을 연출하고 있습니다. 자연스럽게 떨어지는 어깨 라인과 무심한 듯 시크한 표정 연기가 옷의 모던한 분위기와 잘 어우러집니다.,"넥 라인을 타고 사선으로 흐르는 곡선 스카프 디테일이 가장 큰 특징으로, 별도의 액세서리 없이도 우아한 포인트를 줍니다. 소매 끝의 인버티드 턱 디테일과 히든 스냅 버튼은 미니멀하면서도 완성도 높은 마감을 보여줍니다.",프렙포더는 기본에 충실하면서도 독창적인 디테일을 한 스푼 더해 소장 가치를 높이는 브랜드로 보입니다. 유행을 크게 타지 않으면서도 확실한 존재감을 주는 디자인으로 2030 여성들에게 '하객룩'이나 '오피스룩' 맛집으로 포지셔닝되어 있습니다.,차분한 스톤 그레이 컬러에 유려한 스카프 넥 라인이 돋보이는 블라우스 이미지입니다. 고급스러운 소재감과 구조적인 실루엣이 조화를 이루어 세련된 도시 여성의 이미지를 완성합니다.,도시적이고 차가운 듯하지만 부드러운 텍스처가 느껴지는 '소프트 시크(Soft Chic)' 무드입니다. 전체적으로 정제되고 차분한 톤을 유지하여 격식 있는 자리나 오피스 환경에 적합한 진중한 분위기를 자아냅니다.,자연광과 부드러운 스튜디오 조명을 적절히 활용하여 옷의 은은한 광택과 조직감을 사실적으로 표현했습니다. 과도한 보정보다는 옷 본연의 색감과 핏을 보여주는 데 집중한 정직하고 깔끔한 촬영 방식입니다.,"복잡한 소품이나 배경을 배제한 미니멀한 스튜디오 배경으로, 모던하고 컨템포러리한 브랜드의 정체성을 드러냅니다. 여백의 미를 살려 옷의 구조적인 디자인이 더욱 돋보이도록 연출되었습니다.",모델은 정적인 자세보다는 자연스럽게 움직이거나 어딘가에 기대는 듯한 포즈를 취해 옷의 유연한 흐름을 강조합니다. 턱을 괴거나 팔을 자연스럽게 떨어뜨리는 등의 포즈는 편안하면서도 멋스러운 착용감을 시각적으로 전달합니다.,"메인 컬러인 스톤 그레이(Stone Gray)를 중심으로, 무채색 계열의 차콜, 블랙 등이 조화를 이룹니다. 이는 차분하고 지적인 이미지를 형성하며, 다양한 하의와 매치하기 쉬운 뉴트럴 컬러 팔레트를 구성합니다.","이 제품은 '흐르는 곡선의 미학'을 컨셉으로 하여, 딱딱한 셔츠의 느낌을 탈피하고 부드러운 블라우스의 장점을 극대화했습니다. 스카프를 두른 듯한 넥 라인 디자인은 기능성과 심미성을 동시에 만족시키며, 히든 버튼 디테일은 미니멀리즘 철학을 반영하여 깔끔한 룩을 완성합니다.","이 상품은 프렙포더의 25FW 시즌 주력 상품으로, 기존 베스트셀러의 FW 버전답게 소재와 디테일이 한층 업그레이드된 느낌을 줍니다. 가장 돋보이는 점은 단연 'Curve scarf' 디자인으로, 넥 라인을 따라 자연스럽게 흐르는 스카프 디테일이 우아함과 유니크함을 동시에 선사합니다. 162개의 리뷰에서 알 수 있듯이, 결혼식 하객룩이나 중요한 미팅 등 격식 있는 자리에 입기 좋다는 평이 지배적이며, 흔하지 않은 디자인 덕분에 소장 가치가 높습니다.

소재 측면에서는 레이온과 폴리 혼방을 사용하여 구김이 적고 관리가 용이하면서도, 고급스러운 텍스처를 놓치지 않았습니다. '간결하게 툭 떨어지며 피팅된다'는 설명처럼, 몸에 달라붙지 않고 자연스럽게 흐르는 실루엣이 체형을 보완해 주어 다양한 체형의 고객들에게 만족도가 높습니다. 다만, 어깨 사이즈가 40cm로 기재되어 있어 어깨가 넓은 체형의 경우 상세 사이즈를 꼼꼼히 확인하는 것이 좋겠다는 일부 피드백도 참고할 만합니다.

컬러는 '스톤 그레이'로, 일반적인 그레이보다 깊이감 있고 오묘한 색감을 자랑하여 가을/겨울 시즌의 무드와 완벽하게 어우러집니다. 블랙 슬랙스나 스커트와 매치하면 시크한 오피스룩을, 데님과 매치하면 세련된 데일리룩을 연출할 수 있어 활용도가 매우 높습니다. 가격대는 10만 원대 중반(할인가 11만 원대)으로, 디자인의 독창성과 소재의 퀄리티를 고려했을 때 합리적인 투자가 될 수 있는 아이템입니다.

종합적으로 볼 때, 이 블라우스는 유행을 타지 않으면서도 남들과 다른 한 끗 차이를 원하는 2030 여성들에게 강력히 추천할 만한 제품입니다. 특히 스카프를 따로 매치하는 번거로움 없이 블라우스 하나만으로 완성도 높은 스타일링을 할 수 있다는 점이 가장 큰 매력 포인트입니다. 다가오는 시즌, 분위기 있는 룩을 완성하고 싶다면 장바구니에 담아두어야 할 필수 아이템입니다.",,,,
여성_의류/24_3437165.pdf,RUFFLE WOOL KNIT CARDIGAN SET IVORY,미치코런던 코시노 (MICHIKO LONDON KOSHINO),여성_의류,카디건 (니트 세트),64800,"울 (WOOL) 혼방 니트 (상세 혼용률 텍스트 미기재, 상품명 참조)",니트 소재 특성상 드라이클리닝 권장 (상세 텍스트 미기재로 일반적 관리법 추론),"S,M","상세 실측표 텍스트 없음. (리뷰 참조: 150~160cm 초반 S사이즈 적당, 165cm 이상 M사이즈 추천)",IVORY,청순하고 여리여리한 무드와 캐주얼함이 공존하는 분위기입니다. 자연스럽고 편안한 데일리룩 느낌을 줍니다.,따뜻하고 부드러운 웜톤의 아이보리 색감이 주를 이룹니다. 전체적으로 밝고 화사한 톤으로 연출되었습니다.,피사체에 집중할 수 있는 깔끔한 흰색 또는 밝은 회색의 무지 배경입니다. 스튜디오 호리존 촬영으로 보입니다.,모델의 상반신 위주 클로즈업과 무릎 위까지 오는 미디엄 샷으로 구성되어 있습니다. 제품의 디테일과 전체적인 핏을 동시에 보여주는 구도입니다.,검은색 볼캡을 착용하고 머리를 땋아 내려 귀엽고 캐주얼한 느낌을 연출했습니다. 자연스러운 포즈로 편안한 착용감을 강조하고 있습니다.,중앙 여밈 부분의 러플 디테일이 돋보이는 니트 카디건과 나시 세트입니다. 얇고 성근 짜임의 니트 소재로 시스루한 느낌을 주며 여리여리한 핏을 만듭니다.,미치코런던 코시노는 레트로한 감성을 현대적인 캐주얼 룩으로 재해석하는 브랜드로 보입니다. 트렌디하면서도 일상에서 활용하기 좋은 웨어러블한 아이템을 합리적인 가격대에 제안합니다.,아이보리 컬러의 러플 카디건 세트를 입은 모델이 캡모자와 청바지를 매치해 힙하면서도 러블리한 룩을 선보입니다. 봄 시즌에 어울리는 화사하고 가벼운 니트 스타일링입니다.,"전체적으로 따뜻한 아이보리 색감이 감도는 소프트하고 로맨틱한 무드입니다. 동시에 데님과 볼캡을 매치하여 너무 여성스럽기만 하지 않은, 쿨하고 캐주얼한 톤 앤 매너를 유지하고 있습니다. 봄의 화사함과 일상의 편안함이 조화롭게 어우러진 분위기입니다.","부드러운 확산광을 사용하여 니트의 포근한 질감과 러플의 입체감을 잘 살렸습니다. 과도한 보정보다는 자연스러운 색감을 담아내려 했으며, 모델의 시선 처리나 움직임을 자연스럽게 포착하여 룩북의 생동감을 더했습니다. 앵글은 아이레벨에서 편안하게 촬영되었습니다.",군더더기 없는 깔끔한 화이트/라이트 그레이 톤의 미니멀한 배경에서 촬영되었습니다. 이는 복잡한 배경 요소를 배제하여 아이보리 컬러의 제품과 모델의 스타일링에 시선이 온전히 집중되도록 의도된 연출입니다. 모던하고 깨끗한 스튜디오 무드입니다.,모델은 정면을 응시하거나 자연스럽게 측면을 바라보는 등 과하지 않은 포즈를 취하고 있습니다. 손을 가볍게 내리거나 소매를 잡는 등의 제스처를 통해 니트의 소매 기장감과 핏을 자연스럽게 보여줍니다. 땋은 머리와 모자 스타일링에 어울리는 발랄하고 영한 느낌의 포즈입니다.,"메인 컬러는 부드러운 크림빛의 아이보리(Ivory)이며, 하의의 워싱 데님 블루(Blue)가 청량한 대비를 이룹니다. 포인트로 들어간 블랙(Black) 컬러의 모자와 벨트가 전체적인 룩의 무게중심을 잡아주며 세련된 컬러 조합을 완성합니다.","이 제품은 '러블리함'과 '실용성'을 동시에 잡은 디자인 컨셉을 가지고 있습니다. 프론트 라인의 러플 장식은 페미닌한 포인트를 주지만, 전체적인 실루엣은 베이직하여 부담스럽지 않습니다. 특히 카디건과 이너 나시가 세트로 구성되어 있어 따로 또 같이 활용할 수 있는 높은 활용도가 핵심 디자인 전략입니다.","이 상품은 미치코런던 코시노의 'RUFFLE WOOL KNIT CARDIGAN SET'로, 사랑스러운 러플 디테일과 높은 활용도로 29CM 내에서 인기를 끌고 있는 아이템입니다. 아이보리 컬러 특유의 화사함이 얼굴 톤을 밝혀주어 봄 시즌 데일리룩이나 데이트룩으로 적합하다는 평이 많습니다. 특히 카디건과 이너 나시가 세트로 구성되어 있어 가성비가 뛰어나며, 이너 나시는 홀터넥으로도 연출이 가능해 다양한 스타일링이 가능한 점이 큰 매력 포인트입니다.

구매 고객들의 리뷰를 종합해보면, 디자인과 핏에 대한 만족도는 매우 높으나 소재에 대한 호불호가 일부 존재합니다. 울 함유량이 있어 따뜻하고 포근해 보이지만, 피부가 예민한 고객에게는 다소 까슬거릴 수 있다는 의견이 있습니다. 하지만 얇은 이너를 착용하거나 소재의 특성을 감안하면 크게 문제되지 않는다는 의견도 많아, 디자인적 만족감이 소재의 아쉬움을 상쇄하는 것으로 보입니다.

사이즈는 S와 M 두 가지로 출시되어 체형에 맞게 선택할 수 있으며, 적당히 여유 있는 핏으로 편안하게 착용 가능합니다. 모델처럼 데님 팬츠와 볼캡을 매치하여 '꾸안꾸(꾸민 듯 안 꾸민 듯)' 룩을 연출하거나, 스커트와 매치하여 페미닌한 무드를 극대화할 수도 있습니다. 전반적으로 트렌디한 디자인과 실용성을 갖춘 봄 필수 니트 아이템으로 추천할 만합니다.",,,,
여성_의류/24_3598810.pdf,[32차] Draped Wool Tencel Layered Tee Set (Gray),토아베 (TOAVE),여성의류,긴소매 티셔츠 (세트),79800,"Tencel 70%, Wool 30%","드라이클리닝 권장, 최대 30도 단독 손세탁, 기계 세탁 및 건조기 사용 금지, 표백제 사용 금지, 비틀기 금지.",Free,"긴팔: 총장 56, 어깨단면 37, 가슴단면 48, 밑단 47, 암홀 18, 소매 64 (cm) / 슬리브리스: 총장 56, 어깨단면 45, 가슴단면 37, 밑단 37, 암홀 17 (cm)",GRAY,전반적으로 자연스럽고 편안한 '꾸안꾸(꾸민 듯 안 꾸민 듯한)' 무드를 지향합니다. 거리에서 촬영된 스냅샷 느낌의 사진은 일상 속에 자연스럽게 녹아드는 제품의 활용도를 보여줍니다. 과하지 않은 연출로 차분하면서도 감성적인 분위기를 자아냅니다.,"채도가 낮고 부드러운 그레이 톤이 주를 이루며, 차가운 느낌보다는 포근하고 따뜻한 웜 그레이에 가깝습니다. 필름 카메라로 찍은 듯한 약간의 노이즈와 빈티지한 색감이 감성적인 인상을 줍니다. 전체적으로 눈이 편안한 뉴트럴 톤으로 구성되어 있습니다.",메인 이미지는 일본이나 한국의 한적한 골목길 같은 야외 스트리트를 배경으로 하여 일상적인 데일리룩 느낌을 강조했습니다. 배경의 건물과 거리가 아웃포커싱되어 인물과 옷에 시선이 집중되도록 연출했습니다. 룩북 이미지는 따뜻한 색감의 소파나 패브릭을 활용해 포근한 실내 분위기를 연출했습니다.,"모델이 뒤를 돌아보는 자연스러운 포즈를 포착한 미디엄 샷으로, 상반신의 디테일과 전체적인 실루엣을 동시에 보여줍니다. 정형화된 스튜디오 컷보다는 움직임이 느껴지는 스냅 사진 구도를 사용하여 생동감을 줍니다. 제품의 드레이프성과 레이어드 디테일을 잘 보여주는 각도입니다.",모델은 화려한 메이크업보다는 수수하고 자연스러운 스타일링을 하고 있어 브랜드가 추구하는 내추럴한 이미지를 대변합니다. 카메라를 의식하지 않은 듯한 시선 처리나 편안한 표정이 옷의 편안한 착용감을 간접적으로 전달합니다. 가녀린 체형을 통해 제품의 여리여리한 핏을 강조하고 있습니다.,"얇고 비침이 있는 텐셀 울 혼방 소재로 제작되어 시스루한 매력과 함께 여리여리한 실루엣을 연출합니다. 긴팔 티셔츠와 슬리브리스가 세트로 구성된 레이어드 아이템으로, 넥 라인의 자연스러운 드레이프가 특징입니다. 골지 짜임이 바디를 부드럽게 감싸며, 허리 부분의 핀턱이나 절개 디테일이 입체적인 핏을 만들어냅니다.",토아베(TOAVE)는 일상의 반복 속에서 발견되는 작은 차이와 담백함을 추구하는 브랜드로 보입니다. 화려함보다는 소재의 텍스처와 미묘한 실루엣 변화에 집중하여 차분하고 감성적인 룩을 제안합니다. 편안하면서도 자신만의 분위기를 중시하는 2030 여성을 타겟으로 하는 것으로 판단됩니다.,"도심 속 거리에서 자연스럽게 촬영된 컷으로, 그레이 컬러의 레이어드 티셔츠가 주는 편안하고 세련된 무드를 담고 있습니다. 얇은 소재감이 주는 흐르는 듯한 핏과 레이어드 디테일이 돋보이는 감성적인 이미지입니다.","전체적으로 뮤트하고 소프트한 톤 앤 무드를 유지하고 있으며, 빈티지하면서도 서정적인 감성이 느껴집니다. 차분한 그레이 색상은 도시적인 세련미와 자연스러운 편안함을 동시에 전달합니다. 과한 보정 없이 자연광을 활용한 듯한 색감이 따뜻하고 아늑한 느낌을 줍니다.","야외 로케이션 촬영을 통해 스튜디오의 인위적인 느낌을 배제하고 리얼웨이 룩을 보여주는 방식을 택했습니다. 자연광 아래에서 소재의 질감과 비침 정도가 잘 드러나도록 촬영되었으며, 심도 표현을 통해 피사체를 부각시켰습니다. 순간을 포착한 듯한 앵글은 스토리가 있는 듯한 느낌을 줍니다.",메인 제품 컷은 도심의 일상적인 거리를 배경으로 하여 데일리하게 입기 좋은 옷임을 강조했습니다. 반면 브랜드 무드 컷(소파 이미지)은 따뜻한 색감의 벨벳/패브릭 배경을 사용하여 겨울 시즌의 포근함과 나른한 오후의 휴식 같은 무드를 연출했습니다. 이는 브랜드가 지향하는 '나다움'과 '편안함'을 시각적으로 표현합니다.,모델은 정면을 응시하기보다 측면을 보이거나 뒤를 돌아보는 등 자연스러운 움직임이 있는 포즈를 취하고 있습니다. 이는 옷의 활동성을 보여줌과 동시에 넥 라인과 어깨의 드레이프성을 효과적으로 보여주는 포즈입니다. 긴장을 푼 편안한 자세는 제품의 부드러운 소재감과 잘 어우러집니다.,"주요 컬러는 라이트 그레이(Light Gray)와 멜란지 그레이(Melange Gray)로, 차분하고 중성적인 색채입니다. 배경에는 베이지, 브라운, 톤 다운된 거리의 색상들이 섞여 있어 전체적으로 채도가 낮고 조화로운 뉴트럴 컬러 팔레트를 형성합니다.","이 제품은 '레이어드(Layered)'와 '드레이프(Drape)'가 핵심 디자인 컨셉입니다. 단순히 두 벌을 겹쳐 입는 것을 넘어, 넥 라인과 어깨선의 교차를 통해 구조적인 아름다움을 의도했습니다. 텐셀과 울을 혼방한 얇은 골지 소재를 사용하여 몸의 곡선을 따라 흐르는 유연한 실루엣과 시스루한 텍스처를 강조한 페미닌하면서도 캐주얼한 디자인입니다.","토아베의 '[32차] Draped Wool Tencel Layered Tee Set'는 텐셀과 울 혼방 소재 특유의 부드러움과 얇은 두께감으로 여리여리한 실루엣을 극대화한 제품입니다. 긴팔 티셔츠와 슬리브리스가 세트로 구성되어 있어 별도의 스타일링 고민 없이 완성도 높은 레이어드 룩을 연출할 수 있다는 점이 가장 큰 장점입니다. 특히 보트넥 디자인과 어깨의 봉제 디테일, 허리 라인의 핀턱 등 섬세한 요소들이 더해져 단순한 기본 티셔츠와는 차별화된 고급스러운 무드를 선사합니다.

이 제품은 평소 내추럴하면서도 감성적인 스타일을 선호하는 여성들에게 강력히 추천할 만합니다. 얇은 소재 특성상 비침이 있어 이너웨어에 신경 써야 하지만, 그만큼 답답하지 않고 자연스러운 핏을 자랑합니다. 단독 착용은 물론 재킷이나 코트 안의 이너로 활용하기에도 적합하여 봄, 가을, 겨울 등 다양한 계절에 활용도가 높습니다. 32차 재입고가 될 만큼 인기가 검증된 아이템으로, 리뷰에서도 핏과 색감에 대한 만족도가 높게 나타나고 있습니다.",,,,
여성_의류/25_2314125.pdf,SIPT7097 기모 골지 스웻 팬츠_Black,시야쥬 (Siyazu),여성_의류,트레이닝 팬츠,42840,"기모 골지 원단 (상세 혼용률 미표기, 텍스트 기반 추론)",상세 페이지 내 별도 표기 확인 필요 (일반적인 기모 스웻 소재로 찬물 세탁 및 건조기 지양 권장),"S,M",상세 사이즈 표 텍스트 없음 (리뷰 기반: 허리와 기장이 여유 있게 나온 편),BLACK,"편안하고 자연스러운 미니멀 캐주얼 무드입니다. 꾸미지 않은 듯한 멋스러움(꾸안꾸)을 지향하며, 일상 속에서의 휴식과 편안함을 강조하는 분위기입니다.","전반적으로 차분하고 안정감 있는 무채색과 어스(Earth) 톤이 주를 이룹니다. 제품 상세 컷은 쿨한 그레이 톤의 배경을 사용하여 블랙 컬러를 선명하게 보여주며, 브랜드 이미지는 따뜻한 브라운 톤으로 감성을 더했습니다.",제품 착용 컷은 거친 질감의 노출 콘크리트 벽과 바닥을 배경으로 하여 모던하고 인더스트리얼한 느낌을 줍니다. 반면 브랜드 화보 컷은 낙엽이 깔린 숲속을 배경으로 하여 계절감과 자연친화적인 브랜드 정체성을 표현했습니다.,제품 컷은 하반신 위주의 클로즈업으로 바지의 핏과 소재감을 명확히 보여주는 구도입니다. 브랜드 화보 컷은 인물이 웅크리고 있는 전신 샷을 통해 옷의 포근함과 전체적인 실루엣을 감성적으로 담아냈습니다.,모델은 과장된 포즈 없이 자연스럽게 서 있거나 편안하게 앉아 있는 자세를 취하고 있습니다. 특히 어그 부츠나 두툼한 아우터와 매치하여 겨울철 따뜻하고 포근한 스타일링을 제안하는 모습이 특징적입니다.,"세로 골지 패턴이 들어간 원단을 사용하여 다리가 길어 보이는 시각적 효과를 줍니다. 안감에 기모가 들어가 있어 보온성이 뛰어나며, 발등을 덮는 여유로운 기장감과 와이드한 핏으로 트렌디한 실루엣을 연출합니다.","시야쥬는 'Siyazu means sillage'라는 문구처럼 은은하게 남는 잔향 같은 편안한 데일리웨어를 지향하는 것으로 보입니다. 화려함보다는 소재의 질감과 실루엣에 집중하며, 휴식과 일상의 경계를 허무는 라이프스타일 브랜드를 추구합니다.","겨울철 데일리로 입기 좋은 블랙 기모 골지 팬츠의 착용 샷과 브랜드의 감성적인 숲속 화보가 결합되어 있습니다. 따뜻한 소재감과 편안한 핏을 강조하며, 어그 부츠 등과 매치하여 코지한 겨울 룩을 완성했습니다.","전체적인 톤 앤 무드는 '코지(Cozy) & 시크(Chic)'로 정의할 수 있습니다. 차가운 도시의 콘크리트 배경과 따뜻한 자연의 숲 배경이 대비되면서도, 무채색의 차분함이 전체를 아울러 세련된 겨울 감성을 자아냅니다. 편안함을 최우선으로 하면서도 스타일을 놓치지 않는 현대적인 감각이 돋보입니다.",제품 컷은 자연광 혹은 부드러운 조명을 사용하여 골지 원단의 입체적인 텍스처를 잘 살려냈습니다. 앵글은 아이레벨 또는 약간 낮은 각도에서 촬영하여 바지의 롱한 기장감과 떨어지는 핏을 강조했습니다. 화보 컷은 심도 표현을 통해 인물에 집중하게 만들며 영화 스틸컷 같은 분위기를 연출했습니다.,"룩북의 배경은 상반된 두 가지 공간을 활용하여 제품의 활용도를 보여줍니다. 거친 콘크리트 벽은 도심 속에서의 힙한 스트릿 감성을, 낙엽이 쌓인 숲은 주말의 여유로움과 힐링을 상징합니다. 이러한 배경 설정은 옷이 주는 '휴식(Just rest)'이라는 메시지를 시각적으로 강화합니다.","모델은 정형화된 패션 모델의 포즈보다는 일상에서 취할 법한 자연스러운 동작을 보여줍니다. 주머니에 손을 넣고 무심하게 서 있거나, 추위를 피해 몸을 웅크리는 등의 포즈는 옷의 활동성과 보온성을 간접적으로 전달하며 소비자의 공감을 이끌어냅니다.","상품의 메인 컬러인 '블랙'을 중심으로, 배경의 '그레이(콘크리트)', '브라운(낙엽)', 그리고 스타일링 된 슈즈의 '카멜/베이지'가 조화를 이룹니다. 이러한 뉴트럴 컬러 팔레트는 어떤 상의와도 매치하기 쉬운 제품의 범용성을 시각적으로 증명합니다.","이 제품은 '원마일 웨어'의 진화를 보여주는 디자인 컨셉을 가지고 있습니다. 단순한 트레이닝 팬츠가 아니라, 골지 텍스처를 더해 외출복으로도 손색없는 디테일을 갖추었습니다. 'Just rest'라는 문구에서 알 수 있듯이, 집 안에서의 편안함과 밖에서의 스타일리시함을 동시에 만족시키는 하이브리드 디자인입니다.","이 상품은 겨울철 '교복 바지'로 불릴 만큼 편안함과 보온성을 갖춘 시야쥬의 베스트셀러 아이템입니다. 두툼한 기모 안감과 탄탄한 골지 소재가 결합되어 한겨울에도 따뜻하게 착용할 수 있으며, 세로 골지 패턴 덕분에 부해 보이지 않고 슬림한 라인을 연출해 줍니다. 블랙 컬러는 오염 걱정 없이 휘뚜루마뚜루 입기 좋아 실용성을 중시하는 고객들에게 특히 인기가 높습니다.

리뷰를 종합해 보면 사이즈는 다소 여유 있고 기장이 길게 나온 편입니다. 키가 큰 고객들에게는 멋스러운 핏을 선사하지만, 아담한 체형의 고객들은 허리를 조이거나 기장을 수선해야 할 수도 있습니다. 하지만 허리 밴딩이 편안하고 통이 적당히 와이드하여 체형 커버에 탁월하다는 평이 지배적입니다.

스타일링 측면에서는 어그 부츠나 스니커즈와 매치했을 때 가장 예쁜 핏이 나옵니다. 모델 컷처럼 캐주얼한 무드로 연출하기 좋으며, 후드 집업이나 패딩과 함께 매치하면 완벽한 겨울 데일리 룩이 완성됩니다. 편안하면서도 스타일을 챙기고 싶은 분들에게 강력 추천하는 아이템입니다.

전반적으로 가격 대비 소재의 퀄리티와 핏 만족도가 높은 제품입니다. 배송이 다소 지연될 수 있다는 점은 감안해야 하지만, 한 번 입으면 벗기 싫을 정도의 편안함 때문에 재구매율이 높은 것으로 보입니다. 겨울철 기본 아이템을 찾고 있다면 고민 없이 선택해도 좋을 제품입니다.",,,,
여성_의류/25_2851079.pdf,윈터ver) 원 턱 와이드 슬랙스 블랙 MDPT025FWBLACK,몽돌 (MONGDOL),여성_의류,와이드 슬랙스,52800,겨울용 두께감 있는 소재 (리뷰상 두껍고 부드러우며 정전기가 잘 생기지 않는 텍스처로 언급됨),드라이클리닝 권장 (상세 표기는 없으나 슬랙스 소재 특성상 일반적인 관리법 적용),"S,M",상세 치수 텍스트 없음 (리뷰 참조: 기장이 길고 허리가 여유 있게 나온 편),BLACK,군더더기 없는 깔끔함과 모던한 분위기가 돋보이는 미니멀 룩입니다. 화려한 장식보다는 핏과 실루엣에 집중하여 세련되고 도시적인 감성을 자아냅니다.,"블랙 앤 화이트의 극명한 대비를 통한 쿨하고 시크한 톤입니다. 차분하면서도 또렷한 인상을 주며, 무채색 계열의 정제된 색감이 주를 이룹니다.",잡티 없이 깨끗한 화이트 톤의 스튜디오 배경과 밝은 회색 바닥을 사용했습니다. 배경의 요소를 최소화하여 검은색 슬랙스의 실루엣과 디테일에 시선이 집중되도록 연출했습니다.,모델의 전신을 담은 풀 샷(Full Shot) 위주로 구성되어 바지의 전체적인 기장감과 핏을 보여줍니다. 정면과 측면 각도를 활용해 원 턱 디테일과 다리가 길어 보이는 효과를 강조했습니다.,모델은 화이트 크롭 탑을 매치하여 허리 라인과 바지의 하이웨이스트 특징을 잘 드러내고 있습니다. 무심한 듯 시크하게 서 있는 포즈를 통해 와이드 팬츠의 툭 떨어지는 멋스러운 드레이프성을 강조합니다.,허리 부분에 잡힌 원 턱(One-tuck) 디테일이 골반 라인을 자연스럽게 커버하며 풍성한 와이드 핏을 만들어냅니다. 발등을 덮는 롱한 기장감과 무게감 있게 떨어지는 소재가 결합되어 다리가 길어 보이고 체형 보정 효과가 뛰어납니다.,몽돌은 합리적인 가격대에 트렌디하면서도 기본에 충실한 아이템을 선보이는 브랜드로 보입니다. 유행을 크게 타지 않는 미니멀한 디자인 속에 핏과 소재감을 살려 데일리 오피스룩이나 캐주얼룩으로 활용도가 높은 제품을 제안합니다.,"심플한 화이트 탑과 매치된 블랙 와이드 슬랙스로, 시크하고 도회적인 무드를 연출하고 있습니다. 바지의 넉넉한 품과 긴 기장이 편안하면서도 스타일리시한 실루엣을 완성합니다.",전반적으로 차분하고 도시적인 '어반 시크(Urban Chic)' 무드를 지향합니다. 과한 연출을 배제하고 정제된 스타일링을 통해 모던하고 성숙한 여성미를 강조하고 있습니다. 차가운 듯하지만 세련된 감성이 느껴지는 톤 앤 매너입니다.,부드러운 확산광을 사용하여 옷의 주름이나 질감을 자연스럽게 표현하면서도 그림자를 최소화했습니다. 모델을 중앙에 배치하고 눈높이에서 촬영하여 왜곡 없이 실제 핏을 가늠할 수 있도록 정직하게 담아낸 것이 특징입니다.,"장식적인 요소가 전혀 없는 미니멀한 스튜디오 공간으로, 제품의 본질에 집중하게 만드는 배경입니다. 밝고 깨끗한 배경 톤은 블랙 컬러의 제품을 더욱 선명하게 부각시키며 현대적인 룩북의 전형을 보여줍니다.",모델은 다리 한쪽을 살짝 앞으로 내밀거나 골반을 틀어 와이드 팬츠의 유려한 곡선을 보여주는 포즈를 취하고 있습니다. 상체는 힘을 빼고 자연스럽게 두어 시선이 하체의 핏과 기장감으로 흐르도록 유도하는 전문적인 포즈입니다.,"이미지 전반에 걸쳐 '블랙(Black)', '화이트(White)', '라이트 그레이(Light Grey)'의 무채색 팔레트가 사용되었습니다. 이러한 모노톤 조합은 시대를 타지 않는 클래식함과 현대적인 세련미를 동시에 전달합니다.","겨울철에도 스타일을 포기하지 않도록 보온성과 핏을 동시에 잡은 '윈터 와이드 슬랙스' 컨셉입니다. 넉넉한 와이드 핏에 핀턱 주름을 더해 활동성을 높이면서도, 두께감 있는 원단을 사용하여 핏이 무너지지 않고 뚝 떨어지는 구조적인 실루엣을 완성했습니다.","이 제품은 몽돌의 베스트셀러인 와이드 슬랙스의 겨울 버전으로, 두툼하고 부드러운 소재감이 가장 큰 강점입니다. 리뷰에 따르면 한겨울에도 입을 수 있을 만큼 원단이 도톰하고 보온성이 뛰어나며, 안감이 부드러워 착용감이 훌륭하다는 평이 지배적입니다. 특히 구김이 잘 가지 않고 정전기 발생이 적어 관리가 용이하다는 점이 실구매자들에게 높은 만족도를 주고 있습니다.

핏과 사이즈 측면에서는 '롱 와이드' 스타일의 정석을 보여줍니다. 160cm 중반대 키의 구매자들에게도 발등을 덮는 긴 기장감으로 다리가 길어 보이는 효과를 주지만, 키가 아담한 경우 수선이 필요할 수 있습니다. 허리 사이즈가 다소 여유 있게 나왔다는 의견이 많아, 골반이 없거나 허리가 얇은 체형은 상세 사이즈를 꼼꼼히 확인하거나 벨트 착용을 고려해야 합니다.

디자인적으로는 전면의 원 턱 디테일이 밋밋함을 없애고 세련된 볼륨감을 형성합니다. 블랙 컬러 특유의 깔끔함 덕분에 오피스룩, 하객룩, 데일리룩 등 다양한 TPO에 활용 가능한 '겨울 교복 바지'로 손색이 없습니다. 5만 원대의 할인가로 구매 시 가성비가 매우 뛰어나다는 평가를 받고 있어, 기본 겨울 슬랙스를 찾는 분들에게 강력히 추천할 만한 아이템입니다.",,,,
여성_의류/26_2717758.pdf,[29CM 단독] (uni)도미토리 시즌 스트라이프 파자마 블루문,오끼뜨 (OGGITT),여성_의류 > 홈웨어,파자마/잠옷,66000,"면 혼방 (상세 리뷰 참조: 바스락거리는 소재, 스판 함유)",상세페이지 참조 (리뷰상 세탁기/건조기 사용 가능하나 수축 주의 필요),"M,L,XL","(문맥에서 추론 불가: 상세 사이즈표 이미지가 포함되지 않음, 리뷰를 통해 넉넉한 핏임을 확인 가능)",블루문,"이미지는 전반적으로 따뜻하고 아늑하며, 집 안에서의 편안한 휴식을 강조하는 내추럴한 무드입니다. 인위적인 연출보다는 실제 생활 속의 자연스러운 순간을 포착한 듯한 라이프스타일 감성이 돋보입니다.",따뜻한 웜톤의 조명과 자연광이 어우러져 부드럽고 감성적인 색감을 자아냅니다. 필름 카메라로 찍은 듯한 약간의 그레인과 낮은 채도가 편안하고 빈티지한 인상을 줍니다.,"침실의 푹신한 침구 위나 웨인스코팅 장식이 있는 깔끔한 화이트 톤의 실내 벽면을 배경으로 사용했습니다. 이는 제품이 홈웨어임을 명확히 보여주며, 모던하면서도 클래식한 인테리어 공간을 연출합니다.",커플이 침대에 누워있는 하이앵글 클로즈업 샷과 모델이 바닥에 앉아 명상하는 듯한 전신 샷으로 구성되어 있습니다. 제품의 디테일보다는 착용했을 때의 분위기와 편안한 라이프스타일을 보여주는 데 집중한 구도입니다.,모델들은 카메라를 의식하지 않고 서로 장난을 치거나 눈을 감고 휴식을 취하는 등 매우 자연스럽고 편안한 모습을 보여줍니다. 꾸며진 포즈보다는 실제 집에서 쉴 때의 나른하고 자유로운 표정과 제스처를 연출하고 있습니다.,"클래식한 카라 디자인과 버튼 다운 형식의 상의, 그리고 편안한 밴딩 팬츠로 구성된 투피스 파자마입니다. 시원한 블루 컬러 베이스에 옐로우/크림 톤의 스트라이프 패턴이 들어가 있어 경쾌하면서도 세련된 느낌을 줍니다.","오끼뜨는 '지속 가능한 행복'을 슬로건으로 내세우며, 단순한 잠옷이 아닌 일상의 즐거움을 주는 라이프스타일 브랜드로 포지셔닝하고 있습니다. 감각적인 비주얼과 편안한 무드를 통해 2030 세대에게 감성적인 홈웨어 브랜드로 어필하고 있습니다.","편안한 침실과 거실을 배경으로, 블루 스트라이프 파자마를 입고 휴식을 취하는 남녀 모델의 모습을 담았습니다. 아늑하고 감성적인 톤앤매너를 통해 제품의 편안한 착용감과 세련된 디자인을 동시에 전달합니다.","전체적인 톤앤무드는 '코지(Cozy)'와 '릴렉스(Relaxed)'로 정의할 수 있으며, 채도가 높지 않은 차분한 파스텔 톤이 주를 이룹니다. 따스한 햇살이 들어오는 주말 오후의 나른함을 시각화하여 보는 이로 하여금 휴식의 욕구를 불러일으킵니다.","자연광을 최대한 활용하여 부드러운 그림자를 만들고, 인물의 표정과 옷의 주름을 자연스럽게 포착했습니다. 정적인 스튜디오 촬영보다는 실제 집에서 촬영한 듯한 현장감을 살려 소비자가 자신의 공간에 대입해 볼 수 있도록 유도했습니다.","룩북의 배경은 과도한 소품을 배제하고 침구, 벽면 등 집의 본질적인 요소만을 남겨 미니멀하면서도 따뜻한 가정집의 무드를 조성했습니다. 이는 화려한 배경보다는 인물과 파자마 자체의 조화로움에 시선이 머물게 합니다.","모델들은 정형화된 패션 모델 포즈 대신, 엎드리거나 양반다리를 하고 앉는 등 홈웨어를 입었을 때 취할 수 있는 가장 편안한 자세를 취하고 있습니다. 이러한 포즈는 옷의 활동성과 소재의 유연함을 간접적으로 시각화하여 전달합니다.","메인 컬러인 '블루문'은 차분한 스카이 블루와 크림 옐로우가 섞인 스트라이프 패턴으로 구성되어 있습니다. 주변 배경의 화이트, 베이지, 우드 톤과 조화롭게 어우러지며 시각적으로 편안하고 안정된 컬러 팔레트를 형성합니다.","기숙사(도미토리)라는 이름에서 알 수 있듯이, 친구나 연인, 가족과 함께 입을 수 있는 유니섹스 디자인을 컨셉으로 잡았습니다. 유행을 타지 않는 클래식한 스트라이프 패턴에 브랜드만의 감성적인 컬러 배색을 더해, 집에서도 스타일을 잃지 않고 싶은 욕구를 충족시키는 디자인입니다.","오끼뜨의 '(uni)도미토리 시즌 스트라이프 파자마 블루문'은 클래식한 디자인과 감성적인 무드가 돋보이는 홈웨어 제품입니다. 남녀 공용(Unisex)으로 출시되어 커플 아이템이나 신혼부부 선물용으로 인기가 높으며, 리뷰 데이터에서도 커플 구매나 선물 목적의 구매가 다수 확인됩니다. 블루와 옐로우가 섞인 스트라이프 패턴은 산뜻하면서도 질리지 않는 매력을 주며, 집 안에서의 분위기를 한층 밝게 만들어줍니다.

소재 측면에서는 일반적인 면 100% 잠옷과 달리, 리뷰에서 언급된 바와 같이 약간의 '바스락거리는' 느낌과 스판기가 있는 혼방 소재를 사용한 것으로 보입니다. 이는 몸에 감기지 않는 쾌적한 착용감을 제공하며, 세탁 후 건조기 사용에도 비교적 변형이 적다는 실구매자들의 긍정적인 평가를 받고 있습니다. 다만, 부드러운 면 터치감을 선호하는 고객에게는 호불호가 갈릴 수 있는 포인트이므로 소재의 특성을 인지하고 구매하는 것이 좋습니다.

사이즈는 M, L, XL 등 다양하게 구성되어 있어 체형에 맞게 선택할 수 있으나, 전반적으로 넉넉하고 여유로운 핏으로 제작되었습니다. 키가 작은 여성분들에게는 기장이 길 수 있다는 리뷰가 있으므로 상세 사이즈 확인이 필요합니다. 29CM 단독 상품으로서의 희소성과 브랜드 특유의 감성적인 패키징 덕분에 '나를 위한 선물' 혹은 '소중한 사람을 위한 선물'로서의 가치가 높은 제품입니다.",,,,
여성_의류/26_3344135.pdf,TAMIM_에어 후크 젤리브라,타밈 (TAMIM),여성의류,언더웨어,28430,"상세 혼용률 미기재 (리뷰 및 설명 참조: 쿨링 소재, 메쉬 안감, 신축성 있는 젤리 텍스처 원단)",상세 페이지 내 미기재 (일반적인 심리스/젤리 브라의 경우 중성세제 손세탁 권장),"S,M,L","상세 사이즈 표 텍스트 없음 (리뷰 및 옵션 정보를 통해 S, M, L 구성 확인)","BLACK,COOL SKIN,AIR BLUE","미니멀하고 현대적인 분위기로, 과한 노출보다는 편안함과 스타일을 동시에 추구하는 무드입니다. 모델의 독특한 메이크업과 진주 목걸이 소품을 활용하여 단순한 속옷이 아닌 패션 아이템으로서의 감성을 더했습니다.","전반적으로 차분한 쿨톤과 무채색 계열이 주를 이룹니다. 배경의 회색 톤과 모델의 피부 톤, 그리고 블랙/스킨 컬러의 제품이 어우러져 세련되고 도시적인 인상을 줍니다.","군더더기 없는 깔끔한 그레이 톤의 스튜디오 배경을 사용했습니다. 이는 제품의 실루엣과 소재의 질감에 시선이 집중되도록 하며, 모던하고 깨끗한 브랜드 이미지를 강조하는 연출입니다.","상반신 클로즈업과 측면 프로필 샷을 중심으로 구성되어 있습니다. 정면 샷에서는 얇은 스트랩과 넥라인을, 측면 샷에서는 들뜸 없는 밀착력과 매끄러운 등 라인을 보여주는 데 집중했습니다.","모델은 화이트 속눈썹 등 예술적인 메이크업 포인트로 유니크한 매력을 발산합니다. 단순히 제품을 착용하고 있는 것을 넘어, 진주 목걸이를 활용하는 등 자연스러우면서도 감각적인 포즈를 취해 트렌디한 느낌을 줍니다.","세로 골지 패턴이 들어간 원단을 사용하여 밋밋하지 않고 캐주얼한 느낌을 줍니다. 어깨 끈이 매우 얇아 겉옷 밖으로 보여도 속옷 같지 않고 나시처럼 보이는 디자인이며, 와이어 없이 편안하게 밀착되는 '젤리' 같은 착용감이 특징입니다.","타밈은 기능성(편안함, 쿨링)과 심미성(디자인, 핏)을 모두 잡으려는 영 타겟의 언더웨어 브랜드로 보입니다. 인스타그램 등 SNS 감성에 맞는 비주얼 디렉팅을 통해 '보여줘도 예쁜 속옷'이라는 포지셔닝을 구축하고 있습니다.","모던하고 감각적인 스튜디오 촬영으로 제품의 편안한 핏과 세련된 디자인을 강조한 이미지입니다. 얇은 스트랩과 골지 텍스처가 돋보이며, 일상 속에서 편하게 입을 수 있는 데일리 브라임을 시각적으로 잘 전달합니다.","전체적으로 차분하고 정제된 '소프트 시크' 무드를 형성하고 있습니다. 화려한 색감보다는 블랙, 스킨, 그레이 등 뉴트럴 컬러를 활용하여 안정감을 주며, 편안함 속에 숨겨진 힙한 감성을 은은하게 드러냅니다.","부드러운 조명을 사용하여 모델의 피부와 제품의 질감을 자연스럽게 살렸습니다. 과도한 보정보다는 실제 착용 핏을 리얼하게 보여주는 앵글을 택했으며, 소품(진주)을 활용해 자칫 심심할 수 있는 언더웨어 룩북에 위트를 더했습니다.",장식적인 요소가 배제된 솔리드 컬러 배경은 제품의 '에어(Air)'라는 가벼운 컨셉과 잘 어울립니다. 공간감을 최소화하여 오직 모델과 제품의 핏감에만 집중하게 만드는 미니멀리즘 배경 연출입니다.,"정적인 자세보다는 목걸이를 잡거나 허리에 손을 얹는 등 동적인 요소를 가미했습니다. 이러한 포즈는 제품의 신축성과 활동성을 간접적으로 보여주며, 룩북에 생동감을 불어넣는 역할을 합니다.","블랙(Black), 쿨스킨(Cool Skin), 그레이(Grey)가 주된 컬러 팔레트입니다. 이는 데일리로 가장 많이 찾는 기본 색상임과 동시에, 브랜드가 추구하는 시크하고 모던한 아이덴티티를 대변하는 색상 조합입니다.","이 제품은 '안 입은 듯한 편안함'을 표방하는 심리스/노와이어 트렌드를 반영하되, 후크를 추가하여 사이즈 조절의 편의성을 높인 디자인입니다. 특히 얇은 어깨끈과 골지 패턴은 속옷의 전형성을 탈피하여, 얇은 티셔츠나 파인 옷 안에 입어도 스타일을 해치지 않는 '패션 언더웨어'로서의 컨셉을 명확히 하고 있습니다.","타밈의 '에어 후크 젤리브라'는 편안함과 스타일을 동시에 추구하는 현대 여성들을 위한 제품으로 분석됩니다. 제품명에서 알 수 있듯이 '공기처럼 가벼운 착용감'과 '젤리처럼 쫀득한 밀착력'이 핵심 세일즈 포인트입니다. 리뷰를 살펴보면 얇은 스트랩 덕분에 겉옷 위로 끈이 보여도 민망하지 않고 오히려 나시를 입은 것 같다는 긍정적인 반응이 많아, 여름철이나 얇은 옷차림에 특히 유용할 것으로 보입니다.

기능적인 측면에서는 와이어가 없어 압박감이 적고, 안감에 메쉬 소재를 사용하여 통기성을 높인 점이 돋보입니다. 기존의 심리스 브라들이 사이즈 조절이 어려웠던 단점을 보완하기 위해 후크 디테일을 추가한 점도 구매 결정에 큰 영향을 미치는 요소입니다. 다만, 리뷰에서 사이즈에 대한 언급(S는 타이트하다 등)이 있는 만큼, 상세 사이즈나 체형별 리뷰를 꼼꼼히 확인하고 구매하는 것이 좋겠습니다.

시각적으로는 세로 골지 패턴이 적용되어 일반적인 민무늬 심리스 브라보다 훨씬 영(Young)하고 캐주얼한 느낌을 줍니다. 모델 컷에서 보여지는 힙하고 감각적인 무드는 이 제품이 단순한 기능성 속옷이 아니라, 자신의 취향을 드러내는 패션 아이템으로 소비될 수 있음을 시사합니다. 29CM와 같은 편집숍 이용자들의 취향을 저격하는 트렌디한 디자인과 실용성을 겸비한 제품입니다.",,,,
여성_의류/27_3146185.pdf,(20차 예약판매-2월 11일부터 순차출고) Commuters Fleece _ OATMEAL,루스프로덕트 (luth product),여성의류 > 아우터 > 플리스,플리스 하프 집업,81600,"선염사 원단, 배색 부분 리사이클 원단 (플리스 소재)","30°C 이하 찬물 세탁 권장, 건조기 사용 금지, 섬유유연제 사용 권장, 표백제 및 강한 세제 사용 금지, 뒤집어서 단독 세탁, 걸어서 보관",Free,"총장 64, 어깨 47, 가슴단면 56, 밑단 46, 소매길이 60",OATMEAL,"편안하고 자연스러운 일상 속의 여유로움이 느껴지는 무드입니다. 카페나 실내 공간에서 촬영되어 따뜻하고 아늑한 감성을 전달하며, 과하게 꾸미지 않은 '꾸안꾸' 스타일을 지향합니다.","전체적으로 부드러운 오트밀 컬러와 자연광이 어우러져 웜톤의 따뜻한 느낌을 줍니다. 네이비 컬러의 배색 포인트가 차분함을 더해주며, 채도가 높지 않아 눈이 편안한 뉴트럴 톤을 유지하고 있습니다.",라이프스타일 컷은 우드 톤의 테이블과 카페 내부를 배경으로 하여 일상적인 공간감을 연출했습니다. 반면 제품 상세 컷은 깔끔한 흰색 또는 연회색 배경을 사용하여 제품의 디테일과 실루엣에 온전히 집중할 수 있도록 구성되었습니다.,"모델이 자연스럽게 앉아 있거나 일상을 즐기는 모습을 포착한 라이프스타일 컷과, 제품의 넥 라인 및 소재감을 보여주는 클로즈업 컷으로 구성되어 있습니다. 인물 중심의 감성적인 컷과 정보 전달을 위한 제품 누끼 컷이 적절히 조화를 이루고 있습니다.","모델은 카메라를 정면으로 응시하기보다 자연스러운 시선 처리와 포즈로 편안한 착용감을 강조하고 있습니다. 긴 머리를 자연스럽게 늘어뜨리고 일상복처럼 소화하여, 소비자가 실제 착용했을 때의 모습을 쉽게 상상할 수 있게 합니다.","포근한 플리스 소재에 넥 라인과 플라켓 부분의 네이비 배색 파이핑이 돋보이는 하프 스냅 디자인입니다. 가슴 부분에 브랜드 라벨이 부착되어 미니멀한 포인트를 주며, 넥을 세우거나 접어서 두 가지 스타일로 연출할 수 있는 실용적인 아이템입니다.","루스프로덕트는 일상에서 편안하게 입을 수 있으면서도 세심한 디테일을 놓치지 않는 감성 캐주얼 브랜드를 지향하는 것으로 보입니다. 고객의 피드백을 반영하여 소재를 개선하는 등 소통을 중시하며, 유행을 타지 않는 베이직한 디자인에 브랜드만의 감성을 한 스푼 더한 포지셔닝을 취하고 있습니다.","부드러운 오트밀 컬러의 플리스를 입고 카페에서 여유를 즐기는 모델의 모습을 통해 따뜻하고 편안한 착용감을 시각적으로 전달합니다. 배색 디테일과 브랜드 로고가 돋보이는 디자인으로, 데일리 룩으로 활용하기 좋은 아이템임을 강조하고 있습니다.","전반적으로 차분하고 아늑한 뉴트럴 톤 앤 무드를 형성하고 있습니다. 오트밀과 우드, 그리고 자연광이 어우러져 겨울철 실내의 포근함을 연상시키며, 자극적이지 않은 색감으로 편안함을 줍니다.",자연광을 활용하여 플리스 소재 특유의 부드러운 텍스처를 잘 살려 촬영했습니다. 앵글은 아이레벨이나 약간 위에서 아래를 내려다보는 시선을 사용하여 모델과의 거리감을 좁히고 친근한 느낌을 주도록 연출되었습니다.,도심 속 카페나 일상적인 실내 공간을 배경으로 설정하여 'Commuters(통근자)'라는 제품명에 걸맞은 데일리 라이프스타일 무드를 조성했습니다. 배경을 흐릿하게 처리하거나 부분적으로만 노출시켜 인물과 제품이 돋보이게 하면서도 현장감을 살렸습니다.,모델은 경직된 패션 화보 포즈보다는 테이블에 팔을 기대거나 가방을 정리하는 등 일상적인 움직임을 보여줍니다. 이러한 자연스러운 포즈는 옷의 활동성과 편안한 핏을 간접적으로 보여주는 역할을 합니다.,"메인 컬러인 소프트한 오트밀(Beige/Oatmeal)을 베이스로, 넥 라인의 딥 네이비(Deep Navy)가 포인트 컬러로 사용되었습니다. 주변 배경의 브라운(Wood)과 그레이 톤이 어우러져 전체적으로 안정감 있는 어스 컬러(Earth Color) 팔레트를 구성합니다.","'매일 입기 좋은 잘 만든 옷'이라는 슬로건처럼 실용성과 심미성을 동시에 추구한 디자인입니다. 아웃도어 의류인 플리스를 도시적인 감성으로 재해석하여, 배색 라인과 스냅 버튼으로 레트로하면서도 세련된 느낌을 줍니다. 넥 라인의 변형이 가능하여 보온성과 스타일링의 다양성을 모두 고려한 스마트한 디자인입니다.","이 상품은 루스프로덕트의 스테디셀러인 'Commuters Fleece' 오트밀 컬러로, 편안함과 스타일을 동시에 잡은 데일리 아우터입니다. 20차 예약 판매가 진행될 정도로 높은 인기를 구가하고 있으며, 고객의 피드백을 반영하여 목 부분의 배색 원단을 부드러운 소재로 개선한 점이 돋보입니다. 오트밀 컬러 베이스에 네이비 배색 라인과 스냅 버튼 디테일이 더해져, 자칫 평범해 보일 수 있는 플리스에 세련된 레트로 감성을 불어넣었습니다.

소재 측면에서는 선염사 원단을 사용하여 세탁 후에도 물 빠짐 없이 은은한 컬러감을 유지하며, 리사이클 원단을 배색에 사용하여 환경적인 측면도 고려했습니다. 넉넉한 품과 적당한 기장감(총장 64cm)의 프리 사이즈로 제작되어 다양한 체형의 여성들이 편안하게 착용할 수 있으며, 넥 라인을 접거나 세워서 연출할 수 있어 보온성과 스타일링 활용도가 높습니다.

240개가 넘는 리뷰에서 알 수 있듯이, '가볍고 따뜻하다', '부드러운 촉감', '어디에나 잘 어울리는 디자인'이라는 평이 주를 이룹니다. 특히 쿨한 오트밀 컬러라 얼굴이 화사해 보인다는 의견과, 소매와 카라의 디테일이 고급스럽다는 반응이 많습니다. 다만 예약 배송 상품이라 배송 기간이 다소 소요될 수 있다는 점은 구매 시 고려해야 할 포인트입니다.

결론적으로 이 제품은 겨울철 휘뚜루마뚜루 입을 수 있는 따뜻하고 예쁜 플리스를 찾는 2030 여성들에게 강력히 추천합니다. 청바지, 트레이닝 팬츠, 스커트 등 어떤 하의와도 매치하기 쉬워 활용도가 매우 높으며, 개선된 넥 라인 소재로 예민한 피부를 가진 분들도 부담 없이 착용할 수 있는 완성도 높은 아이템입니다.",,,,
여성_의류/27_3410586.pdf,Nia Drape Neck Tee_Black,108파운드 (108POUND),여성의류,긴소매 티셔츠,46800,"Tencel 70%, Wool 30%","상세 페이지 내 별도 표기 없으나, 텐셀/울 혼방 소재 특성상 드라이클리닝 또는 미온수 손세탁을 권장합니다.",FREE,"Hemline 41, Shoulder 41, Armholes 20, Sleeve Length 65, Length 55 (단면 cm 기준)",BLACK,차분하고 감성적인 미니멀 무드가 돋보입니다. 화려한 장식보다는 옷의 실루엣과 소재감이 주는 자연스러운 분위기를 강조하여 세련되면서도 편안한 느낌을 줍니다.,"전체적으로 차분한 모노톤과 블랙 컬러가 중심을 잡고 있습니다. 조명은 너무 밝지 않게 설정되어 옷의 텍스처와 모델의 피부 톤을 부드럽게 연결하며, 깊이감 있는 분위기를 연출합니다.",복잡한 배경 없이 심플한 실내 공간이나 단색 배경을 사용하여 피사체에 시선이 집중되도록 했습니다. 이는 108파운드 브랜드 특유의 정제되고 깔끔한 감성을 시각적으로 전달합니다.,"모델의 상반신을 중심으로 한 앵글이 주를 이루며, 넥 라인의 드레이프와 소매 기장을 잘 보여주는 구도입니다. 정적인 포즈뿐만 아니라 자연스러운 움직임을 포착하여 소재의 흐름을 강조했습니다.",모델은 과한 포즈보다는 힘을 뺀 자연스러운 자세로 옷의 '여리여리한' 핏을 극대화하고 있습니다. 무심한 듯 시크한 표정과 제스처를 통해 꾸미지 않은 듯한 멋스러움을 표현합니다.,"자연스럽게 흐르는 드레이프 넥 디자인이 가장 큰 특징이며, 앞뒤 구분 없이 입을 수 있는 리버서블 스타일로 활용도가 높습니다. 텐셀과 울이 혼방된 얇고 비침이 있는 소재가 바디 라인을 은은하게 드러내어 페미닌한 무드를 줍니다.","108파운드는 일상 속에서 자연스럽게 스며드는 감성적인 데일리웨어를 제안하는 브랜드입니다. 베이직한 아이템에 소재와 핏의 변주를 주어, 입는 사람의 분위기를 돋보이게 만드는 디자인 철학을 가지고 있습니다.",블랙 컬러의 롱 슬리브 티셔츠를 입은 모델이 자연스러운 드레이프 넥라인을 보여주고 있습니다. 얇은 소재감이 주는 시스루한 매력과 여성스러운 실루엣이 돋보이는 감성적인 이미지입니다.,전체적으로 차분하고 서정적인 '센티멘털 미니멀리즘'을 띠고 있습니다. 블랙 컬러가 주는 시크함 속에 소재의 유연함이 더해져 부드럽고 여성스러운 무드를 자아냅니다. 화려함보다는 은은한 멋스러움을 추구하는 톤입니다.,조명을 은은하게 사용하여 옷의 주름과 텍스처를 부각시켰습니다. 정면뿐만 아니라 측면이나 자연스러운 움직임을 포착하여 드레이프성이 돋보이도록 촬영한 것이 특징입니다. 인위적인 연출을 배제하고 자연광이나 부드러운 실내광을 활용한 듯한 느낌을 줍니다.,"모던하고 정제된 실내 공간이나 텍스처가 있는 벽면을 배경으로 하여 피사체에 집중도를 높였습니다. 차가운 도시적인 느낌보다는 따뜻하고 아늑한 실내의 감성을 담고 있어, 옷이 주는 편안한 착용감을 시각적으로 암시합니다.","쇄골 라인이나 어깨 선이 드러나도록 고개를 돌리거나 팔을 자연스럽게 늘어뜨리는 포즈를 취했습니다. 옷의 넥 라인이 자연스럽게 흘러내리는 모습을 연출하기 위해 경직되지 않은 유연한 자세를 유지하며, 손끝의 디테일까지 신경 쓴 모습입니다.","주된 컬러는 깊이감 있는 블랙(Black)이며, 모델의 피부톤과 대비되어 옷의 실루엣이 명확하게 드러납니다. 주변 요소들은 채도를 낮추거나 무채색 계열로 구성하여 블랙 티셔츠의 존재감을 해치지 않도록 밸런스를 맞췄습니다.","'자연스러운 멋'을 핵심 컨셉으로 잡은 디자인입니다. 인위적인 넥 라인이 아닌 착용자의 몸에 따라 흐르는 드레이프 넥과, 앞뒤 구분 없는 리버서블 기능은 실용성과 심미성을 동시에 만족시킵니다. 얇은 텐셀 울 소재를 사용하여 바디 실루엣을 은근하게 드러내는 페미닌한 요소를 가미했습니다.","이 상품은 108파운드의 감성이 잘 드러나는 'Nia Drape Neck Tee'로, 자연스러운 실루엣을 선호하는 여성들에게 적합한 아이템입니다. 텐셀 70%와 울 30% 혼방 소재를 사용하여 피부에 닿는 촉감이 부드럽고, 얇은 두께감 덕분에 바디 라인을 따라 흐르는 핏이 매우 여성스럽습니다. 특히 앞뒤 구분 없는 리버서블 디자인은 넥 라인의 파임 정도를 조절하여 다양한 무드로 연출할 수 있다는 점에서 큰 장점입니다.

리뷰를 종합해보면, '여리여리해 보인다', '핏이 예쁘다'는 긍정적인 평가가 지배적입니다. 다만 소재가 매우 얇아 비침이 심하다는 점은 구매 전 반드시 고려해야 할 사항이며, 이에 따라 적절한 이너웨어 착용이 필수적입니다. 또한 체형에 따라 어깨 흘러내림이나 팔뚝 부각이 있을 수 있다는 피드백도 있어, 자신의 체형과 평소 스타일을 고려한 구매가 필요합니다.

결론적으로 이 제품은 단독 착용보다는 레이어드나 이너로 활용했을 때 빛을 발하는 아이템입니다. 블랙 컬러 특유의 시크함과 시스루 소재의 관능적인 매력이 공존하여, 데님이나 슬랙스 위에 무심하게 걸치기만 해도 스타일리시한 '꾸안꾸' 룩을 완성할 수 있어 소장 가치가 충분합니다.",,,,
여성_의류/28_3091097.pdf,LOW SOFT SWEAT ZIP-UP HOODIE_CHARCOAL_LC267TS12CC,로우클래식 (LOW CLASSIC),여성의류,후드 집업,101750,"SOFT SWEAT (상세 혼용률 텍스트 미표기, 코튼 소재의 스웨트 원단으로 추정)",상세 페이지 내 케어 라벨 참조 요망 (일반적인 스웨트 의류 세탁법 권장),"S,M,L,XL","상세 사이즈 표 텍스트 없음 (리뷰 및 옵션 정보에 따르면 S, M, L, XL 사이즈가 존재하며, XL 사이즈는 특정 일자 입고 예정임)",CHARCOAL,빈티지하면서도 자연스러운 스트릿 무드가 느껴집니다. 꾸미지 않은 듯한 편안함(꾸안꾸)과 도시적인 감성이 조화를 이루고 있습니다.,전반적으로 채도가 낮은 차콜과 물 빠진 듯한 블루 컬러가 어우러져 차분하고 쿨한 톤을 형성합니다. 필름 카메라로 찍은 듯한 빈티지한 색감이 돋보입니다.,해외의 거리나 주차요금 정산기 앞 등 일상적인 도시의 외부 공간을 배경으로 하고 있습니다. 스튜디오가 아닌 야외 로케이션 촬영을 통해 리얼웨이 룩의 느낌을 강조했습니다.,"모델의 상반신을 클로즈업하여 로고 디테일을 보여주는 컷과, 전신을 보여주어 전체적인 핏과 스타일링을 보여주는 컷으로 구성되어 있습니다. 정적인 포즈보다는 움직임이 있는 순간을 포착한 듯한 구도입니다.",모델들은 화려한 메이크업보다는 수수하고 자연스러운 모습을 연출하고 있습니다. 안경을 쓰거나 장바구니를 끄는 등 일상 속의 자연스러운 모습을 통해 친근하면서도 힙한 분위기를 자아냅니다.,"차콜 컬러 베이스에 전면부의 큼직한 'LOW' 타이포그래피 아플리케 자수가 포인트인 후드 집업입니다. 어깨선이 내려간 드롭 숄더 디자인으로 여유로운 오버핏 실루엣을 연출하며, 빈티지한 워싱감이 특징입니다.",로우클래식은 미니멀리즘을 기반으로 하되 위트 있는 디테일을 더해 트렌디한 감각을 보여주는 브랜드입니다. 대중적인 아이템인 후드 집업에도 브랜드만의 로고 플레이와 핏을 적용하여 소장 가치를 높이는 포지셔닝을 취하고 있습니다.,빈티지한 차콜 색상과 볼드한 로고가 돋보이는 후드 집업을 입은 모델이 도시 거리에서 자연스러운 일상을 즐기는 모습입니다. 편안하면서도 스타일리시한 데일리룩을 제안합니다.,"전체적으로 차분하고 빈티지한 그레이시(Grayish) 톤이 지배적이며, 도시의 일상적인 소음이 들릴 것 같은 자연스러운 무드입니다. 과하게 연출되지 않은 쿨하고 시크한 분위기가 제품의 캐주얼한 매력을 극대화합니다.",인위적인 조명보다는 자연광을 활용하여 옷의 질감과 색감을 사실적으로 표현했습니다. 스냅 사진처럼 순간을 포착하는 캔디드(Candid) 기법을 사용하여 모델의 자연스러운 표정과 움직임을 담아냈습니다.,오래된 상점이나 거리의 구조물들이 보이는 이국적인 도시의 거리를 배경으로 하여 자유분방한 스트릿 감성을 연출했습니다. 이러한 배경은 제품이 일상생활에서 얼마나 편안하고 멋스럽게 어울리는지를 효과적으로 보여줍니다.,"모델은 카메라를 정면으로 응시하며 밝게 웃거나, 무심하게 시선을 아래로 두는 등 다채로운 표정과 포즈를 취합니다. 경직된 패션 모델의 포즈가 아닌, 실제 친구가 찍어준 듯한 자연스러운 제스처가 특징입니다.","메인 컬러인 차콜(Charcoal)과 로고의 페이딩된 네이비(Faded Navy)가 주를 이룹니다. 여기에 데님 팬츠의 블루, 이너 티셔츠의 화이트, 슬랙스의 블랙 등이 서브 컬러로 매치되어 무채색 중심의 안정적인 컬러 팔레트를 보여줍니다.","클래식한 스웨트 후드 집업에 브랜드의 아이덴티티를 담은 로고를 크게 배치하여 '뉴 클래식'을 지향하는 디자인입니다. 낡은 듯한 워싱 처리를 통해 새 옷 같지 않은 익숙함과 빈티지한 멋을 의도했으며, 넉넉한 핏으로 편안함과 스타일을 동시에 잡았습니다.","이 제품은 로우클래식의 시그니처 아이템 중 하나로, 1,700개가 넘는 리뷰가 증명하듯 대중적인 인기를 얻고 있는 후드 집업입니다. 빈티지한 차콜 컬러와 물 빠진 듯한 블루 로고의 조화가 매력적이며, 유행을 타지 않으면서도 브랜드의 감성을 확실히 드러내는 아이템입니다. 

리뷰에 따르면 기모가 없는 적당한 두께감의 'Soft Sweat' 소재로 사계절 내내 활용도가 높으며, 오버사이즈 핏으로 제작되어 체형 커버에 용이합니다. 특히 S부터 XL까지 다양한 사이즈 옵션이 있어 남녀 공용으로 착용하거나 원하는 핏에 따라 사이즈를 선택할 수 있는 점이 큰 장점입니다. 

캐주얼한 데님부터 포멀한 슬랙스까지 다양한 하의와 매치하기 쉬워 데일리 아이템으로 강력 추천합니다. 가격대는 10만 원대 초반으로 형성되어 있어 브랜드 인지도와 퀄리티를 고려했을 때 합리적인 구매가 될 수 있습니다.",,,,
여성_의류/29_3640279.pdf,(4차_2/19예약배송) Brushed mohair crochet cardigan_cream,어랜 (AARAN),여성_의류,카디건,118000,"Acrylic 44%, Kidmohair 22%, Wool 22%, Nylon 12%","드라이클리닝 권장, 기계 세탁 시 변형/이염/변색/탈색 가능성 있음, 건조기 사용 금지, 염소/산소계 표백제 사용 금지",Free,"어깨 37, 가슴 45, 총기장 51, 밑단 38, 소매기장 62, 암홀 22, 소매단면 14, 소매밑단 10.5",CREAM,전반적으로 따뜻하고 빈티지한 겨울 감성이 물씬 풍기는 로맨틱한 무드입니다. 크리스마스나 연말 홀리데이 시즌의 설렘과 아늑함을 강조하는 연출이 돋보입니다. 필름 카메라로 찍은 듯한 노이즈와 부드러운 질감이 감성적인 분위기를 자아냅니다.,"따뜻한 웜톤의 아이보리와 크림색이 주를 이루며, 배경의 붉은색과 갈색이 어우러져 포근한 인상을 줍니다. 차가운 겨울 날씨와 대비되는 실내의 아늑한 조명 톤을 사용하여 시각적인 온기를 전달합니다.","빈티지한 인형과 소품이 가득한 아기자기한 상점 내부와, 붉은 벨벳 커튼이 드리워진 스튜디오 배경이 사용되었습니다. 이러한 배경은 'Tender Winter'라는 시즌 컨셉에 맞춰 동화적이고 연극적인 요소를 더해줍니다.","모델이 직접 찍은 듯한 자연스러운 셀피 구도와 선물 상자를 들고 서 있는 전신 룩북 컷이 혼합되어 있습니다. 클로즈업 샷에서는 소재의 질감을 강조하고, 전신 샷에서는 전체적인 실루엣과 코디 밸런스를 보여줍니다.","모델은 자연스럽게 헝클어진 듯한 헤어스타일과 옅은 메이크업으로 청순하고 여리여리한 이미지를 연출했습니다. 카메라를 응시하는 눈빛이 차분하면서도 몽환적이며, 소녀스러운 브랜드의 정체성을 잘 표현하고 있습니다.","성글게 짜인 크로셰 조직과 기모감이 올라온 모헤어 소재가 결합되어 입체적이고 포근한 텍스처가 특징입니다. 목선과 단추 라인을 따라 몽글몽글하게 마감된 디테일이 러블리함을 더하며, 핏되지 않고 적당히 여유 있게 떨어지는 실루엣입니다.","어랜(AARAN)은 빈티지한 감성을 현대적으로 재해석하여 소녀스럽고 낭만적인 룩을 제안하는 브랜드로 보입니다. 단순히 옷을 파는 것이 아니라, 특유의 따뜻한 색감과 스토리텔링을 통해 감성적인 라이프스타일을 공유하는 포지셔닝을 취하고 있습니다.",빈티지한 소품샵과 홀리데이 무드 속에서 크림색 모헤어 가디건을 입은 모델이 따뜻한 겨울 감성을 전달합니다. 포근한 소재감과 사랑스러운 디자인이 돋보이는 룩북입니다.,"전체적인 톤 앤 무드는 '빈티지 홀리데이'로 요약할 수 있으며, 빛바랜 듯한 따뜻한 색감과 부드러운 조명이 어우러져 향수를 자극합니다. 겨울철 실내의 아늑함과 연말의 들뜬 분위기를 차분하면서도 사랑스럽게 표현하고 있습니다.","인위적인 스튜디오 조명보다는 자연광이나 은은한 실내 조명을 활용하여 부드러운 분위기를 연출했습니다. 초점을 살짝 흐리게 하거나 노이즈를 더해 몽환적인 느낌을 주었으며, 소품(인형, 선물상자)을 적극 활용하여 시즌성을 강조했습니다.","배경은 크게 두 가지로, 하나는 키치하고 빈티지한 소품들이 가득한 공간에서 일상적인 느낌을, 다른 하나는 붉은 배경 앞에서 선물 상자를 든 연출로 특별한 날의 느낌을 줍니다. 이는 제품이 일상과 특별한 날 모두에 어울린다는 점을 시각적으로 암시합니다.","모델은 과장된 포즈 대신 소품을 만지거나 가만히 서 있는 정적인 포즈를 취하여 차분하고 서정적인 느낌을 줍니다. 시선 처리가 자연스럽고, 옷의 핏을 망치지 않는 선에서 편안하게 움직이는 듯한 모습이 특징입니다.","메인 컬러인 부드러운 크림(Cream)색을 중심으로, 배경의 딥 레드(Deep Red), 브라운(Brown), 그리고 소품들의 파스텔 톤이 조화를 이룹니다. 전반적으로 채도가 낮고 명도가 높은 색상들이 섞여 있어 눈이 편안하고 따뜻한 느낌을 줍니다.","할머니가 짜준 듯한 손맛이 느껴지는 '크로셰(Crochet)' 기법과 현대적인 모헤어 소재를 결합한 '뉴트로(New-tro)' 컨셉입니다. 성근 짜임 사이로 이너가 비치는 것을 고려하여 레이어드 룩을 유도했으며, 겨울철 포인트 아이템으로 활용하기 좋은 로맨틱한 디자인입니다.","이 제품은 어랜(AARAN)의 'Brushed mohair crochet cardigan'으로, 빈티지한 크로셰 짜임과 풍성한 모헤어 텍스처가 돋보이는 겨울 시즌 아이템입니다. 룩북과 상세 페이지 전반에 걸쳐 'Tender Winter'라는 컨셉 아래 따뜻하고 몽환적인 홀리데이 무드를 강조하고 있으며, 선물 상자나 빈티지 소품을 활용한 연출이 구매 욕구를 자극합니다. 디자인적으로는 몽글몽글한 마감과 크림 컬러가 주는 러블리함이 강점이지만, 성근 짜임 특성상 보온성을 위해 터틀넥 등 이너웨어와의 매치가 필수적입니다.

실제 구매 고객들의 리뷰를 분석해보면 디자인과 핏에 대한 만족도는 매우 높으나, 모헤어와 울 혼방 소재 특유의 '까슬거림'에 대한 언급이 많습니다. 피부가 예민한 경우 단독 착용보다는 모델 컷처럼 목폴라나 긴팔 티셔츠와 함께 레이어드하는 것이 권장됩니다. 사이즈는 'Free' 사이즈이나, 리뷰에 따르면 체구가 작은 분들에게는 약간 여유 있고, 66사이즈 이상인 분들에게는 정핏으로 느껴질 수 있는 스탠다드한 실루엣입니다. 전반적으로 겨울철 코트 안에 포인트로 입거나 실내에서 가볍게 걸치기 좋은, 감성적이고 여성스러운 아이템을 찾는 2030 여성들에게 적합한 제품입니다.",,,,
여성_의류/30_2773705.pdf,[경은 착용]_HIGH NECK BUTTON CARDIGAN MELANGE GREY,미치코런던 코시노 (MICHIKO LONDON KOSHINO),여성의류 > 니트웨어 > 카디건,카디건,44800,"아크릴, 면 혼방 (리뷰 및 Q&A 참조)",드라이클리닝 권장 (니트류 일반적 관리법),"FREE,FREE (MIDDLE.ver)",상세 사이즈 표 텍스트 없음 (리뷰에서 150~170cm 다양한 체형 착용 확인),"MELANGE GREY,BLACK,BEIGE,BROWN","미니멀, 캐주얼, 빈티지, 코지","뉴트럴 톤, 소프트 그레이, 웜톤 조명(라이프스타일 컷)",깔끔한 스튜디오 배경(화이트/그레이) 및 따뜻한 분위기의 카페/실내 우드 인테리어,"전신 컷, 상반신 클로즈업, 앉아있는 라이프스타일 연출 컷 혼합","모델은 자연스럽고 무심한 듯한 표정으로 시크한 분위기를 연출하고 있습니다. 스튜디오 컷에서는 정적인 포즈로 옷의 핏을 강조하고, 라이프스타일 컷에서는 모자를 쓰고 편안하게 앉아 데일리한 활용성을 보여줍니다.",목까지 올라오는 하이넥 디자인에 단추가 달려 있어 터틀넥처럼 연출하거나 카라를 접어 입을 수 있는 투웨이 스타일입니다. 소매와 허리 부분의 시보리가 짱짱하게 잡혀 있어 허리 라인을 강조하는 슬림한 실루엣을 보여줍니다.,미치코런던 코시노는 클래식한 아이템에 현대적인 감성을 더해 트렌디하면서도 실용적인 룩을 제안합니다. 합리적인 가격대와 다양한 컬러 구성을 통해 2030 여성들의 데일리 패션 브랜드로 포지셔닝하고 있습니다.,"멜란지 그레이 컬러의 하이넥 니트 카디건을 입은 모델이 스튜디오와 카페에서 다양한 무드로 제품을 소화하고 있습니다. 단추를 모두 잠가 단정한 느낌을 주거나, 캐주얼한 액세서리와 매치해 편안한 일상 룩을 보여줍니다.","전반적으로 차분하고 세련된 뉴트럴 톤이 지배적이며, 멜란지 그레이 색상이 주는 부드럽고 포근한 느낌이 강조됩니다. 스튜디오 컷은 모던하고 깔끔한 무드인 반면, 라이프스타일 컷은 따뜻한 조명과 우드 톤을 활용해 아늑하고 감성적인 겨울 분위기를 자아냅니다.","제품의 디테일과 핏을 명확히 보여주는 고해상도 스튜디오 촬영과, 실제 착용 상황을 상상하게 하는 스냅샷 스타일의 촬영이 공존합니다. 스튜디오에서는 그림자를 최소화하여 옷의 형태를 강조했고, 야외/실내 컷에서는 자연광과 텅스텐 조명을 섞어 감성적인 색감을 연출했습니다.","룩북의 배경은 크게 두 가지로 나뉘는데, 하나는 시선을 제품에 집중시키는 무채색의 솔리드 배경입니다. 다른 하나는 빈티지한 소품과 나무 질감이 돋보이는 카페나 실내 공간으로, 편안하고 여유로운 주말 오후의 무드를 형성하여 '꾸안꾸' 스타일링을 제안합니다.",모델은 과장된 포즈보다는 자연스럽게 서 있거나 편안하게 앉아 있는 자세를 취해 옷의 활동성과 편안함을 강조합니다. 특히 주머니에 손을 넣거나 무릎을 감싸 안는 등의 포즈는 니트 소재가 주는 유연함과 코지한 느낌을 시각적으로 잘 전달합니다.,"메인 컬러인 멜란지 그레이(Melange Grey)를 중심으로 블랙(Black), 베이지(Beige), 브라운(Brown) 등 차분하고 활용도 높은 어스 컬러(Earth Color) 위주로 구성되어 있습니다. 이는 가을/겨울 시즌에 적합하며 어떤 하의와도 매치하기 쉬운 베이직한 컬러감입니다.","이 제품은 '하이넥 버튼 카디건'이라는 명칭답게 넥 라인의 변형이 자유로운 것이 핵심 디자인 컨셉입니다. 일반적인 브이넥 카디건과 달리 목을 감싸는 디자인으로 보온성을 높이면서도, 단추를 활용해 답답하지 않게 스타일링할 수 있는 실용적인 미니멀리즘을 추구합니다.","이 상품은 미치코런던 코시노의 베스트셀러 아이템으로, 1,300개가 넘는 리뷰가 증명하듯 대중적인 인기를 얻고 있는 하이넥 카디건입니다. 가장 큰 특징은 목까지 올라오는 버튼 디테일로, 단추를 모두 잠그면 터틀넥처럼 단정하고 시크한 무드를, 풀면 자연스러운 카라 카디건으로 연출할 수 있어 활용도가 매우 높습니다. 멜란지 그레이 컬러는 고급스럽고 차분하여 슬랙스, 데님, 스커트 등 다양한 하의와 매치하기 좋습니다.

리뷰 데이터를 분석해보면, 핏과 디자인에 대한 만족도는 매우 높으나 소재에 대한 호불호가 갈리는 편입니다. 많은 구매자들이 '디자인이 예쁘고 핏이 날씬해 보인다', '목이 길어 보인다'며 긍정적으로 평가했지만, 일부는 소재가 다소 까슬거려 이너 착용이 필수적이라고 언급했습니다. 아크릴과 면 혼방 소재로 추정되며, 피부가 예민한 고객은 이 점을 고려해야 합니다.

사이즈는 FREE 사이즈와 기장이 조절된 MIDDLE 버전으로 나뉘어 있어 키와 체형에 맞춰 선택할 수 있는 점이 장점입니다. 150cm대부터 170cm대까지 다양한 신장의 고객들이 구매하고 있으며, 전반적으로 몸에 적당히 핏되는 실루엣을 선호하는 2030 여성들에게 적합합니다. 가격 대비 디자인 완성도가 높아 선물용으로도 인기가 많습니다.

결론적으로 이 제품은 트렌디한 디자인과 합리적인 가격(할인가 4만원대)을 갖춘 가성비 좋은 겨울/간절기 아이템입니다. 단독 착용 시 소재의 촉감 부분만 유의한다면, 데일리 룩부터 출근 룩까지 폭넓게 활용 가능한 필수 기본템으로 추천할 만합니다.",,,,
여성_의류/30_3733345.pdf,RAW EDGE CARDIGAN [GREY],로우타이드(LOW TIDE),여성의류,카디건,148000,"Nylon 45%, Polyester 30%, Acrylic 15%, Wool 10%","반드시 단독 드라이크리닝, 기계 건조 금지, 통풍 잘 되는 그늘 건조, 비틀어 짜기 금지, 표백제 사용 금지",OS,"총장 59, 가슴 43.5, 어깨 38.5, 밑단 44.5, 암홀 21, 소매장 61.5 (단위: cm)",GREY,자연스럽고 차분한 미니멀리즘 무드입니다. 화려한 장식보다는 소재의 질감과 실루엣에 집중하여 감성적이고 세련된 분위기를 자아냅니다.,전반적으로 채도가 낮은 그레이와 화이트 톤이 주를 이루는 쿨톤 계열의 이미지입니다. 차가우면서도 부드러운 빛을 사용하여 서정적인 인상을 줍니다.,질감이 느껴지는 깨끗한 흰색 또는 밝은 회색 벽을 배경으로 사용하여 피사체에 집중도를 높였습니다. 군더더기 없는 배경은 옷의 디테일한 텍스처를 돋보이게 하는 연출 의도가 엿보입니다.,"모델의 상반신을 중심으로 한 미디엄 샷과 클로즈업 샷으로 구성되어 있습니다. 옷의 핏과 소재의 헤어리한 느낌, 그리고 밑단의 데미지 디테일을 잘 보여주는 구도입니다.",자연스럽게 헝클어진 웨이브 헤어 또는 차분한 생머리로 내추럴한 아름다움을 강조했습니다. 카메라를 정면으로 응시하기보다 시선을 떨구거나 측면을 바라보며 나른하고 편안한 분위기를 연출하고 있습니다.,밑단과 소매 끝부분의 올이 풀린 듯한 '로 엣지(Raw Edge)' 디테일이 가장 큰 특징입니다. 랩 스타일로 묶어서 연출하거나 단추를 잠가 기본 카디건으로 입는 등 다양한 스타일링이 가능한 투웨이 디자인입니다.,로우타이드는 트렌디하면서도 과하지 않은 디테일로 일상 속에 자연스럽게 녹아드는 룩을 제안하는 브랜드로 보입니다. 정제된 컬러감과 독특한 텍스처 처리를 통해 감각적인 2030 여성을 타겟팅하고 있습니다.,빈티지한 데미지 디테일과 모던한 그레이 컬러가 조화를 이루는 니트 카디건 화보입니다. 랩 스타일과 레이어드 룩을 통해 제품의 높은 활용도와 감성적인 무드를 동시에 보여줍니다.,"전체적으로 채도가 낮고 명도가 높은 소프트한 그레이 톤이 지배적이며, 차분하고 정적인 무드를 형성합니다. 빛이 부드럽게 퍼지는 조명을 사용하여 니트의 포근함과 브랜드 특유의 서정적인 감성을 극대화했습니다. 도시적이면서도 어딘가 나른한 오후의 햇살 같은 편안함이 공존합니다.","인위적인 스튜디오 조명보다는 자연광에 가까운 부드러운 확산광을 사용하여 그림자를 최소화했습니다. 이를 통해 니트 원사의 텍스처와 데미지 디테일을 섬세하게 포착했으며, 모델의 움직임에 따라 옷의 주름이 자연스럽게 잡히는 순간을 포착하여 생동감을 더했습니다.","장식적인 요소가 배제된 미니멀한 화이트 월을 배경으로 하여 오직 모델과 옷에만 시선이 머물도록 했습니다. 벽면의 미세한 텍스처가 느껴지는 배경은 너무 차갑지 않은 빈티지한 감성을 더해주며, 제품의 'Raw'한 컨셉과 잘 어우러집니다.","모델은 정형화된 패션 포즈보다는 일상 속의 자연스러운 움직임을 보여주는 듯한 포즈를 취하고 있습니다. 허리에 끈을 묶거나 주머니에 손을 넣는 등 옷의 기능적인 부분을 자연스럽게 보여주면서도, 힘을 뺀 듯한 자세로 '꾸안꾸(꾸민 듯 안 꾸민 듯한)' 스타일을 강조합니다.","메인 컬러인 헤더 그레이(Heather Grey)를 중심으로, 화이트, 블랙과 같은 무채색 계열이 팔레트를 구성합니다. 포인트 컬러 없이 톤온톤(Tone-on-Tone) 배색을 사용하여 시각적인 편안함과 고급스러움을 동시에 전달합니다.","기본적인 카디건 형태에 해체주의적인 요소를 가미한 디자인입니다. 끝단이 뜯어진 듯한 데미지 디테일은 빈티지한 매력을 주며, 앞뒤로 착용 가능하거나 랩 스타일로 변형할 수 있는 구조는 사용자의 개성에 따른 다양한 연출을 가능하게 하는 실용적인 컨셉을 담고 있습니다.","로우타이드의 'RAW EDGE CARDIGAN'은 평범한 니트웨어에 지루함을 느끼는 분들에게 신선한 대안이 될 제품입니다. 울 혼방 소재를 사용하여 적당한 보온성을 갖추면서도, 나일론과 폴리에스터를 혼방하여 내구성을 높이고 독특한 텍스처를 구현했습니다. 가장 돋보이는 점은 제품명에서도 알 수 있듯 밑단과 소매의 데미지 디테일로, 이는 자칫 밋밋할 수 있는 그레이 카디건에 확실한 포인트가 되어줍니다.

이 제품의 가장 큰 장점은 뛰어난 활용도입니다. 룩북 이미지에서 볼 수 있듯이 끈을 활용해 허리를 묶어 랩 스타일의 니트 톱처럼 연출하면 페미닌하고 우아한 실루엣을 만들 수 있습니다. 반면, 오픈해서 입거나 이너와 레이어드하면 시크하고 캐주얼한 무드로 변신합니다. 앞뒤 착용이 가능하여 풀오버 형태로도 입을 수 있다는 점은 하나의 옷으로 여러 벌의 효과를 낼 수 있는 경제적인 선택이기도 합니다.

전체적인 무드는 차분하고 감성적이며, 20대 후반에서 30대 여성들이 선호할 만한 세련된 미니멀리즘을 지향합니다. 화이트 스커트나 팬츠와 매치했을 때 가장 깨끗하고 청순한 느낌을 주며, 블랙 슬랙스나 데님과 매치하면 데일리 오피스 룩으로도 손색이 없습니다. '설레는 설 준비' 프로모션과 같은 할인 혜택을 이용한다면 합리적인 가격에 디자이너 브랜드의 감성을 소장할 수 있는 좋은 기회입니다.

결론적으로, 유행을 타지 않는 그레이 컬러에 트렌디한 디테일을 한 스푼 더한 소장 가치 높은 아이템입니다. 단독 착용은 물론, 같은 라인의 'HALTER KNIT'와 셋업으로 연출했을 때 더욱 완성도 높은 룩을 즐길 수 있을 것입니다. 소재 특성상 드라이크리닝 등 관리에 조금만 신경 쓴다면 오랫동안 멋스럽게 입을 수 있는 에센셜 아이템이 될 것입니다.",,,,
여성_의류/31_3517899.pdf,비쥬 플라워 여성 잠옷 세트 홈웨어 파자마 긴팔 긴바지,코즈넉 (KOZNOK),여성의류,홈웨어/잠옷 세트,39980,"면, 오가닉 소재, 수면 원단 (상세페이지 내 혼용률 미표기이나 리뷰 및 브랜드 설명에서 순면/니트 질감 언급)","상세페이지 내 구체적 세탁 라벨 이미지 없음. 일반적인 면/홈웨어 취급방식(미온수 세탁, 건조기 주의) 권장. 리뷰에서 세탁 후 수축 관련 언급 있음.",FREE,"총길이 57.0, 어깨 너비 40.0, 가슴 너비 48.0, 소매 길이 57.0, 허리 너비 32.0, 엉덩이 너비 52.0, 밑위 너비 31.0, 밑단 너비 24.0 (단면cm)",블루플라워,이미지는 전체적으로 편안하고 자연스러운 '내추럴 무드'를 지향하고 있습니다. 인위적인 연출을 배제하고 집에서 휴식을 취하는 듯한 나른하고 아늑한 분위기를 자아냅니다. 깨끗하고 순수한 느낌을 주어 홈웨어의 본질인 '휴식'을 시각적으로 잘 전달합니다.,전반적으로 밝고 화사한 '라이트 쿨톤'과 '소프트 톤'이 주를 이룹니다. 배경의 깨끗한 화이트와 잠옷의 연한 블루 그레이 색감이 어우러져 차분하면서도 시원한 인상을 줍니다. 채도가 높지 않아 눈이 편안하고 감성적인 느낌을 줍니다.,"군더더기 없는 깔끔한 '화이트 솔리드' 배경을 사용하여 시선을 오로지 모델과 제품에 집중시킵니다. 배경에 아무런 소품을 두지 않음으로써 미니멀리즘을 강조하고, 제품의 패턴과 디테일이 돋보이도록 연출했습니다. 이는 브랜드가 추구하는 자연주의 철학과도 일맥상통합니다.","모델의 전신 샷과 상반신 클로즈업 샷을 적절히 섞어 제품의 전체적인 핏과 디테일을 모두 보여줍니다. 정면과 측면, 그리고 팔을 들어 올리는 등의 동적인 포즈를 포함하여 활동성을 강조했습니다. 여백을 충분히 두어 답답하지 않고 여유로운 구도를 보여줍니다.","모델은 자연스러운 단발머리에 옅은 메이크업을 하여 꾸미지 않은 듯한 수수한 매력을 보여줍니다. 170cm의 키에 마른 체형으로, 루즈한 핏의 잠옷을 여리여리하게 소화하고 있습니다. 눈을 감거나 먼 곳을 응시하는 표정 연기를 통해 편안한 잠자리의 느낌을 표현했습니다.","잔잔한 플라워 패턴이 전체적으로 들어가 있어 빈티지하면서도 사랑스러운 느낌을 주는 상하의 세트입니다. 소매와 상의 밑단, 바지 밑단에 물결 모양의 '날라리(lettuce edge)' 마감 처리가 되어 있어 여성스러운 포인트를 줍니다. 단추가 있는 가디건 형태의 상의와 밴딩 팬츠로 구성되어 입고 벗기 편하며 활동성이 좋아 보입니다.","코즈넉(KOZNOK)은 '자연주의 감성'과 '라운지웨어'를 표방하며 편안함과 감성을 동시에 잡으려는 브랜드로 보입니다. 화려함보다는 소재의 질감과 은은한 디자인을 강조하여, 집에서의 시간도 소중히 여기는 2030 여성들을 타겟팅하고 있습니다. 리뷰 수와 평점을 볼 때 디자인 만족도가 높은 브랜드로 인식됩니다.","깨끗한 화이트 배경 속에서 모델이 잔꽃 무늬의 연한 하늘색 잠옷 세트를 입고 편안한 포즈를 취하고 있습니다. 상의의 물결 디테일과 루즈한 바지 핏이 돋보이며, 전체적으로 아늑하고 감성적인 홈웨어 룩북입니다.",전체적인 톤 앤 무드는 '소프트 & 코지(Soft & Cozy)'로 정의할 수 있습니다. 자극적이지 않은 파스텔 톤의 색감과 부드러운 조명이 어우러져 보는 사람으로 하여금 심리적 안정감을 줍니다. 이는 숙면과 휴식을 위한 제품의 목적성을 시각적으로 극대화합니다.,"그림자를 최소화한 부드러운 확산광을 사용하여 제품의 소재감과 색상을 왜곡 없이 자연스럽게 담아냈습니다. 하이키(High-key) 조명 세팅으로 전체적으로 밝고 화사한 느낌을 주며, 모델의 피부 톤과 옷의 색감이 조화롭게 어우러지도록 했습니다. 과도한 보정보다는 자연스러운 톤을 살리는 데 주력했습니다.",룩북의 배경은 현실적인 공간(침실 등)을 배제하고 추상적인 화이트 공간을 택하여 '순수함'과 '깨끗함'을 강조했습니다. 이는 특정 인테리어 스타일에 구애받지 않고 제품 자체의 디자인에만 집중하게 만드는 효과가 있습니다. 고요하고 정적인 무드를 조성하여 잠옷의 편안함을 부각시킵니다.,모델은 기지개를 켜거나 손을 가볍게 모으는 등 일상적이고 편안한 제스처를 취하고 있습니다. 딱딱한 패션 모델 포즈보다는 실제 집에서 쉴 때 나올법한 자연스러운 움직임을 포착했습니다. 이러한 포즈는 소비자가 제품을 입었을 때의 편안함을 상상하게 만듭니다.,"주요 컬러는 '페일 블루(Pale Blue)', '라이트 그레이(Light Gray)', '오프 화이트(Off White)'로 구성된 쿨톤 계열의 파스텔 팔레트입니다. 여기에 플라워 패턴의 미세한 색상들이 은은한 포인트를 줍니다. 전체적으로 채도가 낮고 명도가 높은 색상들을 사용하여 차분하고 청량한 느낌을 줍니다.",이 제품은 '로맨틱 빈티지'와 '이지웨어'의 결합으로 분석됩니다. 할머니의 옷장에서 꺼낸 듯한 레트로한 잔꽃 무늬에 현대적인 핏과 러블리한 프릴 디테일을 더해 '뉴트로' 감성을 자극합니다. 집에서도 예쁘게 보이고 싶은 욕구와 편안하게 쉬고 싶은 욕구를 동시에 충족시키는 디자인입니다.,"이 상품은 코즈넉의 '비쥬 플라워 여성 잠옷 세트'로, 잔잔한 플라워 패턴과 소매 및 밑단의 물결(날라리) 디테일이 돋보이는 러블리한 홈웨어입니다. 전체적으로 루즈한 핏과 부드러운 소재감을 강조하여 집에서의 편안한 휴식을 돕도록 디자인되었습니다. 특히 20대부터 30대 여성들이 선호할 만한 빈티지하면서도 소녀스러운 감성이 특징이며, 상하의 세트 구성으로 실용성을 높였습니다.

리뷰를 종합해보면, 디자인과 소재에 대한 만족도는 매우 높은 편입니다. 고객들은 '화면과 같은 예쁜 색감', '부드러운 촉감', '편안한 밴딩' 등을 장점으로 꼽으며, 특히 신축성이 좋고 몸에 달라붙지 않아 잠잘 때 편하다는 의견이 많습니다. '블루플라워' 색상이 주는 청량하고 차분한 느낌이 실제 착용 시에도 만족감을 주는 것으로 보입니다.

다만, 구매 시 고려해야 할 가장 큰 이슈는 '배송 지연'입니다. 다수의 리뷰에서 배송이 한 달 이상 걸렸다는 불만이 제기되고 있어, 급하게 필요한 경우나 선물용으로 구매할 때는 배송 일정을 꼼꼼히 확인하거나 여유를 두고 주문하는 것이 좋습니다. 또한 일부 리뷰에서 건조기 사용 시 수축이 발생했다는 의견이 있으므로 세탁 시 주의가 필요합니다.

결론적으로, 배송을 기다릴 수 있다면 가격 대비 디자인과 퀄리티 면에서 훌륭한 선택이 될 수 있는 제품입니다. 3만 원대의 합리적인 가격(할인가 기준)으로 감성적인 홈웨어 룩을 완성할 수 있으며, 친구나 연인을 위한 선물로도 적합하지만 배송 기간을 반드시 고려해야 합니다.",,,,
여성_의류/31_3560958.pdf,[7차 리오더] velour layer vest_bk,녹섭 (NOKSEOP),여성의류,베스트,143500,벨루어(Velour) / 벨벳 (상세 소재는 명시되지 않았으나 제품명과 리뷰의 '먼지가 붙는 재질' 언급에서 유추),"상세 페이지에 명시되지 않았으나, 벨루어/벨벳 소재 특성상 마찰에 주의하고 드라이클리닝을 권장합니다.","S,M","상세 치수표는 텍스트에 없으나, 리뷰에 따르면 핏이 타이트하게 나온 편입니다. 160cm/52kg 기준 S가 딱 맞거나, 165cm/58kg 기준 M이 타이트하다는 의견이 있어 여유 있는 핏을 원하면 사이즈 업을 고려해야 합니다.",BLACK,"빈티지하면서도 클래식한 무드로, 차분하고 여성스러운 분위기를 자아냅니다. 일상 속에서 자연스럽게 멋을 낸 듯한 '꾸안꾸' 스타일과 감성적인 느낌이 강합니다.","전반적으로 웜톤의 조명과 붉은 벽돌 배경이 따뜻한 느낌을 주며, 블랙 컬러의 베스트와 화이트 셔츠의 대비가 선명합니다. 차분하고 아늑한 색감을 유지하고 있습니다.","붉은 벽돌 벽과 나무 벤치, 실내 거울 앞 등 일상적인 공간을 배경으로 활용했습니다. 이는 제품이 특별한 날뿐만 아니라 데일리 룩으로도 활용 가능하다는 점을 강조하는 연출입니다.","모델의 전신 컷, 상반신 클로즈업, 그리고 거울 셀카 샷이 혼합되어 있습니다. 정형화된 스튜디오 컷보다는 자연스러운 스냅 사진 형식을 취하여 소비자가 실제 착용했을 때의 느낌을 상상하기 좋게 구성되었습니다.","긴 생머리의 모델이 자연스러운 포즈를 취하며, 카메라를 응시하거나 다른 곳을 바라보는 등 편안한 모습을 보여줍니다. 화려한 메이크업보다는 수수한 느낌으로 제품의 클래식한 매력을 부각시킵니다.","블랙 컬러의 벨루어 소재 베스트로, 라운드 넥과 단추 디테일이 특징입니다. 몸에 적당히 핏되는 실루엣으로, 풍성한 소매의 블라우스와 레이어드했을 때 조화가 좋습니다.",녹섭(NOKSEOP)은 트렌디함보다는 브랜드 고유의 차분하고 감성적인 무드를 중시하는 것으로 보입니다. 소재의 질감과 클래식한 실루엣을 통해 시간이 지나도 입을 수 있는 옷을 제안하는 브랜드라는 인상을 줍니다.,붉은 벽돌 배경 앞에서 화이트 퍼프 블라우스 위에 블랙 벨루어 베스트를 레이어드한 모델의 모습입니다. 클래식하고 단정한 룩을 감성적인 분위기로 연출하고 있습니다.,"전체적으로 따뜻하고 아늑한 웜톤의 빈티지 무드가 지배적입니다. 붉은 벽돌과 나무 질감이 주는 레트로한 감성이 블랙 베스트의 모던함과 어우러져 세련되면서도 편안한 분위기를 형성합니다. 가을, 겨울의 차분한 계절감과 잘 어울리는 톤 앤 매너를 보여줍니다.","자연광을 활용하거나 따뜻한 실내 조명을 사용하여 부드러운 질감을 강조했습니다. 모델이 정지해 있는 포즈뿐만 아니라 가방을 뒤적이거나 거울을 보는 등 움직임이 있는 순간을 포착하여, 룩북보다는 라이프스타일 스냅샷 같은 자연스러움을 연출했습니다.","거친 질감의 붉은 벽돌 벽과 크리스마스 트리 장식이 보이는 나무 벤치 등이 배경으로 사용되었습니다. 이는 도심 속의 카페나 한적한 거리 같은 느낌을 주며, 연말이나 겨울 시즌의 설렘과 차분함을 동시에 전달하는 배경 무드입니다.","모델은 옷을 돋보이게 하기 위해 과도하게 허리를 꺾거나 작위적인 포즈를 취하지 않습니다. 대신 가방을 자연스럽게 들거나, 주머니에 손을 넣거나, 앉아있는 등 일상적인 동작을 통해 옷의 활동성과 자연스러운 핏을 강조하는 포즈를 취하고 있습니다.",상품의 핵심 컬러인 '블랙'과 이너로 매치한 '화이트'의 모노톤 대비가 중심을 이룹니다. 여기에 배경의 '테라코타(붉은 벽돌색)'와 '우드 브라운'이 더해져 전체적으로 따뜻하면서도 안정감 있는 컬러 팔레트를 구성하고 있습니다.,"클래식한 조끼(베스트) 디자인에 벨루어라는 텍스처가 강한 소재를 입혀 고급스러움을 더한 컨셉입니다. 단독 착용보다는 레이어드 아이템으로서의 기능을 강조하며, 퍼프 소매 블라우스와 매치하여 페미닌하면서도 소녀스러운 감성을 현대적으로 재해석했습니다. 단추를 모두 잠갔을 때의 단정함과 소재가 주는 유니크함이 공존하는 디자인입니다.","녹섭의 'velour layer vest_bk'는 7차 리오더가 진행될 만큼 높은 인기를 구가하는 스테디셀러 아이템입니다. 벨루어(벨벳) 소재 특유의 은은한 광택과 부드러운 텍스처가 블랙 컬러와 만나 고급스럽고 클래식한 분위기를 자아냅니다. 특히 화이트 셔츠나 블라우스와 레이어드했을 때 가장 돋보이는 디자인으로, 하객룩이나 격식 있는 자리부터 데일리 오피스룩까지 폭넓게 활용 가능합니다.

구매 고객들의 리뷰를 종합해보면, 디자인과 핏에 대한 만족도는 매우 높으나 사이즈 선택에 주의가 필요합니다. 신축성이 적고 몸에 딱 맞게 제작되어 '숨쉬기 힘들다'거나 '타이트하다'는 평이 많으므로, 상체에 볼륨이 있거나 여유로운 핏을 선호한다면 한 사이즈 크게 주문하는 것이 좋습니다. 또한 소재 특성상 먼지가 잘 붙는다는 점은 감안해야 하며, 관리를 위해 돌돌이(먼지 제거기)가 필수라는 의견이 많습니다. 전반적으로 관리는 까다로울 수 있으나, 그만큼의 소장 가치가 있는 예쁜 옷이라는 평이 지배적입니다.",,,,
여성_의류/32_3010597.pdf,뮤트톤 에어로쿨 브라 햄팬티 세트_6 Colors,코데즈컴바인 이너웨어,여성_의류,언더웨어 세트,21000,에어로쿨(Aerocool) 기능성 소재,"중성세제 손세탁 권장, 비틀기 금지, 그늘 건조 (일반적인 언더웨어 취급방식 추론)","75A,75B,75C,80A,80B,80C,85A,90,95,100",상세 사이즈 표 텍스트 없음 (리뷰 옵션에서 사이즈 추출함),"라이트민트,스킨,블루,딥그레이,다크브라운,블랙","이미지는 전체적으로 깨끗하고 미니멀하며, 편안한 데일리 라이프스타일을 지향합니다. 군더더기 없는 배경과 제품 중심의 연출로 실용적이고 모던한 분위기를 자아냅니다.",제품명인 '뮤트톤'에 걸맞게 채도가 낮고 차분한 파스텔 및 뉴트럴 톤이 주를 이룹니다. 전체적으로 부드럽고 따뜻한 웜톤 계열의 조명을 사용하여 피부에 잘 어우러지는 색감을 강조했습니다.,제품 누끼 컷은 연한 회색 배경을 사용하여 제품의 컬러를 명확히 보여줍니다. 모델 착용 컷은 자연광이 들어오는 창가를 배경으로 하여 내추럴하고 아늑한 실내 분위기를 연출했습니다.,제품의 전체적인 형태를 보여주는 정면 플랫 컷과 6가지 컬러를 한눈에 볼 수 있는 그리드 구성이 포함되어 있습니다. 또한 모델의 상반신 클로즈업 컷을 통해 실제 착용 핏과 분위기를 전달합니다.,모델은 자연스러운 웨이브 헤어와 옅은 메이크업으로 꾸밈없는 내추럴한 아름다움을 보여줍니다. 카메라를 응시하는 차분한 표정은 제품의 편안한 착용감을 시각적으로 대변합니다.,브라와 팬티 밴드 부분에 브랜드 로고 레터링이 들어가 있어 스포티하면서도 캐주얼한 포인트를 줍니다. 매끄러운 몰드 컵과 봉제선이 없는 햄 라인 팬티로 겉옷에 자국이 남지 않는 실용적인 디자인입니다.,코데즈컴바인 이너웨어는 트렌디한 로고 플레이와 실용적인 소재를 결합하여 젊은 층에게 어필하는 브랜드입니다. 합리적인 가격대에 스타일과 편안함을 동시에 추구하는 '패셔너블 베이직' 포지셔닝을 보여줍니다.,"다양한 뮤트 톤 컬러의 언더웨어 세트를 깔끔하게 정돈하여 보여주는 이미지입니다. 기능성 소재의 질감과 브랜드 아이덴티티인 로고 밴드 디테일을 강조하며, 모델 컷을 통해 편안한 무드를 전달합니다.","전반적인 톤 앤 무드는 '소프트 & 내추럴'입니다. 자극적이지 않은 은은한 색감의 제품들과 부드러운 자연광 연출이 어우러져, 일상 속에서 편안하게 입을 수 있는 데일리 웨어의 감성을 극대화하고 있습니다.","제품의 디테일을 명확히 보여주기 위해 균일한 조명을 사용한 스튜디오 촬영과, 감성적인 무드를 더하기 위한 자연광 활용 촬영이 혼합되어 있습니다. 특히 컬러 칩을 보여주는 컷은 소비자의 선택을 돕기 위해 색상 왜곡 없이 선명하게 촬영되었습니다.",룩북 촬영은 햇살이 비치는 창가나 밝은 실내 공간을 배경으로 하여 따뜻하고 평온한 아침의 느낌을 줍니다. 이는 속옷이라는 제품 특성상 가장 사적이고 편안해야 하는 공간의 무드를 반영한 것으로 보입니다.,모델은 과도한 섹시함을 강조하기보다는 편안하게 서 있거나 자연스러운 시선 처리를 하는 포즈를 취했습니다. 이는 제품이 주는 신체적 편안함과 활동성을 강조하기 위한 의도로 해석됩니다.,"라이트민트, 스킨, 블루(소라색), 딥그레이, 다크브라운, 블랙 등 총 6가지의 컬러 팔레트로 구성되어 있습니다. 원색보다는 한 톤 다운된 차분한 컬러들로 구성되어 계절에 구애받지 않고 고급스러운 느낌을 줍니다.","기능성 소재인 에어로쿨을 사용하여 쾌적함을 주면서도, 디자인적으로는 브랜드 로고 밴드를 활용해 밋밋할 수 있는 베이직 언더웨어에 힙한 감성을 더했습니다. 와이어 브라로 가슴 모양을 잡아주면서도 햄 팬티 구성으로 실루엣을 매끄럽게 정리해주는, 기능과 스타일의 균형을 맞춘 컨셉입니다.","이 제품은 코데즈컴바인 이너웨어의 스테디셀러 라인으로, '뮤트톤'이라는 이름에 걸맞게 감각적이고 차분한 컬러 구성이 돋보이는 세트 상품입니다. 에어로쿨 소재를 사용하여 땀 흡수와 건조가 빨라 사계절 내내 쾌적하게 착용할 수 있다는 점이 큰 장점입니다. 특히 브라와 팬티의 밴드에 적용된 로고 디자인은 스포티하면서도 영한 느낌을 주어, 속옷이 살짝 노출되더라도 패션의 일부처럼 보일 수 있게 합니다.

가격 대비 훌륭한 퀄리티와 구성으로 2030 여성들에게 인기가 많으며, 리뷰를 보면 편안한 착용감과 예쁜 색감에 대한 만족도가 높습니다. 와이어가 내장되어 있어 가슴을 안정적으로 받쳐주기를 원하는 고객들에게 적합하며, 햄 라인 팬티는 타이트한 하의를 입을 때도 라인이 드러나지 않아 실용적입니다. 데일리로 입기 좋은 기본 아이템을 찾고 있지만, 너무 평범한 디자인은 피하고 싶은 소비자들에게 강력히 추천할 만한 제품입니다.",,,,
여성_의류/33_3531193.pdf,[18시 LIVE]_Molly Reversible Shearling Coat_Dark brown,108파운드,여성_의류,아우터,253000,"겉감(스웨이드): 폴리에스터 90%, 스판덱스 10% / 안감(퍼): 폴리에스터 100%","착용 전후 1~2회 드라이클리닝 권장, 일상 관리 시 먼지 롤러나 브러시 사용, 통풍 잘 되는 옷커버에 보관(눌리지 않도록 주의)",FREE,"Bust 68, Shoulder 62, Hemline 64, Armholes 28, Sleeve length 56, Length 77 (단위: cm, 단면 기준)",DARK BROWN,차분하고 포근한 겨울 감성을 담은 미니멀한 무드입니다. 과장되지 않은 자연스러운 연출을 통해 편안함과 고급스러움을 동시에 전달하고 있습니다.,"따뜻한 웜톤의 다크 브라운 컬러가 주를 이루며, 전체적으로 깊이감 있고 안정적인 색감을 보여줍니다. 채도가 너무 높지 않아 차분하고 세련된 인상을 줍니다.",제품의 컬러와 실루엣에 집중할 수 있도록 깔끔하고 모던한 배경을 사용했습니다. 시선을 분산시키지 않는 뉴트럴한 톤의 배경이 제품의 소재감을 더욱 돋보이게 합니다.,"모델의 전신 샷을 통해 전체적인 기장감과 오버핏 실루엣을 보여주고 있습니다. 또한, 리버서블 제품의 특징을 살려 스웨이드 면과 퍼 면을 각각 착용한 모습을 교차로 보여주거나, 소재의 질감을 확인할 수 있는 클로즈업 컷이 포함된 것으로 보입니다.",모델은 오버핏 코트를 자연스럽게 소화하며 편안하면서도 스타일리시한 포즈를 취하고 있습니다. 두꺼운 아우터임에도 불구하고 부해 보이지 않도록 자연스러운 움직임을 통해 활동성을 강조하는 모습입니다.,"한 벌로 두 가지 연출이 가능한 리버서블 디자인이 가장 큰 특징입니다. 한쪽은 풍성하고 포근한 텍스처의 페이크 퍼, 다른 쪽은 매끈하고 부드러운 스웨이드 질감으로 마감되어 있어 시각적으로도 따뜻함과 고급스러움을 동시에 느낄 수 있습니다.",108파운드는 자체 생산과 공정 관리를 통해 합리적인 가격에 높은 퀄리티를 추구하는 브랜드로 보입니다. 고객의 피드백을 적극 반영하여 매 시즌 제품을 개선하는 모습에서 진정성과 신뢰감을 주는 브랜드 이미지를 구축하고 있습니다.,"깊이 있는 다크 브라운 컬러의 리버서블 무스탕을 착용한 모델 컷으로, 풍성한 퍼와 매끈한 스웨이드의 대비가 돋보입니다. 오버핏 실루엣이 주는 편안함과 겨울철의 따뜻한 감성을 시각적으로 잘 표현하고 있습니다.",전체적으로 차분하고 깊이 있는 다크 브라운 톤이 중심이 되어 따뜻하고 아늑한 겨울의 정취를 자아냅니다. 화려함보다는 소재 본연의 고급스러움과 편안한 분위기를 강조하는 내추럴하고 미니멀한 무드입니다.,"제품의 소재감(퍼의 결, 스웨이드의 질감)을 생생하게 전달하기 위해 조명과 심도에 신경 쓴 촬영 방식입니다. 모델의 자연스러운 포즈를 포착하여 옷의 흐름과 핏을 현실감 있게 보여주며, 리버서블이라는 기능을 시각적으로 명확히 전달하는 데 중점을 두었습니다.",군더더기 없는 심플한 실내 스튜디오 배경을 활용하여 시선이 오직 제품에 머물도록 연출했습니다. 차가운 느낌보다는 은은하고 부드러운 조명을 사용하여 겨울 아우터 특유의 포근한 느낌을 배경 무드에도 반영하였습니다.,"모델은 정적인 자세보다는 주머니에 손을 넣거나 자연스럽게 서 있는 등 일상적인 움직임을 보여주는 포즈를 취하고 있습니다. 이는 오버핏 코트의 여유로운 실루엣과 편안한 착용감을 시각적으로 대변하며, 소비자가 실제 착용했을 때의 느낌을 상상하게 합니다.","메인 컬러인 다크 브라운(Dark Brown)을 중심으로, 빛에 따라 은은하게 변하는 스웨이드의 텍스처 컬러와 퍼의 깊은 색감이 조화를 이룹니다. 전체적으로 웜톤 계열의 깊고 진한 브라운 팔레트가 사용되어 고급스럽고 안정적인 느낌을 줍니다.","실용성과 스타일을 동시에 잡은 '리버서블(Reversible)'이 핵심 디자인 컨셉입니다. 겉감과 안감의 경계를 허물어 스웨이드 무스탕과 퍼 코트 두 가지 스타일을 즐길 수 있도록 했으며, 넉넉한 오버핏과 엉덩이를 덮는 하프 기장으로 보온성과 트렌디한 실루엣을 모두 만족시키는 디자인입니다.","108파운드의 'Molly Reversible Shearling Coat'는 고객의 니즈를 적극 반영하여 매 시즌 진화하는 브랜드의 정성을 엿볼 수 있는 제품입니다. 이전 시즌 대비 스웨이드 원단의 스판 함유량을 높여 활동성을 개선하고, 암홀 사이즈를 조정하여 두꺼운 이너와도 편안하게 레이어드할 수 있도록 핏을 보완한 점이 인상적입니다. 특히 리버서블 디자인을 채택하여 한 벌의 옷으로 스웨이드의 시크함과 퍼의 포근함이라는 상반된 매력을 모두 즐길 수 있어 겨울철 활용도가 매우 높습니다.

다크 브라운 컬러는 톤을 살짝 다운시켜 차분하고 고급스러운 분위기를 연출하며, 컬러별로 단추 디자인을 차별화하는 등 디테일한 부분까지 신경 쓴 흔적이 보입니다. 털 빠짐 현상을 최소화하기 위해 진공 흡입 공정을 거쳤다는 점은 품질에 대한 브랜드의 자부심을 보여줍니다. 오버핏 실루엣으로 체형 커버에 용이하며, 캐주얼한 데님부터 포멀한 슬랙스까지 다양한 하의와 매치하기 좋아 데일리 윈터 아우터로 손색이 없습니다. 합리적인 가격대에 퀄리티 높은 페이크 퍼 무스탕을 찾는 2030 여성들에게 강력히 추천할 만한 아이템입니다.",,,,
여성_의류/33_3733329.pdf,RAW EDGE HALTER KNIT [GREY],로우타이드 (LOW TIDE),여성의류,니트웨어/기타 니트,74970,"Nylon 45%, Polyester 30%, Acrylic 15%, Wool 10%","반드시 단독 드라이크리닝, 기계 건조 금지, 통풍이 잘 되는 그늘 건조, 비틀어 짜기 금지, 표백제 사용 금지",OS,OS- 총장 32 밑단 31 (단위: cm),GREY,"미니멀하면서도 자연스러운 분위기를 자아내며, 정제된 스튜디오 배경이 차분함을 더합니다. 과장되지 않은 연출로 옷의 질감과 실루엣에 집중하게 만드는 모던한 감성입니다.",전반적으로 채도가 낮은 쿨톤의 그레이와 화이트가 주를 이루어 차갑지만 세련된 인상을 줍니다. 부드러운 자연광을 사용하여 니트의 포근한 질감을 시각적으로 잘 표현하고 있습니다.,질감이 느껴지는 흰색 벽과 회색 바닥으로 구성된 미니멀한 스튜디오 공간입니다. 불필요한 소품을 배제하여 제품의 디테일과 모델의 착장에만 시선이 머물도록 의도되었습니다.,제품의 소재감을 보여주는 클로즈업 샷과 전체적인 스타일링 비율을 보여주는 전신 샷이 조화롭게 구성되어 있습니다. 정면과 측면을 오가며 랩 디자인과 끈 디테일의 활용법을 명확히 보여줍니다.,단발머리의 모델은 자연스러운 메이크업과 무심한 듯한 표정으로 시크한 분위기를 연출합니다. 과도한 포즈보다는 정적인 자세를 유지하여 옷이 몸에 감기는 자연스러운 핏을 강조하고 있습니다.,울 혼방 투톤 원사를 사용하여 표면에 헤어리한 질감이 돋보이는 홀터넥 니트 탑입니다. 밑단의 올이 풀린 듯한 로우 엣지(Raw Edge) 디테일과 허리를 감싸는 랩 디자인의 긴 끈이 특징적입니다.,로우타이드는 자연스러운 흐름과 편안함을 추구하면서도 디테일에서 엣지를 놓치지 않는 컨템포러리 브랜드로 보입니다. 미니멀한 베이스 위에 독특한 텍스처나 마감 처리를 더해 브랜드만의 고유한 무드를 구축하고 있습니다.,그레이 컬러의 랩 스타일 니트 탑을 입은 모델이 화이트 스커트와 매치하여 세련된 룩을 선보입니다. 빈티지한 밑단 디테일과 여성스러운 실루엣이 조화를 이루는 이미지입니다.,"전체적으로 차분하고 정적인 '캄(Calm) & 시크' 무드가 지배적입니다. 무채색 계열의 그레이와 화이트 조합은 도시적이면서도 감성적인 느낌을 주며, 화려함보다는 은은한 멋스러움을 추구하는 톤 앤 매너를 보여줍니다.","부드러운 확산광을 사용하여 니트의 헤어리한 텍스처를 섬세하게 포착했습니다. 그림자를 최소화하여 옷의 형태를 명확하게 보여주며, 눈높이 앵글로 촬영하여 소비자가 실제 착용했을 때의 느낌을 직관적으로 알 수 있게 했습니다.",깨끗한 화이트 톤의 벽면과 빈티지한 질감의 바닥이 어우러진 스튜디오 배경은 모던하면서도 아티스틱한 무드를 조성합니다. 여백의 미를 살린 공간 연출은 제품의 디자인적 특징인 '로우 엣지'와 잘 어우러져 감각적인 룩북을 완성합니다.,모델은 역동적인 움직임보다는 정적이고 절제된 포즈를 취하여 옷의 구조적인 특징을 부각합니다. 팔을 자연스럽게 내리거나 살짝 비틀어 서 있는 자세는 랩 디자인의 드레이프성과 허리 끈의 디테일을 효과적으로 보여줍니다.,"주요 컬러는 멜란지 그레이(Melange Grey)이며, 서브 컬러로 화이트(White)가 사용되어 깨끗하고 모던한 배색을 이룹니다. 전체적으로 저채도의 뉴트럴 컬러 팔레트를 사용하여 계절감에 구애받지 않는 타임리스한 매력을 발산합니다.","이 제품은 '해체주의적 미니멀리즘'을 컨셉으로 한 듯합니다. 기본적인 니트 소재에 밑단 데미지 디테일과 랩 스타일의 변형을 주어 평범함을 거부했습니다. 레이어드에 특화된 디자인으로, 단독 착용보다는 셔츠나 다른 니트와 함께 매치했을 때 스타일리시함이 배가되는 아이템입니다.","로우타이드의 'RAW EDGE HALTER KNIT'는 평범한 니트웨어에 지루함을 느끼는 소비자들에게 신선한 대안이 될 제품입니다. 가장 큰 매력 포인트는 이름에서도 알 수 있듯 밑단의 빈티지한 데미지 디테일과 여성스러운 실루엣을 만들어주는 랩(Wrap) 디자인입니다. 끈을 활용해 허리 라인을 강조하거나 루즈하게 연출하는 등 다양한 스타일링이 가능하여 활용도가 높습니다.

소재 측면에서는 울과 나일론 등이 혼방되어 가벼우면서도 보온성을 챙겼으며, 특유의 헤어리한 텍스처가 포근한 느낌을 줍니다. 룩북에서 제안하듯 같은 소재의 카디건과 셋업으로 연출하거나, 셔츠 위에 레이어드하여 베스트처럼 활용하기에도 좋습니다. 총장이 32cm로 짧은 편이라 하이웨이스트 하의와 매치했을 때 다리가 길어 보이는 효과를 기대할 수 있습니다.

전반적인 브랜드 이미지는 감각적이고 트렌디하며, 2030 여성들이 선호할 만한 '꾸안꾸(꾸민 듯 안 꾸민 듯)' 룩을 완벽하게 구현하고 있습니다. 가격대는 할인가 기준 7만 원대로, 디자인의 독창성과 소재감을 고려했을 때 합리적인 편입니다. 미니멀한 룩에 확실한 포인트를 주고 싶은 분들에게 강력히 추천하는 아이템입니다.",,,,
여성_의류/34_3520006.pdf,[6차] 버튼 레이어드 미디 스커트_차콜,파이시스 (PISCESS),여성_의류,스커트,49000,부드럽고 신축성이 좋은 저지 또는 면 혼방 소재로 추정됩니다. (리뷰 및 핏 참고),"상세 페이지에 명시되지 않았으나, 소재 특성상 미온수 손세탁이나 드라이클리닝을 권장합니다.",ONE SIZE,상세 치수 텍스트 없음 (리뷰에 따르면 허리가 다소 여유롭고 단추로 조절 가능함),차콜,차분하고 빈티지한 감성이 돋보이는 미니멀 캐주얼 무드입니다. 채도가 낮은 차콜과 그레이 톤을 활용하여 차가우면서도 세련된 도시적인 분위기를 연출하고 있습니다.,전체적으로 채도가 낮고 명도가 중간 정도인 쿨톤의 차콜 및 그레이 색감이 지배적입니다. 무채색 계열의 조합을 통해 차분하고 안정감 있는 인상을 줍니다.,군더더기 없는 깔끔한 화이트 톤의 스튜디오 배경을 사용하여 제품과 모델의 실루엣에 집중하게 합니다. 바닥은 자연스러운 콘크리트 질감으로 빈티지한 느낌을 더했습니다.,모델의 전신을 보여주는 풀 샷과 스커트의 디테일을 보여주는 클로즈업 샷이 적절히 섞여 있습니다. 정면을 응시하는 정적인 구도를 통해 옷의 핏과 떨어지는 라인을 명확하게 보여줍니다.,모델은 자연스럽게 풀어헤친 긴 머리와 무표정한 표정으로 시크하고 몽환적인 분위기를 자아냅니다. 과한 포즈보다는 옷의 자연스러운 주름과 레이어드 핏을 살리는 정적인 자세를 취하고 있습니다.,허리 부분의 단추 디테일을 통해 랩 스타일로 감싸 입는 독특한 레이어드 디자인이 특징입니다. 밑단이 비대칭으로 떨어지며 자연스러운 드레이프가 형성되어 바지와 함께 입었을 때 스타일리시한 실루엣을 만듭니다.,파이시스는 일상적인 아이템에 독특한 레이어드 디테일을 더해 웨어러블하면서도 감각적인 룩을 제안하는 브랜드로 보입니다. 편안한 소재감과 트렌디한 스타일링을 동시에 추구하여 2030 여성들에게 어필하는 영 캐주얼 포지셔닝을 취하고 있습니다.,그레이 톤의 상의와 블랙 팬츠 위에 차콜 색상의 미디 스커트를 레이어드하여 트렌디한 룩을 완성했습니다. 편안해 보이면서도 스타일리시한 레이어드 코디의 정석을 보여주는 이미지입니다.,전체적으로 그레이시하고 뮤트한 톤이 주를 이루어 차분하고 감성적인 무드를 형성합니다. 화려한 색감보다는 소재의 질감과 실루엣에 집중하게 만드는 모노톤의 조화가 돋보입니다.,부드러운 확산광을 사용하여 그림자를 최소화하고 옷의 질감을 부드럽게 표현했습니다. 눈높이 앵글에서 촬영하여 왜곡 없이 제품의 실제 기장감과 핏을 정직하게 전달하고 있습니다.,장식적인 요소가 배제된 미니멀한 화이트 월과 빈티지한 바닥재가 어우러진 스튜디오 공간입니다. 이러한 배경은 제품의 빈티지하고 내추럴한 감성을 해치지 않으면서 모던함을 유지해 줍니다.,모델은 다리를 어깨너비로 벌리고 팔을 자연스럽게 내린 스탠딩 포즈를 주로 취하고 있습니다. 이는 스커트가 바지 위로 떨어지는 라인과 전체적인 레이어드 핏을 가장 효과적으로 보여주기 위한 의도된 연출입니다.,"메인 컬러인 차콜(Charcoal)을 중심으로 라이트 그레이(Light Grey), 블랙(Black)이 조화를 이루는 무채색 팔레트입니다. 포인트 컬러 없이 톤온톤 배색을 통해 시크하고 모던한 느낌을 강조했습니다.",최근 유행하는 '스커트 온 팬츠(Skirt-on-pants)' 트렌드를 반영하여 단독 착용보다는 바지 위에 덧입는 레이어드 용도로 디자인되었습니다. 단추를 이용한 랩 형식의 여밈과 비대칭 헴라인은 자유분방하고 빈티지한 그런지 룩(Grunge Look)의 요소를 현대적으로 재해석한 것입니다.,"이 제품은 최근 트렌드로 자리 잡은 '스커트 레이어드 룩'을 손쉽게 연출할 수 있는 아이템입니다. 부드럽고 신축성 있는 소재를 사용하여 착용감이 편안하며, 허리의 단추 디테일로 사이즈 조절 및 다양한 핏 연출이 가능합니다. 특히 차콜 컬러는 블랙이나 데님 등 다양한 하의와 무난하게 어울려 활용도가 높습니다.

리뷰를 종합해 보면, 많은 구매자들이 바지 위에 레이어드하여 힙과 허벅지 라인을 커버하면서도 스타일리시한 포인트를 줄 수 있다는 점에 큰 만족감을 보였습니다. 다만, 소재가 얇고 정전기가 발생할 수 있다는 점과 허리 사이즈가 다소 크게 나왔다는 의견이 있어, 마른 체형의 경우 상세 사이즈를 확인하거나 벨트 등의 보완이 필요할 수 있습니다.

전반적으로 4만 원대의 합리적인 가격으로 트렌디한 스타일링을 시도해보고 싶은 2030 여성들에게 적합한 제품입니다. 미니멀한 상의나 와이드 팬츠와 매치하면 과하지 않으면서도 감각적인 데일리 룩을 완성할 수 있어, 평범한 코디에 권태를 느끼는 분들에게 추천합니다.",,,,
여성_의류/35_2874665.pdf,OVERSIZED 3-BUTTON WOOL COAT_OATMEAL_LC254CO01OT,로우클래식 (LOW CLASSIC),여성_의류,롱코트,257400,울 (Wool),보풀(필링)은 마찰로 발생하는 자연스러운 현상입니다. 울·캐시미어 등 천연소재는 습기와 벌레에 취약하므로 장기 보관 시 습기 제거제와 방충제 사용을 권장합니다.,"S,M,L",상세 사이즈 표 텍스트 없음 (리뷰를 통해 오버사이즈 핏임을 확인 가능),OATMEAL,"미니멀하고 모던한 분위기가 지배적이며, 군더더기 없는 깔끔한 연출이 돋보입니다. 차분하면서도 세련된 도시적인 감성을 자아냅니다.",전반적으로 웜톤의 오트밀 색상이 중심이 되어 따뜻하고 부드러운 인상을 줍니다. 배경의 화이트 톤과 대비되어 옷의 색감이 명확하게 드러나는 뉴트럴 톤입니다.,아무런 소품이 없는 깨끗한 흰색 배경을 사용하여 시선을 오직 모델과 제품에 집중시킵니다. 이러한 배경 처리는 제품의 실루엣과 디테일을 강조하기 위한 의도로 보입니다.,모델의 전신 샷과 무릎 위까지 오는 미디엄 샷으로 구성되어 코트의 전체적인 기장감과 핏을 보여줍니다. 정면을 응시하거나 자연스럽게 가방을 든 포즈를 통해 실제 착용 시의 느낌을 전달합니다.,모델은 자연스럽게 헝클어진 듯한 헤어스타일과 최소한의 메이크업으로 내추럴한 멋을 강조하고 있습니다. 무심한 듯 시크한 표정과 자세는 로우클래식 특유의 쿨한 브랜드 이미지를 대변합니다.,"어깨 라인이 각지고 넓게 떨어지는 오버사이즈 핏의 싱글 3버튼 롱 코트입니다. 무릎 아래로 내려오는 긴 기장감과 넉넉한 품이 특징이며, 클래식한 테일러드 칼라와 플랩 포켓이 디자인의 균형을 잡아줍니다.",로우클래식은 미니멀리즘을 기반으로 클래식한 아이템을 현대적으로 재해석하는 브랜드입니다. 이 제품 역시 과장된 실루엣과 절제된 디테일을 통해 브랜드가 추구하는 세련된 구조미를 잘 보여줍니다.,오트밀 컬러의 오버사이즈 울 코트를 입은 모델이 데님 팬츠와 매치하여 서 있는 모습입니다. 넉넉한 핏과 구조적인 어깨 라인이 돋보이는 모던한 룩북 이미지입니다.,차분하고 안정감 있는 어스(Earth) 톤과 뉴트럴 컬러가 주를 이루어 고급스러운 무드를 형성합니다. 과하지 않은 자연광 느낌의 조명 아래에서 편안하면서도 격식 있는 분위기를 동시에 연출합니다.,그림자를 최소화한 부드러운 스튜디오 조명을 사용하여 옷의 질감과 색상을 왜곡 없이 표현했습니다. 정면 앵글을 사용하여 옷의 핏과 떨어지는 라인을 정확하게 보여주는 데 중점을 두었습니다.,"장식적인 요소를 완전히 배제한 미니멀한 스튜디오 배경으로, 현대적이고 정제된 브랜드의 아이덴티티를 강조합니다. 공간감을 없애고 피사체에만 집중하게 하여 룩북의 몰입도를 높였습니다.",모델은 가방을 무심하게 들거나 주머니에 손을 넣으려는 듯한 자연스러운 포즈를 취하고 있습니다. 이는 옷의 활동성을 보여줌과 동시에 딱딱하지 않고 여유로운 '꾸안꾸(꾸민 듯 안 꾸민 듯한)' 스타일을 연출합니다.,"메인 컬러인 오트밀(베이지/브라운 계열)을 중심으로, 이너의 아이보리, 하의의 딥 블루 데님, 그리고 가방과 신발의 블랙이 조화를 이룹니다. 전체적으로 차분하고 조화로운 가을/겨울 컬러 팔레트입니다.","클래식한 남성복 코트의 디테일을 여성복에 적용하여 매니시하면서도 트렌디한 오버사이즈 룩을 완성했습니다. 유행을 타지 않는 베이직한 디자인에 핏의 변주를 주어, 단순하지만 지루하지 않은 '컨템포러리 클래식'을 지향합니다.","이 제품은 로우클래식(LOW CLASSIC)의 아이덴티티가 잘 드러나는 오버사이즈 3버튼 울 코트입니다. 오트밀 컬러는 따뜻하면서도 고급스러운 느낌을 주어 다양한 이너와 매치하기 좋으며, 특히 데님이나 슬랙스와 함께했을 때 세련된 데일리 룩을 완성할 수 있습니다. 리뷰를 종합해 보면, 어깨 패드가 있어 각이 잡힌 구조적인 실루엣이 특징이며, 이로 인해 얼굴이 작아 보이고 멋스러운 핏이 연출된다는 평이 많습니다.

구매 시 고려해야 할 점은 '오버사이즈'라는 제품명답게 품이 넉넉하고 기장이 길다는 것입니다. 키가 아담한 고객들은 S사이즈를 선택해도 충분히 여유로운 핏을 느낄 수 있으며, 키가 큰 고객들은 M이나 L사이즈를 통해 트렌디한 맥시 코트 느낌을 살릴 수 있습니다. 소재는 탄탄하고 두께감이 있어 한겨울까지 착용 가능하나, 약간의 무게감이 느껴질 수 있다는 점은 참고해야 합니다.

현재 40% 할인된 가격인 20만 원 중반대에 구매할 수 있어 가격 대비 만족도가 매우 높은 상품입니다. 유행을 크게 타지 않는 클래식한 디자인에 브랜드 특유의 감각적인 핏이 더해져, 오랫동안 입을 수 있는 겨울 아우터를 찾는 분들에게 추천합니다. 특히 미니멀한 디자인을 선호하면서도 핏으로 포인트를 주고 싶은 2030 여성들에게 적합한 아이템입니다.",,,,
여성_의류/35_3716806.pdf,[3/6 순차배송] 리프 원숄더 프릴 블라우스 ( 크림 ),레터프롬문 (LETTER FROM MOON),여성_의류,블라우스,78660,"상세 정보에 명시되지 않았으나, 이미지상 텍스처가 있는 코튼 또는 폴리 혼방의 시어서커 느낌 소재로 추정됩니다.","상세 정보에 명시되지 않았으나, 소재 특성상 드라이클리닝 또는 손세탁을 권장합니다.",Free,상세 사이즈 표 텍스트가 제공되지 않았습니다.,CREAM,"로맨틱하고 빈티지한 무드로, 유럽의 한적한 공원에서 보내는 오후의 티타임 같은 여유로움이 느껴집니다. 자연광을 활용하여 따뜻하고 서정적인 감성을 극대화했습니다.",전반적으로 따뜻한 웜톤(Warm Tone)의 크림색과 햇살이 어우러져 부드러운 인상을 줍니다. 검은색 벤치와 하의가 대비를 이루어 너무 가볍지 않게 톤을 잡아줍니다.,야외 공원의 검은색 철제 벤치와 나무가 있는 배경입니다. 나뭇잎 사이로 들어오는 햇살이 자연스러운 그림자를 만들어내어 감성적인 분위기를 연출합니다.,"모델이 벤치에 앉아 있는 미디엄 샷 위주로 구성되어 있습니다. 상반신과 블라우스의 디테일을 잘 보여주면서도, 주변 소품(꽃, 찻잔)을 활용해 라이프스타일 화보 같은 느낌을 줍니다.",금발의 서양 모델이 자연스럽게 헝클어진 헤어스타일로 내추럴한 매력을 보여줍니다. 카메라를 정면으로 응시하기보다는 아래를 보거나 먼 곳을 바라보며 나른하고 편안한 분위기를 연출하고 있습니다.,"전체적으로 텍스처가 살아있는 주름 원단을 사용하여 입체감이 느껴지는 블라우스입니다. 넥라인과 소매 끝에 프릴 디테일과 스트링이 있어, 끈을 조절해 오프숄더나 원숄더 등 다양한 형태로 착용할 수 있는 것이 가장 큰 특징입니다.","레터프롬문은 일상 속의 로맨틱함을 추구하는 브랜드로 보입니다. 단순히 옷을 보여주는 것을 넘어, 옷을 입었을 때 느낄 수 있는 특유의 서정적이고 소녀스러운 분위기를 스토리텔링 하듯 전달하고 있습니다.",햇살 좋은 야외 벤치에 앉아 티타임을 즐기는 모델을 통해 블라우스의 로맨틱한 무드를 강조한 이미지입니다. 크림색 블라우스의 텍스처와 프릴 디테일이 자연광 아래서 돋보입니다.,"따뜻한 햇살이 내리쬐는 오후의 나른하고 로맨틱한 분위기를 자아냅니다. 전체적으로 빈티지하면서도 페미닌한 감성이 돋보이며, 인위적이지 않고 자연스러운 일상의 순간을 포착한 듯한 느낌을 줍니다. 코티지코어(Cottagecore) 룩이나 프렌치 시크 감성을 선호하는 타겟층에게 어필할 만한 무드입니다.","자연광을 적극적으로 활용하여 나뭇잎 사이로 비치는 그림자(dappled light)를 연출 포인트로 삼았습니다. 인위적인 스튜디오 조명보다는 야외의 자연스러운 빛을 통해 옷의 얇은 소재감과 주름진 텍스처, 그리고 모델의 부드러운 실루엣을 감성적으로 담아냈습니다.",유럽의 공원이나 정원을 연상시키는 야외 벤치가 주 배경이 되어 이국적인 느낌을 줍니다. 딱딱한 스튜디오가 아닌 자연 속에 있는 듯한 배경 설정은 '리프(Leaf)'라는 상품명과 어우러져 내추럴하고 편안한 휴식의 이미지를 강화합니다.,"모델은 찻잔을 들고 있거나 머리카락을 자연스럽게 넘기는 등 정형화되지 않은 포즈를 취하고 있습니다. 다리를 꼬고 앉거나 상체를 살짝 비틀어 블라우스의 핏이 자연스럽게 흐르도록 유도했으며, 시선 처리를 통해 몽환적인 분위기를 더했습니다.","블라우스의 부드러운 크림(Cream) 컬러와 모델의 금발, 피부톤이 어우러져 전체적으로 밝고 따뜻한 아이보리-베이지 계열의 팔레트를 형성합니다. 여기에 벤치와 쇼츠의 블랙(Black), 그리고 주변의 자연적인 그린(Green)과 브라운(Brown) 톤이 포인트로 들어가 안정감을 줍니다.","소녀감성과 성숙한 여성미가 공존하는 로맨틱 빈티지 컨셉입니다. 넥라인의 스트링을 활용해 노출 정도를 조절할 수 있는 가변적인 디자인이 핵심이며, 소매와 몸판의 자글자글한 주름 디테일은 다림질이 필요 없는 실용성과 시각적인 풍성함을 동시에 제공합니다. 허리 끈이나 벨트를 활용해 실루엣을 잡을 수 있어 페미닌한 라인을 강조할 수 있습니다.","레터프롬문의 '리프 원숄더 프릴 블라우스'는 로맨틱하고 빈티지한 무드를 선호하는 여성들에게 최적화된 아이템입니다. 텍스처가 살아있는 소재감 덕분에 단독으로 착용해도 밋밋하지 않으며, 넥라인의 스트링을 조절하여 원숄더, 오프숄더, 혹은 일반 라운드넥처럼 다양하게 연출할 수 있는 활용도가 돋보입니다. 특히 리뷰에서 언급된 것처럼 벨트와 함께 코디했을 때 더욱 스타일리시한 핏을 완성할 수 있어 보입니다.

이미지 속 모델처럼 쇼츠와 매치하면 발랄하면서도 여리여리한 느낌을 줄 수 있고, 데님이나 롱 스커트와 매치하면 더욱 드레시한 분위기 연출이 가능합니다. 크림 컬러는 피부 톤을 타지 않고 누구에게나 잘 어울리는 색상으로, 봄/여름 시즌 데이트 룩이나 휴양지 룩으로 손색이 없습니다. 15% 할인된 가격대와 높은 적립금 혜택은 구매를 고려하게 만드는 매력적인 요소입니다.

다만, 소재가 얇고 주름진 형태라 비침이 있을 수 있으므로 이너웨어 착용에 신경 써야 할 것으로 보입니다. 배송이 예약 배송으로 진행되는 점은 당장 옷이 필요한 고객에게는 고려 사항이 될 수 있으나, 기다림을 감수할 만큼 디자인적인 소장 가치는 충분해 보입니다. 전반적으로 '설레는 설 준비'라는 문구처럼 다가올 계절을 미리 준비하기에 적합한 사랑스러운 블라우스입니다.",,,,
여성_의류/36_2799427.pdf,[해원 Pick] 실크핏 클로에 긴팔 커플 잠옷 세트,도씨 (DOSSY),홈웨어,잠옷 세트 (긴팔 상의 + 긴바지),23920,"실크핏 원단 (폴리에스테르 추정, 부드럽고 시원한 촉감)",상세 세탁법 텍스트 미기재 (일반적으로 실크핏 합성 소재는 미온수 중성세제 손세탁 또는 세탁망 사용 권장),"M,L,XL","상세 치수표 텍스트 없음 (리뷰 참조: 160cm M 적당, 168cm L 여유 있음, 전반적으로 바지 기장이 긴 편임)",SKY (스카이),"편안하면서도 사랑스러운 '집콕' 라이프스타일을 보여주는 무드입니다. 아이돌 모델을 기용하여 영하고 트렌디한 감성을 더했으며, 전체적으로 따뜻하고 아늑한 실내 분위기를 연출하고 있습니다.",메인 컬러인 스카이 블루가 주는 청량함과 배경의 따뜻한 아이보리/우드 톤이 조화를 이룹니다. 전체적으로 밝고 화사한 하이키(High-key) 톤으로 보정되어 깨끗하고 순수한 인상을 줍니다.,"햇살이 들어오는 창가나 아늑한 침실, 혹은 서재 책상 앞을 배경으로 설정하여 자연스러운 일상을 연출했습니다. 우드 톤의 가구와 따뜻한 조명을 배치하여 차가울 수 있는 파란색 잠옷을 포근하게 감싸줍니다.","모델이 책상에 앉아 펜을 들고 있거나 자연스럽게 정면을 응시하는 미디엄 샷 위주로 구성되어 있습니다. 제품의 상반신 디테일(카라, 단추, 파이핑)을 잘 보여주면서도 모델의 매력을 부각하는 인물 중심의 구도입니다.","NMIXX의 해원이 모델로 등장하여 특유의 맑고 깨끗한 이미지를 제품에 투영하고 있습니다. 펜을 입에 물거나 편안하게 앉아 있는 포즈를 통해, 꾸미지 않은 자연스러운 홈웨어 룩의 정석을 보여줍니다.",하늘색 바탕에 붉은색 스트라이프와 파이핑 디테일이 들어간 클래식한 카라 넥 파자마 디자인입니다. '실크핏'이라는 명칭답게 몸을 타고 흐르는 광택감과 부드러운 드레이프성이 시각적으로도 느껴집니다.,"도씨(DOSSY)는 합리적인 가격대에 트렌디한 디자인과 셀럽 마케팅을 결합하여 대중적인 인지도를 확보한 홈웨어 브랜드로 보입니다. 단순히 잠옷을 파는 것이 아니라 '설레는 선물', '아이돌이 입는 예쁜 홈웨어'라는 감성적인 가치를 함께 전달하고 있습니다.","청량한 스카이 블루 컬러의 파자마를 입은 해원이 아늑한 방 안에서 휴식을 취하는 모습입니다. 편안한 실루엣과 대비되는 붉은색 포인트 컬러가 돋보이며, 사랑스럽고 포근한 겨울 홈웨어의 느낌을 줍니다.",전체적으로 소프트하고 로맨틱한 파스텔 톤의 무드가 지배적입니다. 차가운 계열의 의상이지만 난색 계열의 조명과 소품을 활용하여 '겨울철 따뜻한 집 안'이라는 상반된 감각을 조화롭게 섞어냈습니다.,자연광을 모방한 부드러운 확산광을 사용하여 그림자를 최소화하고 모델의 피부톤을 화사하게 표현했습니다. 얕은 심도(아웃포커싱)를 적절히 활용하여 배경을 흐릿하게 처리함으로써 인물과 잠옷에 시선이 집중되도록 촬영했습니다.,"빈티지한 우드 테이블, 따뜻한 색감의 커튼, 엽서 등의 소품을 활용하여 감성적인 '소녀의 방'을 구현했습니다. 이는 제품의 타겟층인 10~20대 여성들이 선호하는 아기자기하고 감성적인 인테리어 트렌드를 반영한 것입니다.","모델은 카메라를 정면으로 응시하며 아이컨택을 하거나, 턱을 괴고 펜을 드는 등 일상적인 제스처를 취해 친근함을 유도합니다. 과도한 패션 포즈보다는 '내 방에 있는 듯한' 편안함과 자연스러움을 강조하는 포즈가 주를 이룹니다.","메인 컬러는 채도가 적당한 스카이 블루(Sky Blue)이며, 포인트 컬러로 비비드한 레드(Red)가 사용되었습니다. 배경에는 웜 화이트(Warm White), 베이지(Beige), 브라운(Brown)이 깔려 있어 전체적으로 안정감 있는 배색을 보여줍니다.",기본에 충실한 셔츠형 파자마 디자인에 배색 파이핑으로 포인트를 준 '프레피 룩' 감성의 홈웨어입니다. 남녀 공용으로 입을 수 있는 젠더리스한 디자인과 넉넉한 핏을 채택하여 커플 아이템으로서의 활용도를 높인 것이 특징입니다.,"이 제품은 NMIXX 해원의 픽(Pick)이자 god 손호영이 콘서트에서 착용하여 화제가 된 '실크핏 클로에 긴팔 커플 잠옷 세트'입니다. 가장 큰 특징은 청량한 스카이 블루 컬러에 붉은색 스트라이프와 파이핑으로 포인트를 준 감각적인 디자인입니다. 시각적으로 산뜻하면서도 크리스마스나 연말 분위기에도 잘 어울리는 배색이라 선물용으로도 인기가 높습니다.

소재는 '실크핏'이라 불리는 부드럽고 찰랑거리는 원단을 사용하여 피부에 닿는 촉감이 매우 우수하다는 평이 많습니다. 두께감이 얇고 시원한 편이라 열이 많은 사람이나 사계절 내내 가볍게 입기를 원하는 분들에게 적합합니다. 다만, 한겨울에 단독으로 입기에는 다소 얇게 느껴질 수 있으니 난방이 잘 되는 실내에서 착용하는 것을 추천합니다.

사이즈의 경우, 리뷰를 종합해보면 바지 기장이 꽤 길게 나온 편입니다. 키가 큰 남성이나 여성분들에게는 장점이 되지만, 키가 아담하신 분들은 바지 밑단이 끌릴 수 있어 수선이 필요하거나 한 사이즈 작게 주문하는 것을 고려해야 합니다. 핏 자체는 넉넉하고 여유로워 활동성이 좋고 수면 시 불편함이 없습니다.

현재 50% 이상의 높은 할인율로 2만 원대 초반에 구매할 수 있어 가성비가 매우 뛰어납니다. 아이돌이 착용한 트렌디한 디자인의 잠옷을 합리적인 가격에 소장하고 싶거나, 친구 및 연인과 함께 입을 커플 파자마를 찾는 분들에게 강력히 추천하는 아이템입니다.",,,,
여성_의류/36_2960662.pdf,wool classic double breasted coat (charcoal),르 (LE),여성의류,롱코트,173460,울 100%,드라이클리닝 권장 (상세 표기 없으나 울 100% 소재 특성상 필수),FREE,"상세 사이즈표는 이미지에 없으나, 리뷰에 따르면 160cm 기준 발목 위, 170cm 기준 종아리를 덮는 맥시한 기장이며 품이 넉넉한 오버핏임.",CHARCOAL,차분하고 도시적인 미니멀리즘 무드가 강하게 느껴집니다. 전체적으로 채도가 낮고 정적인 분위기 속에서 세련된 감성을 자아냅니다.,"쿨톤의 그레이와 차콜 색상이 지배적이며, 차가우면서도 고급스러운 인상을 줍니다. 빛이 강하지 않고 은은하게 퍼져 소재의 질감을 부각시킵니다.",콘크리트 질감의 벽이나 모던한 가구가 배치된 실내 공간을 배경으로 사용했습니다. 이는 브랜드가 추구하는 현대적이고 건축적인 미감을 뒷받침합니다.,모델의 상반신 클로즈업과 전신 샷을 적절히 섞어 핏과 소재감을 동시에 보여줍니다. 인물 중심이지만 공간의 여백을 두어 룩북 화보 같은 느낌을 줍니다.,자연스러운 헤어 스타일과 옅은 메이크업으로 꾸미지 않은 듯한 시크함을 연출했습니다. 무심한 듯 카메라를 응시하거나 먼 곳을 바라보는 시선 처리가 옷의 모던한 분위기와 잘 어울립니다.,클래식한 더블 브레스티드 디자인에 넓은 라펠과 각진 어깨 라인이 돋보이는 코트입니다. 짙은 차콜 컬러의 울 소재가 탄탄하고 두께감 있게 표현되어 한겨울 방한용으로 적합해 보입니다.,"'르(LE)'는 유행을 타지 않는 클래식한 디자인을 현대적인 실루엣으로 재해석하는 브랜드로 보입니다. 과도한 디테일보다는 소재와 핏, 그리고 전체적인 무드에 집중하여 고급스러운 이미지를 구축하고 있습니다.",모던한 콘크리트 배경 속에서 차콜 색상의 오버핏 롱 코트를 입은 모델이 시크한 매력을 발산하고 있습니다. 차분한 톤앤매너를 통해 겨울철 데일리 룩으로서의 고급스러움과 따뜻함을 동시에 전달합니다.,"전체적으로 채도가 낮은 그레이와 차콜을 베이스로 하여 차분하고 정제된 도시적인 무드를 형성하고 있습니다. 화려함보다는 절제된 세련미를 강조하며, 차가운 계열의 색감을 통해 이지적이고 모던한 분위기를 연출합니다.",자연광과 부드러운 실내 조명을 활용하여 인위적인 느낌을 배제하고 옷의 자연스러운 텍스처를 살렸습니다. 앵글은 아이레벨이나 약간 낮은 각도에서 촬영하여 코트의 롱한 기장감과 오버핏 실루엣을 웅장하게 담아냈습니다.,"노출 콘크리트와 빈티지한 가구가 어우러진 미드 센추리 모던 스타일의 공간에서 촬영되었습니다. 이러한 배경은 옷의 구조적인 실루엣과 조화를 이루며, 감각적이고 예술적인 브랜드의 정체성을 강조합니다.","모델은 과장된 포즈 대신 주머니에 손을 넣거나 편안하게 서 있는 등 정적인 자세를 취하고 있습니다. 이는 옷의 편안한 착용감을 시각적으로 전달하며, 무심한 듯 시크한 '프렌치 시크' 감성을 자아냅니다.","메인 컬러인 딥 차콜을 중심으로, 이너웨어의 헤더 그레이, 배경의 콘크리트 그레이 등 다양한 명도의 무채색이 톤온톤으로 매치되었습니다. 포인트 컬러 없이 모노톤으로 통일하여 시각적인 안정감과 고급스러움을 줍니다.",클래식한 더블 코트의 원형을 유지하면서도 어깨 패드와 오버사이즈 핏을 적용하여 현대적인 트렌드를 반영했습니다. 남성복에서 볼 법한 매니시한 실루엣을 여성복에 적용하여 중성적이고 파워풀한 매력을 강조한 디자인입니다.,"이 제품은 클래식한 더블 브레스티드 디자인에 현대적인 오버핏 실루엣을 더한 울 100% 롱 코트입니다. 리뷰에 따르면 두께감이 상당하고 무게감이 있어 한겨울에도 패딩만큼 따뜻하게 입을 수 있는 뛰어난 보온성을 자랑합니다. 특히 어깨 패드가 내장되어 있어 각 잡힌 실루엣을 선호하거나 매니시한 룩을 즐기는 분들에게 적합하며, 160cm 초반대 신장 기준 발목까지 오는 맥시한 기장감이 특징입니다.

디자인적으로는 짙은 차콜 컬러가 주는 차분함과 고급스러움이 돋보이며, 캐주얼한 후드나 포멀한 슬랙스 등 다양한 이너와 매치하기 좋습니다. 다만, 울 100%의 고밀도 원단을 사용하여 옷이 다소 무겁다는 평이 많으므로 무게에 예민한 분들은 고려가 필요합니다. 대신 그만큼 탄탄하고 변형이 적어 오래 입을 수 있는 '전투용 코트'로서의 가치가 높습니다.

현재 70%라는 높은 할인율이 적용되어 10만 원대 중반에 구매할 수 있다는 점이 가장 큰 매력 포인트입니다. 정가 대비 가성비가 매우 훌륭하며, 유행을 타지 않는 기본 디자인이라 겨울철 데일리 아우터로 강력히 추천할 만한 아이템입니다. 29CM 내에서도 많은 리뷰와 높은 평점을 기록하고 있어 대중적으로 검증된 상품이라 할 수 있습니다.",,,,
여성_의류/37_3043365.pdf,CASH MERINO V-NECK KNIT_CHARCOAL_OE1C2MKN11CHL,오브베이지 (OVBEIGE),여성의류,니트웨어,97860,"캐시미어, 메리노 울 혼방 (CASH MERINO WOOL)",드라이클리닝 권장 (소재 특성상),Free,"(상세 사이즈 표 텍스트 없음, 리뷰 및 핏 설명에 따르면 루즈핏 프리사이즈로 추정)","CHARCOAL,IVORY,BEIGE,MINT,PINK,BLACK","미니멀하고 차분한 분위기가 주를 이루며, 군더더기 없는 깔끔한 배경에서 제품 본연의 실루엣을 강조하고 있습니다. 전체적으로 세련되면서도 편안한 '에포트리스 시크(Effortless Chic)' 무드를 연출합니다.","차콜 그레이와 화이트 배경이 어우러진 쿨톤 기반의 무채색 톤이 지배적입니다. 차분하고 안정감 있는 색감을 통해 고급스러운 소재감을 시각적으로 전달하며, 도시적이고 모던한 인상을 줍니다.","깨끗한 화이트 톤의 실내 공간으로, 웨인스코팅이 들어간 문이나 벽면이 보여 클래식하면서도 모던한 스튜디오 느낌을 줍니다. 복잡한 소품을 배제하여 시선이 오직 모델과 니트에 집중되도록 연출되었습니다.",모델의 상반신을 중심으로 한 클로즈업 샷과 무릎 위까지 보여주는 미디엄 샷으로 구성되어 있습니다. 정면과 측면 각도를 다양하게 보여주어 넥 라인의 깊이와 전체적인 핏감을 소비자가 쉽게 파악할 수 있도록 했습니다.,자연스러운 브라운 헤어와 투명한 메이크업을 한 모델이 편안하면서도 시크한 표정으로 제품을 소화하고 있습니다. 마른 체형의 모델이 루즈한 핏의 니트를 착용하여 여리여리한 실루엣을 극대화하고 있습니다.,"적당한 깊이감의 브이넥 디자인이 목선을 길어 보이게 하며, 어깨 라인이 자연스럽게 떨어지는 드롭 숄더 패턴입니다. 캐시미어와 메리노 울 혼방 소재로 보이며, 표면에서 부드러운 헤어리함이 느껴지는 텍스처가 특징입니다.",오브베이지는 유행을 타지 않는 클래식한 디자인에 좋은 소재를 더해 '오래 입을 수 있는 데일리 웨어'를 지향하는 브랜드로 보입니다. 화려한 디테일보다는 핏과 소재감으로 승부하는 미니멀리즘 감성을 잘 보여줍니다.,차분한 차콜 컬러의 브이넥 니트를 입은 모델이 미니멀한 공간에서 자연스러운 포즈를 취하고 있습니다. 고급스러운 소재감과 여유로운 실루엣이 돋보이는 룩북 이미지입니다.,"전체적으로 채도가 낮고 명도 대비가 부드러운 소프트 모던 무드입니다. 차가운 도시적인 감성과 니트 소재가 주는 따뜻한 감성이 공존하여, 세련되면서도 아늑한 느낌을 동시에 전달합니다.",자연광에 가까운 부드러운 조명을 사용하여 니트의 질감을 섬세하게 표현했고 그림자를 최소화했습니다. 과도한 보정보다는 실제 색감과 핏을 정직하게 보여주는 룩북 스타일의 촬영 방식을 택했습니다.,"일상적인 주거 공간이나 깔끔한 쇼룸을 연상시키는 화이트 인테리어를 배경으로 하여, 소비자가 일상에서 입었을 때의 느낌을 상상하기 좋게 만들었습니다. 정적인 공간감은 제품의 차분한 컬러와 잘 어우러집니다.","주머니에 손을 넣거나 허리에 손을 얹는 등 과장되지 않은 자연스러운 포즈를 취하고 있습니다. 이는 옷의 편안한 착용감을 시각적으로 보여주며, 일상생활에서의 자연스러운 움직임을 반영한 듯합니다.","메인 컬러인 딥한 차콜(Charcoal)을 중심으로, 배경의 화이트(White)와 하의의 블랙(Black)이 조화를 이루는 모노톤 팔레트입니다. 썸네일에서는 파스텔 톤의 민트, 핑크 등 다양한 컬러 옵션도 확인할 수 있습니다.","기본에 충실하면서도 핏의 미학을 살린 '컨템포러리 베이직' 디자인입니다. 브이넥의 파임 정도나 소매의 기장감 등 디테일한 부분에서 여성스러운 라인을 살리되, 활동성을 고려한 루즈핏으로 편안함을 놓치지 않았습니다.","이 제품은 캐시미어와 메리노 울이 혼방된 브이넥 니트로, 소재가 주는 고급스러움과 부드러운 터치감이 가장 큰 장점입니다. 리뷰를 종합해보면 '까슬거리지 않고 부드럽다', '보온성이 뛰어나다'는 평이 지배적이며, 특히 예민한 피부를 가진 고객들도 만족할 만큼 텍스처가 우수합니다. 차콜 컬러는 어디에나 매치하기 쉬운 기본 색상으로, 데님이나 슬랙스 등 다양한 하의와 잘 어울려 활용도가 높습니다.

핏은 전체적으로 여유 있는 루즈핏으로, 체형을 자연스럽게 커버해주면서도 부해 보이지 않고 여리여리한 실루엣을 연출해줍니다. 브이넥의 깊이가 너무 깊지도 얕지도 않은 적당한 정도라 단독으로 입었을 때 목선이 예뻐 보이며, 추운 날씨에는 이너 티셔츠와 레이어드하기에도 좋습니다. 소매와 밑단의 시보리 처리가 깔끔하여 넣어 입거나 빼서 입어도 모두 자연스러운 스타일링이 가능합니다.

가격 대비 소재의 퀄리티가 훌륭하다는 평이 많아 '가성비'와 '가심비'를 모두 잡은 아이템으로 보입니다. 20대부터 40대까지 폭넓은 연령층이 데일리 룩이나 오피스 룩으로 소화할 수 있는 디자인입니다. 특히 '할인된 가격에 구매해서 만족한다', '다른 색상도 재구매하고 싶다'는 재구매 의사가 높은 것으로 보아 제품 만족도가 상당히 높은 베스트셀러 아이템임을 알 수 있습니다.",,,,
여성_의류/37_3422132.pdf,[해원 Pick] 시에르 실크핏 긴팔 커플 잠옷 세트,도씨 (DOSSY),여성의류 > 홈웨어 > 세트,파자마/잠옷 세트,23920,"실크핏 소재 (상세 혼용률 미기재, 리뷰상 부드럽고 찰랑거리는 소재)","세탁기 사용 가능, 건조기 사용 시 주의 요망 (리뷰 참조)","M,L,XL","상세 사이즈표 텍스트 없음 (리뷰 참조: 160cm 초반 M 적당, 넉넉하게 입으려면 L 추천)","BLUE (블루/오렌지 스트라이프),PINK (핑크/화이트 스트라이프 - 선물 패키지 이미지 참조)",빈티지하면서도 아늑한 감성이 돋보이는 무드입니다. 따뜻한 색감의 벽지와 모델의 포근한 스타일링이 어우러져 편안한 홈웨어의 느낌을 강조합니다.,전체적으로 웜톤의 베이지 배경에 블루와 오렌지 스트라이프가 포인트가 되는 색감입니다. 필름 카메라로 찍은 듯한 약간의 노이즈와 부드러운 톤이 감성적인 분위기를 자아냅니다.,레트로한 패턴이 들어간 베이지색 벽지를 배경으로 사용하여 빈티지한 느낌을 연출했습니다. 이는 집 안의 침실이나 아늑한 실내 공간을 연상시키며 홈웨어의 용도를 시각적으로 잘 보여줍니다.,모델의 상반신을 중심으로 한 클로즈업 샷과 미디엄 샷으로 구성되어 있습니다. 모델이 곰 인형을 안고 있거나 정면을 응시하는 구도를 통해 사랑스럽고 귀여운 이미지를 부각시켰습니다.,모델(해원)은 긴 흑발에 수면 안대를 착용하고 곰 인형을 안아 소녀 같은 사랑스러움을 연출했습니다. 몽환적이면서도 차분한 표정 연기로 편안한 잠옷의 컨셉을 잘 소화하고 있습니다.,"블루 바탕에 오렌지색 스트라이프 패턴이 들어간 셔츠형 파자마로, 카라와 소매 끝의 파이핑 디테일이 깔끔함을 더합니다. '실크핏'이라는 이름처럼 흐르는 듯한 광택감이 느껴지며, 넉넉한 핏으로 편안한 착용감을 제공하는 디자인입니다.","도씨는 트렌디한 셀럽(해원)을 모델로 기용하여 영 타겟층에게 어필하는 감성적인 홈웨어 브랜드로 보입니다. 단순히 잠옷을 파는 것이 아니라, '설레는 준비', '선물하기' 등의 키워드를 통해 라이프스타일과 감성을 함께 판매하는 전략을 취하고 있습니다.",빈티지한 벽지를 배경으로 모델 해원이 블루 스트라이프 파자마를 입고 곰 인형을 안고 있는 감성적인 사진입니다. 아늑하고 포근한 겨울 홈웨어의 분위기를 사랑스럽게 표현하고 있습니다.,전반적으로 따뜻하고 아늑한 '코지(Cozy)' 무드와 레트로한 '빈티지(Vintage)' 감성이 공존합니다. 베이지 톤의 배경과 채도가 살짝 낮아진 블루/오렌지 컬러의 조화가 차분하면서도 감성적인 분위기를 형성합니다.,"인물의 감정을 잘 드러내는 소프트한 조명을 사용하여 부드러운 질감을 강조했습니다. 정면 앵글을 사용하여 모델과 아이컨택하는 듯한 느낌을 주며, 곰 인형과 수면 안대 같은 소품을 적극 활용해 컨셉을 강화했습니다.",70-80년대가 연상되는 기하학적 꽃무늬 패턴의 벽지를 사용하여 레트로한 가정집 침실 분위기를 연출했습니다. 이러한 배경은 현대적인 디자인의 잠옷과 대비되면서도 묘하게 어우러져 힙하고 감각적인 룩북을 완성합니다.,모델은 곰 인형을 품에 안거나 자연스럽게 서 있는 등 정적이고 편안한 포즈를 취하고 있습니다. 과도한 움직임보다는 나른하고 편안한 표정과 자세를 통해 '잠옷'이라는 제품의 본질적인 편안함을 시각적으로 전달합니다.,"메인 컬러는 소프트한 스카이 블루와 따뜻한 오렌지이며, 배경의 베이지와 브라운(곰인형)이 이를 받쳐줍니다. 보색 대비에 가까운 블루와 오렌지를 스트라이프로 사용하여 경쾌하면서도 세련된 배색을 보여줍니다.","클래식한 파자마 디자인에 스트라이프 패턴과 배색 파이핑을 더해 캐주얼하고 발랄한 느낌을 주었습니다. '실크핏'이라는 소재감을 강조하여 고급스러움을 놓치지 않았으며, 커플룩으로도 활용 가능한 유니섹스한 매력이 돋보이는 디자인입니다.","이 제품은 도씨(DOSSY)의 '[해원 Pick] 시에르 실크핏 긴팔 커플 잠옷 세트'로, NMIXX 해원이 착용하여 더욱 주목받고 있는 아이템입니다. 빈티지한 무드의 룩북에서 알 수 있듯이, 단순한 잠옷을 넘어 집에서도 예쁘고 감성적인 무드를 즐기고 싶은 2030 여성들을 타겟으로 하고 있습니다. 블루와 오렌지의 감각적인 스트라이프 배색과 깔끔한 파이핑 디테일은 호불호 없이 누구나 좋아할 만한 디자인 포인트입니다.

소재 측면에서는 '실크핏'이라는 명칭답게 몸에 부드럽게 감기는 찰랑거리는 터치감이 특징입니다. 리뷰를 살펴보면 '소재가 시원하고 보들보들하다', '세탁 후 변형이 적다'는 긍정적인 평가가 주를 이루며, 사계절 내내(한겨울 제외) 쾌적하게 입을 수 있는 실용적인 두께감으로 보입니다. 사이즈는 M, L, XL로 구성되어 남녀 커플 아이템으로도 인기가 많으며, 넉넉한 핏을 선호하는 홈웨어 특성상 편안한 활동성을 보장합니다.

특히 선물하기 좋은 패키지 옵션과 합리적인 가격대(할인가 2만원대)는 이 제품의 큰 장점입니다. 친구 생일 선물이나 커플 기념일 선물로 부담 없이 선택하기 좋으며, 브랜드의 감성적인 패키징이 더해져 받는 사람의 만족도가 높을 것으로 예상됩니다. 트렌디한 디자인, 편안한 소재, 합리적인 가격의 3박자를 고루 갖춘 매력적인 홈웨어입니다.",,,,
여성_의류/38_2809438.pdf,[스페셜오더 / 26SPRING]_[29CM단독]_LOND2 WAIST TUCK BLOUSE (Z-BL-4287),아틀리에 나인 (ATELIER NAIN),여성_의류,블라우스 (티블라우스),42630,"상세 혼용률 미기재 (리뷰 참조: 톡톡하고 신축성 있는 두께감의 소재, 비침이 적고 탄탄한 원단)","상세 세탁법 미기재 (폴리백 파우더 가루는 물티슈로 제거 가능, 일반적인 블라우스 취급 주의 요망)",FREE,"MODEL SIZE: HEIGHT 170-173CM, BUST 28-29"", WAIST 23-24"", HIP 34"" (모델 착용 사이즈 FREE)","라이트 베이지,브라운,아이보리,블랙,딥 차콜,베이지",전반적으로 차분하고 모던한 감성의 미니멀 룩을 지향합니다. 화려한 배경보다는 인물과 옷의 실루엣에 집중된 정적인 분위기입니다. 세련되면서도 일상에서 편하게 입을 수 있는 '꾸안꾸(꾸민 듯 안 꾸민 듯)' 스타일의 자연스러운 무드가 느껴집니다.,뉴트럴 톤과 무채색 계열이 주를 이루어 차분하고 안정적인 인상을 줍니다. 웜톤의 베이지/브라운과 쿨톤의 차콜/블랙이 고루 분포되어 있어 도시적이고 세련된 색감을 보여줍니다. 전체적으로 채도가 낮아 눈이 편안하고 고급스러운 느낌을 줍니다.,시선을 분산시키지 않는 깔끔한 화이트 또는 라이트 그레이 톤의 스튜디오 배경을 사용했습니다. 이를 통해 옷의 셔링 디테일과 모델의 포즈가 더욱 돋보이도록 연출했습니다. 복잡한 소품 없이 인물 중심의 구도를 잡아 제품의 핏에 집중하게 합니다.,모델의 전신 컷과 상반신 클로즈업 컷이 적절히 섞여 있어 전체적인 비율과 디테일을 모두 확인할 수 있습니다. 정면뿐만 아니라 측면 각도를 활용해 허리 셔링의 입체감을 강조하는 구도를 취하고 있습니다. 다양한 각도에서 촬영하여 옷의 비대칭 라인을 잘 보여줍니다.,170cm 이상의 큰 키와 슬림한 체형을 가진 모델들이 착용하여 옷의 롱한 기장감과 슬림한 핏을 강조합니다. 무표정하거나 자연스러운 표정으로 시크하고 모던한 브랜드의 이미지를 대변하고 있습니다. 마른 체형임에도 셔링 디테일이 볼륨감을 살려주는 모습을 효과적으로 보여줍니다.,"보트넥 라인으로 목선과 쇄골을 우아하게 드러내며, 허리 한쪽에 잡힌 턱(Tuck) 디테일이 자연스러운 주름을 만들어 여성스러운 볼륨감을 줍니다. 밑단이 사선으로 떨어지는 언발란스 디자인이라 하의 밖으로 꺼내 입었을 때 스타일리시한 포인트가 됩니다. 티셔츠의 편안함과 블라우스의 갖춰 입은 느낌을 동시에 주는 하이브리드 아이템입니다.","아틀리에 나인은 트렌디하면서도 웨어러블한 디자인을 합리적인 가격대에 제안하는 컨템포러리 브랜드로 보입니다. 베이직한 아이템에 셔링이나 언발란스 컷팅 같은 디테일을 더해, 심심하지 않으면서도 데일리로 활용 가능한 세련된 룩을 추구합니다. 2030 직장인 여성들이 선호할 만한 모던하고 감각적인 포지셔닝을 취하고 있습니다.",심플한 배경 속에서 모델이 다양한 컬러의 셔링 블라우스를 입고 포즈를 취하며 옷의 핏과 디테일을 명확히 보여줍니다. 허리 라인을 강조한 여성스러운 실루엣과 모던한 컬러감이 돋보이는 룩북 이미지입니다. 제품의 디자인적 특징인 드레이핑과 비대칭 라인을 잘 포착했습니다.,"전체적으로 채도가 낮고 부드러운 뉴트럴 컬러와 모노톤이 조화를 이루어 차분하고 고급스러운 분위기를 자아냅니다. 과한 장식 없이 실루엣으로 승부하는 미니멀리즘과 페미닌한 무드가 공존합니다. 계절감을 크게 타지 않는 에센셜한 무드로, 오피스룩부터 데이트룩까지 아우르는 범용성을 보여줍니다.","부드러운 확산광을 사용하여 옷의 주름(셔링)과 소재의 질감을 자연스럽게 살렸습니다. 그림자를 최소화하여 옷의 형태를 명확하게 보여주며, 모델을 중앙에 배치하는 안정적인 구도를 사용하여 제품 집중도를 높였습니다. 과한 보정보다는 실제 핏감을 보여주는 데 주력한 깔끔한 스튜디오 촬영입니다.","군더더기 없는 깨끗한 실내 스튜디오 배경으로, 모던하고 도시적인 감성을 연출합니다. 배경에 소품을 배제하여 오직 모델과 의상의 핏, 컬러감에만 시선이 머물도록 의도된 미니멀한 공간 연출이 돋보입니다. 차가운 듯하면서도 세련된 도시 여성의 공간을 암시합니다.",모델들은 허리에 손을 얹거나 골반을 살짝 틀어 의상의 핵심 포인트인 허리 셔링과 곡선미를 강조하는 포즈를 주로 취합니다. 과장된 동작보다는 자연스럽게 서 있거나 살짝 기대는 듯한 정적인 포즈로 차분하고 시크한 분위기를 유지합니다. 시선 처리를 통해 도도하고 자신감 있는 무드를 연출합니다.,"아이보리, 라이트 베이지, 베이지, 브라운으로 이어지는 따뜻한 웜톤 계열과 블랙, 딥 차콜의 시크한 무채색 계열로 구성되어 있습니다. 전반적으로 차분하고 톤 다운된 컬러들이라 피부 톤에 구애받지 않고 데일리하게 매치하기 좋은 색상들입니다. FW 시즌이나 간절기에 특히 잘 어울리는 깊이 있는 색감입니다.","'꾸민 듯 안 꾸민 듯한' 자연스러운 멋을 추구하는 디자인으로, 평범한 티셔츠와 블라우스의 경계를 허무는 '티블라우스' 컨셉입니다. 허리의 핀턱 주름을 통해 체형 보정 효과(뱃살 커버)와 동시에 우아한 드레이핑을 연출하여, 편안한 착용감과 갖춰 입은 듯한 격식을 동시에 만족시킵니다. 비대칭 헴라인은 정형화되지 않은 자유로운 감성을 더해줍니다.","이 상품은 편안함과 스타일을 동시에 잡은 '티블라우스'로, 29CM 단독 스페셜 오더로 진행되는 아틀리에 나인의 인기 아이템입니다. 가장 큰 특징은 허리와 어깨에 들어간 턱(Tuck) 디테일로, 자연스러운 주름이 잡혀 뱃살이나 군살을 효과적으로 커버해주면서도 여성스러운 실루엣을 만들어줍니다. 리뷰에서도 '뱃살 가려주고 날씬해 보인다', '몸매 라인이 예뻐 보인다'는 호평이 지배적이며, 보트넥 디자인이 여리여리한 분위기를 더해줍니다.

소재는 얇은 면티가 아니라 톡톡하고 신축성 있는 원단(수영복이나 쫀쫀한 소재 비유)을 사용하여 저렴해 보이지 않고 단정한 느낌을 줍니다. 덕분에 출근룩이나 하객룩, 데이트룩 등 격식이 필요한 자리에서도 활용도가 높습니다. 아이보리, 블랙, 차콜 등 베이직한 컬러 구성으로 다양한 하의와 매치하기 쉬워 색깔별로 재구매하는 고객도 많습니다.

다만, 일부 리뷰에서 밝은 컬러(아이보리)의 경우 비침이나 색감(연노랑빛)에 대한 언급이 있으며, 어깨가 넓은 체형의 경우 보트넥이 부각될 수 있다는 점은 참고해야 합니다. 또한 폴리백 포장 시 묻어있는 파우더 가루에 대한 안내가 있으니 착용 전 확인이 필요합니다. 전반적으로 4~5만 원대의 합리적인 가격에 브랜드 퀄리티의 핏과 디자인을 경험할 수 있어 가성비와 가심비를 모두 만족시키는 제품으로 평가됩니다.",,,,
여성_의류/38_2960547.pdf,[은현 PICK] alpaca blend hoodie sweater (ivory),르 (LE),여성의류 > 니트웨어 > 기타 니트,후드 니트 스웨터,58610,알파카 블렌드 (Alpaca Blend),상세 페이지 내 미기재 (알파카 및 울 혼방 소재 특성상 드라이클리닝 권장),FREE,상세 사이즈 표 텍스트 없음 (리뷰 및 옵션 상 FREE 사이즈 단일 구성),IVORY,"자연스럽고 편안한 '꾸안꾸(꾸민 듯 안 꾸민 듯)' 무드가 강하게 느껴집니다. 일상 속에서 무심하게 걸친 듯하지만 스타일리시한 감성을 자아내며, 따뜻하고 포근한 겨울의 정취를 담고 있습니다.","전반적으로 웜톤의 아이보리와 부드러운 그레이, 브라운이 어우러진 뉴트럴 톤입니다. 실내의 따뜻한 조명과 야외의 자연광이 섞여 있어 차분하면서도 감성적인 색감을 보여줍니다.","거울 셀카를 찍는 실내 공간과 편안하게 앉아 있는 야외 거리 배경이 혼재되어 있습니다. 특별한 스튜디오가 아닌 일상적인 공간을 배경으로 하여, 제품이 데일리룩으로 활용하기 좋다는 점을 강조합니다.","상반신을 강조한 거울 셀카와 전신을 보여주는 야외 컷으로 구성되어 있습니다. 셀카는 디테일과 핏을, 전신 컷은 전체적인 스타일링과 바지, 신발과의 조화를 보여주는 데 집중했습니다.","모델(안은현)은 트렌디하고 힙한 감각을 지닌 인플루언서 스타일을 보여줍니다. 바라클라바나 레그 워머 같은 액세서리를 과감하게 매치하여, 단순한 니트를 힙하게 소화하는 패션 센스가 돋보입니다.","알파카 블렌드 소재 특유의 헤어리(hairy)하고 보송보송한 텍스처가 시각적으로 잘 드러납니다. 후드가 달려 있어 캐주얼한 느낌을 주며, 여유 있는 핏으로 편안하게 착용할 수 있는 디자인입니다.","브랜드 '르(LE)'는 베이직한 아이템에 트렌디한 요소를 더해 감각적인 데일리웨어를 제안하는 것으로 보입니다. 인플루언서와의 협업(PICK)을 통해 2030 여성들의 워너비 스타일을 공략하고 있으며, 합리적인 가격대로 접근성을 높인 포지셔닝을 취하고 있습니다.",포근한 아이보리 컬러의 알파카 후드 니트를 입은 모델의 일상적인 모습을 담고 있습니다. 거울 셀카와 야외 착용 샷을 통해 소재의 질감과 트렌디한 스타일링 활용법을 동시에 보여주는 이미지입니다.,"전체적으로 채도가 낮고 부드러운 뉴트럴 컬러가 지배적이라 눈이 편안하고 따뜻한 느낌을 줍니다. 빈티지하면서도 세련된 감성이 공존하며, 겨울철 포근한 라이프스타일을 연상시키는 무드입니다.","전문적인 스튜디오 조명보다는 자연광이나 실내 앰비언트 라이트를 활용하여 사실적인 색감과 질감을 표현했습니다. 거울을 이용한 셀피 구도는 소비자에게 친근감을 주며, 실제 착용했을 때의 느낌을 간접적으로 전달합니다.",도심 속의 자연스러운 거리나 실내 복도 등을 배경으로 하여 '리얼웨이 룩'을 지향합니다. 꾸며진 세트장이 아닌 실제 생활 공간에서의 촬영은 제품의 실용성과 자연스러운 멋을 더욱 부각시킵니다.,"정형화된 패션 모델 포즈보다는 핸드폰을 들고 있거나 턱을 괴고 앉아 있는 등 자연스러운 제스처를 취하고 있습니다. 이는 옷의 편안한 착용감을 시각적으로 전달하며, 보는 이로 하여금 따라 입고 싶은 욕구를 자극합니다.","메인 컬러인 크림빛 아이보리를 중심으로, 멜란지 그레이(팬츠, 모자), 딥 브라운(가방), 올리브 그린(신발)이 조화롭게 배치되어 있습니다. 전체적으로 따뜻하고 차분한 어스 톤(Earth tone) 계열의 팔레트입니다.","기본적인 니트 스웨터에 후드 디테일을 더해 보온성과 캐주얼함을 동시에 잡은 디자인입니다. 알파카 소재를 사용하여 고급스러운 텍스처를 살렸으며, 단독으로 입거나 코트 안에 레이어드하기 좋은 활용도 높은 아이템으로 기획되었습니다.","이 제품은 '르(LE)' 브랜드의 알파카 블렌드 후드 스웨터로, 인플루언서 안은현 님의 픽(Pick)으로 소개되어 트렌디한 감성이 돋보이는 아이템입니다. 알파카 특유의 길고 보송보송한 털 질감이 사진에서도 잘 느껴지며, 아이보리 컬러가 주는 따뜻하고 화사한 느낌이 겨울철 이너나 단독 상의로 활용하기에 적합합니다. 후드가 달려 있어 캐주얼한 무드를 연출하기 좋고, 모델처럼 조거 팬츠나 레그 워머와 매치하면 편안하면서도 스타일리시한 '원마일 웨어' 룩을 완성할 수 있습니다.

구매 고객들의 리뷰를 종합해 보면, 디자인과 핏에 대한 만족도는 상당히 높은 편입니다. '색감이 예쁜 크림색이다', '후드가 포인트가 되어 귀엽다', '휘뚜루마뚜루 입기 좋다'는 긍정적인 평가가 많습니다. 특히 세일 가격 대비 퀄리티가 좋다는 의견이 있어 가성비 측면에서도 매력적인 제품으로 보입니다. 핏은 여유로운 편이라 편안하게 착용 가능하며, 넥 라인 연결이 자연스럽다는 평도 있습니다.

다만, 소재 특성에 대한 호불호는 분명히 존재합니다. 알파카 소재 특성상 '따갑다'거나 '이너 티셔츠가 필수'라는 의견이 다수 있으며, 털 빠짐이나 보풀에 대한 우려도 일부 언급되었습니다. 피부가 예민한 구매자는 이너를 꼼꼼히 챙겨 입어야 할 것으로 보입니다. 또한 배송 지연이나 오배송에 대한 불만 섞인 리뷰들도 있어, 구매 시 배송 일정을 미리 확인하는 것이 좋겠습니다.

결론적으로 이 제품은 피부가 아주 예민하지 않고 트렌디한 겨울 데일리룩을 찾는 분들에게 추천합니다. 70%라는 높은 할인율이 적용된 가격(약 5만 8천 원대)은 소재와 디자인을 고려했을 때 매우 합리적인 구매 기회입니다. 따뜻한 감성의 룩북 이미지처럼 코트 안의 포인트 이너로 활용하거나, 간절기에 단독으로 착용하여 포근한 스타일링을 즐기기에 최적화된 상품입니다.",,,,
여성_의류/39_2774688.pdf,[L 사이즈 추가] STANDARD FIT LONG SKIRT - GRAY,노티아 (NOTIA),여성_의류,롱 스커트,69120,상세 혼용률 텍스트 미기재 (리뷰 상 도톰하고 구김이 적은 소재로 언급됨),상세 텍스트 미기재 (일반적인 정장 스커트 특성상 드라이클리닝 권장),"S,M,L","상세 사이즈표 텍스트 없음. (리뷰 및 정보에 따르면 160cm 중반 기준 발목 위 기장, 허리가 여유 있게 나온 편, L 사이즈 추가됨)",GRAY,군더더기 없는 배경과 스타일링을 통해 차분하고 정제된 미니멀리즘 무드를 연출하고 있습니다. 전체적으로 모던하고 세련된 감성이 돋보이는 이미지입니다.,"채도가 낮고 차분한 그레이 톤이 주를 이루며, 브라운 컬러를 포인트로 사용하여 따뜻하면서도 도시적인 인상을 줍니다. 전체적으로 안정감 있고 고급스러운 색감입니다.",그림자가 은은하게 지는 회색빛의 무지 스튜디오 배경을 사용하여 피사체에 시선이 집중되도록 했습니다. 장식적인 요소를 배제하여 제품의 실루엣을 강조하는 연출입니다.,모델의 전신을 담은 풀 샷 위주로 구성되어 스커트의 맥시한 기장감과 일자로 떨어지는 핏을 잘 보여줍니다. 정면 구도를 통해 옷의 전체적인 비율을 왜곡 없이 전달합니다.,모델은 자연스럽게 서 있거나 가방을 무심하게 든 포즈를 취하며 차분한 태도를 유지합니다. 얼굴보다는 의상의 핏과 전체적인 스타일링에 집중할 수 있도록 절제된 포즈를 보여줍니다.,"발목까지 내려오는 맥시한 기장감의 H라인 스커트로, 군더더기 없는 깔끔한 실루엣이 특징입니다. 허리 벨트 고리가 있어 벨트 스타일링이 가능하며, 뒷트임이나 주머니(초기 봉제 상태) 등의 디테일이 있습니다.","노티아는 트렌디하면서도 기본에 충실한 미니멀 룩을 지향하는 브랜드로 보입니다. 과한 디테일보다는 핏과 소재감, 그리고 전체적인 무드에 집중하여 현대 여성들이 선호하는 세련된 데일리웨어를 제안합니다.",그레이 롱 스커트에 브라운 슬리브리스와 스웨이드 백을 매치하여 모던한 룩을 완성했습니다. 미니멀한 배경 속에서 제품의 핏과 기장감이 돋보이는 룩북 이미지입니다.,"전체적으로 차분하고 도시적인 '어반 미니멀(Urban Minimal)' 무드입니다. 그레이와 브라운의 조화가 고급스럽고 안정적인 느낌을 주며, 화려함보다는 절제된 세련미를 강조하고 있습니다.",스튜디오 내에서 부드러운 확산광을 사용하여 옷의 질감과 색상을 왜곡 없이 담아냈습니다. 모델의 눈높이에서 정면으로 촬영하여 소비자가 실제 착용했을 때의 핏을 직관적으로 알 수 있게 했습니다.,"장식적인 요소가 배제된 회색조의 벽과 바닥이 이어지는 호리존 스타일의 배경입니다. 이는 제품의 컬러인 그레이와 톤온톤으로 어우러지면서도, 피사체를 명확하게 분리해주는 역할을 합니다.",모델은 과도한 움직임 없이 정적인 자세로 서서 한 손에는 가방을 들고 있습니다. 다리를 살짝 벌리거나 무게 중심을 한쪽으로 두어 자연스러운 H라인 실루엣이 무너지지 않도록 연출했습니다.,"메인 컬러인 차콜 그레이(Charcoal Gray)를 중심으로, 딥 브라운(Deep Brown)과 블랙(Black)이 포인트 컬러로 사용되었습니다. 전체적으로 저채도의 뉴트럴 컬러들이 조화를 이루어 차분한 인상을 줍니다.","'Standard Fit'이라는 제품명처럼 유행을 타지 않는 클래식한 디자인을 현대적으로 재해석했습니다. 맥시한 기장으로 트렌디함을 더하면서도, 오피스룩이나 데일리룩 어디에나 매치할 수 있는 실용적인 미니멀리즘을 추구합니다.","노티아의 'STANDARD FIT LONG SKIRT'는 미니멀한 디자인과 맥시한 기장감이 돋보이는 제품으로, 유행을 타지 않고 오랫동안 입을 수 있는 클래식한 아이템입니다. 1,100개가 넘는 리뷰가 증명하듯 대중적인 인기를 얻고 있으며, 특히 깔끔하게 떨어지는 H라인 핏이 체형을 슬림하게 보이게 해줍니다. 그레이 컬러는 차분하고 지적인 이미지를 주어 오피스룩이나 격식 있는 자리에 활용하기 좋으며, 모델처럼 캐주얼한 상의와 매치하면 세련된 데일리룩으로도 손색이 없습니다.

리뷰 분석 결과, 소재는 도톰하고 구김이 잘 가지 않아 관리가 용이하며 봄, 가을, 초겨울까지 착용 가능한 3계절용 스커트로 평가받고 있습니다. 다만 허리 사이즈가 다소 여유 있게 나왔다는 의견이 많아, 골반에 걸쳐 입거나 벨트를 활용하는 스타일링이 권장됩니다. 키가 작은 고객들에게는 다소 길 수 있는 기장이지만, 오히려 그 맥시함이 멋스러운 분위기를 연출한다는 평이 지배적입니다.

전체적으로 가격 대비 퀄리티가 우수하고 핏이 예쁘다는 평이 주를 이루며, L 사이즈가 추가되어 선택의 폭이 넓어진 점도 긍정적입니다. 심플하지만 존재감 있는 롱 스커트를 찾는 2030 여성들에게 강력히 추천할 만한 제품입니다. 특히 29CM 신규 가입 혜택 등을 활용하면 합리적인 가격에 구매할 수 있어 가성비와 가심비를 모두 만족시키는 쇼핑이 될 것입니다.",,,,
여성_의류/40_2203760.pdf,[바로배송]_[29CM 단독][with 문지원] Clay wool V-neck knit_6colors,유라고 (URAGO),여성_의류,니트웨어 (브이넥 니트),63360,Wool 100%,"Dry Clean Only, Do not Tumble dry (의류 건조기 사용 시 수축 및 변형 주의)",Free,"가슴 : 53cm, 소매길이 : 70cm, 소매 통 : 21cm, 총장 : 57cm","Oatmeal,Melange gray,Emerald green,Red,Brown,Black","전체적으로 차분하고 자연스러운 '내추럴 미니멀리즘'을 지향합니다. 야외 촬영은 가을의 쓸쓸하면서도 포근한 감성을 담고 있으며, 실내 촬영은 군더더기 없는 깔끔한 스튜디오 무드를 보여줍니다. 과장되지 않은 일상 속의 편안함을 강조하는 분위기입니다.","야외 컷은 자연광을 활용한 소프트한 웜톤과 뮤트한 그린/브라운 톤이 주를 이룹니다. 실내 컷은 화이트 배경에 브라운, 다크 데님 등 차분한 어스 컬러(Earth tone)와 무채색이 조화를 이루어 안정감을 줍니다. 전반적으로 채도가 낮고 부드러운 인상입니다.","야외 배경은 나무가 우거진 공원이나 숲길로, 가을/겨울 시즌의 계절감을 효과적으로 전달합니다. 실내 배경은 텍스처가 없는 깨끗한 화이트 월과 어두운 바닥재를 사용하여 모델과 옷의 실루엣에만 집중하게 합니다.","모델의 상반신 클로즈업과 전신 샷이 적절히 섞여 있어 핏과 디테일을 모두 확인할 수 있습니다. 야외에서는 자연스러운 시선 처리와 움직임을 포착한 라이프스타일 컷 위주이며, 실내에서는 정적인 스탠딩 포즈로 옷의 떨어지는 핏을 정직하게 보여줍니다.",모델들은 화려한 메이크업보다는 수수하고 자연스러운 헤어스타일과 표정을 연출하고 있습니다. 카메라를 정면으로 응시하기보다 시선을 아래로 두거나 먼 곳을 바라보며 사색에 잠긴 듯한 차분한 분위기를 자아냅니다. 이는 브랜드가 추구하는 편안하고 감성적인 무드와 잘 어울립니다.,"도톰한 두께감의 브이넥 라인이 목선을 안정적으로 감싸주며, 울 100% 소재 특유의 포근한 텍스처가 시각적으로도 느껴집니다. 소매와 밑단의 시보리가 짱짱하게 잡혀 있어 전체적으로 볼륨감 있는 실루엣을 만들어줍니다. 암홀 라인의 코 줄임 디테일이 미니멀한 디자인 속에서 은은한 포인트 역할을 합니다.","유라고는 유행을 타지 않는 베이직한 디자인에 좋은 소재와 감성적인 무드를 더해 '오래 입을 수 있는 데일리웨어'를 제안하는 브랜드로 보입니다. 화려함보다는 편안함과 자연스러움을 강조하며, 2030 여성들의 일상에 자연스럽게 녹아드는 라이프스타일 브랜드를 지향하는 인상입니다.","가을 공원의 정취와 깔끔한 스튜디오를 배경으로, 울 100% 브이넥 니트의 포근함과 미니멀한 디자인을 강조한 이미지들입니다. 다양한 컬러와 자연스러운 모델의 포즈를 통해 데일리 아이템으로서의 활용도를 잘 보여줍니다.","전체적인 톤앤무드는 '코지(Cozy)'하고 '내추럴(Natural)'하며, 채도가 낮고 부드러운 색감을 사용하여 시각적인 편안함을 줍니다. 가을과 겨울의 계절감을 반영한 차분한 분위기 속에서 세련된 미니멀리즘을 유지하고 있습니다.","야외 촬영은 자연광을 활용하여 따뜻하고 감성적인 느낌을 살렸으며, 인물 중심의 아웃포커싱 기법을 사용해 배경과 인물을 분리했습니다. 실내 촬영은 균일한 조명을 사용하여 옷의 색감과 핏을 왜곡 없이 정확하게 전달하는 데 중점을 두었습니다.","룩북의 배경은 크게 두 가지로, 하나는 낙엽이 있는 공원이나 숲으로 계절의 정취를 느끼게 하는 서정적인 무드입니다. 다른 하나는 모던하고 심플한 실내 공간으로, 옷 자체의 디자인과 실루엣에 집중할 수 있는 정제된 무드를 연출합니다.",모델은 과도한 포즈를 취하기보다는 주머니에 손을 넣거나 옷을 가볍게 쥐는 등 일상적인 제스처를 취합니다. 힘을 뺀 듯한 자연스러운 스탠딩 포즈와 무심한 듯한 표정 연기는 옷의 편안한 착용감을 간접적으로 전달합니다.,"제품은 오트밀, 멜란지 그레이, 브라운, 블랙 같은 뉴트럴 컬러를 베이스로 하여, 에메랄드 그린과 레드 같은 포인트 컬러를 더해 구성되어 있습니다. 전체적으로 튀지 않고 서로 조화롭게 어우러지는 차분한 색감들로 이루어져 있어 데일리 룩에 적합합니다.",'Clay wool V-neck knit'는 군더더기 없는 심플함을 바탕으로 소재의 퀄리티와 핏의 완성도에 집중한 디자인입니다. 두 겹으로 도톰하게 처리된 브이넥과 암홀의 헤라시(코 줄임) 디테일은 미니멀한 디자인 속에서 고급스러운 마감 처리를 보여줍니다. 유행을 타지 않는 스탠다드 핏으로 다양한 하의와 매치하기 좋은 실용적인 컨셉을 가지고 있습니다.,"이 상품은 유라고(URAGO)의 스테디셀러인 'Clay wool V-neck knit'로, 울 100% 소재가 주는 고급스러움과 보온성이 돋보이는 제품입니다. 29CM 단독으로 진행되며 문지원과의 협업을 통해 감성적인 브랜딩을 강화했습니다. 리뷰 수가 2,200개가 넘을 정도로 인기가 많으며, 구매자들은 주로 '기본에 충실한 디자인'과 '어디에나 잘 어울리는 핏'을 장점으로 꼽습니다. 특히 적당한 깊이의 브이넥 파임 덕분에 단독 착용은 물론 셔츠나 티셔츠와 레이어드하기 좋다는 평이 많습니다.

디자인적으로는 미니멀리즘을 추구하지만, 넥 라인과 암홀 부분의 디테일한 마감이 퀄리티를 높여줍니다. 프리 사이즈임에도 불구하고 150cm 후반부터 170cm 초반까지 다양한 체형의 고객들이 만족하며 착용하고 있으며, 너무 루즈하지도 타이트하지도 않은 '스탠다드 핏'이 가장 큰 매력 포인트입니다. 컬러 구성 또한 오트밀, 그레이, 블랙 같은 기본 색상부터 에메랄드 그린, 레드 같은 포인트 색상까지 다양하여 선택의 폭이 넓습니다.

다만, 울 100% 소재 특성상 피부가 예민한 고객에게는 다소 까슬거릴 수 있다는 의견과 착용 후 보풀(pilling)이 발생한다는 리뷰가 일부 존재합니다. 따라서 이너웨어 착용을 권장하며, 세탁 시 드라이클리닝을 준수하고 마찰을 줄이는 등 관리에 신경을 써야 할 것으로 보입니다. 가격 대비 소재와 핏이 우수하여 가을/겨울철 데일리 니트로 활용도가 매우 높은 아이템입니다.",,,,
여성_의류/40_3234721.pdf,[디즈니] 서프 미키_티셔츠 NTS4465,노티카 (NAUTICA),여성의류,반소매 티셔츠,22500,면 (피그먼트 다잉 기법 적용),"찬물 세탁 권장, 건조기 사용 지양 (리뷰 내 '건조기 돌리면 틀어질 것 같지는 않은' 언급이 있으나, 피그먼트 및 프린팅 보호를 위해 자연 건조 권장)","S,M,L,XL","상세 치수 표는 없으나, 리뷰에 따르면 기장이 길고 품이 넉넉한 오버사이즈 핏임. (예: 178cm/74kg L사이즈 큼, 161cm/56kg XL 매우 큼)","화이트,멜란지그레이,차콜",캐주얼하고 경쾌한 여름 분위기입니다. 디즈니 캐릭터의 귀여움과 노티카의 스포티한 감성이 어우러져 레트로하면서도 편안한 느낌을 줍니다.,화이트 배경의 밝고 깨끗한 톤(High Key)입니다. 그래픽에 사용된 옐로우와 블루 컬러가 포인트가 되어 시원하고 청량한 인상을 줍니다.,군더더기 없는 깔끔한 회색조 또는 흰색의 단색 배경을 사용하여 제품 자체에 시선이 집중되도록 연출했습니다. 이는 상품의 그래픽과 실루엣을 명확하게 보여주기 위한 의도입니다.,제품 전체를 보여주는 정면 눕혀 찍기(Flat lay) 컷과 그래픽 디테일을 보여주는 클로즈업 컷으로 구성되어 있습니다. 텍스트 설명 이미지에서는 원단의 질감을 배경으로 활용하여 빈티지한 무드를 강조했습니다.,제공된 이미지에는 실제 모델 착용 컷이 포함되어 있지 않고 제품 단독 컷 위주입니다. 하지만 리뷰 텍스트를 통해 다양한 체형(160cm대 여성부터 180cm 남성까지)의 소비자들이 오버핏으로 착용함을 알 수 있습니다.,전면에 서핑 보드를 든 미키마우스 그래픽과 'NAUTICA 1983 RIDE the Wave' 타이포그래피가 크게 배치된 것이 특징입니다. 피그먼트 다잉 기법을 사용하여 자연스러운 색감과 빈티지한 텍스처를 구현했습니다.,"노티카는 전통적인 아메리칸 캐주얼과 해양 문화를 기반으로 하는 브랜드로, 이번 디즈니 협업을 통해 친근하고 대중적인 이미지를 강화했습니다. 클래식한 브랜드 헤리티지에 캐릭터의 위트를 더해 젊은 층에게도 어필하고 있습니다.",흰색 바탕에 서핑하는 미키마우스가 그려진 오버핏 반팔 티셔츠입니다. 레트로한 폰트와 캐릭터의 조화가 여름 바캉스 룩에 적합한 시원한 느낌을 전달합니다.,"전반적으로 밝고 활기찬 '썸머 홀리데이' 무드를 지향하고 있습니다. 빈티지한 그래픽 아트워크와 피그먼트 소재감이 어우러져, 너무 새것 같지 않은 자연스럽고 편안한 레트로 캐주얼 감성을 자아냅니다.",제품을 바닥에 평평하게 펼쳐 놓고 위에서 수직으로 촬영한 탑뷰(Top view) 방식을 주로 사용했습니다. 조명을 고르게 사용하여 그림자를 최소화함으로써 옷의 형태와 프린팅의 색감을 왜곡 없이 선명하게 전달하고 있습니다.,제품 상세 페이지 내의 연출 컷은 구겨진 천이나 종이 질감의 배경을 사용하여 내추럴하고 빈티지한 무드를 연출했습니다. 이는 '피그먼트 다잉'이라는 제품의 가공 특징과 '1983년'이라는 레트로 컨셉을 시각적으로 뒷받침합니다.,"이 PDF 이미지 내에는 모델의 포즈가 드러난 사진이 없으나, 제품의 펼쳐진 형태를 통해 어깨선이 드롭되고 품이 넓은 루즈핏 실루엣임을 강조하고 있습니다. 소매와 밑단이 넉넉하게 떨어지는 형태로 편안한 활동성을 시각화했습니다.","메인 컬러는 깨끗한 화이트(또는 멜란지 그레이, 차콜)이며, 그래픽에는 블랙, 옐로우, 스카이 블루가 사용되었습니다. 이러한 원색과 무채색의 대비는 시인성을 높이고 경쾌한 마린 룩의 색감을 완성합니다.","디즈니의 대표 캐릭터 미키마우스가 서핑을 즐기는 모습을 통해 노티카의 브랜드 아이덴티티인 '바다'와 '항해'를 위트 있게 재해석했습니다. 1983년이라는 연도를 표기하여 브랜드의 역사를 강조함과 동시에, 피그먼트 다잉 기법으로 오래 입은 듯한 멋스러움을 추구하는 뉴트로(New-tro) 컨셉입니다.","이 제품은 노티카와 디즈니의 협업으로 탄생한 여름 시즌 포인트 아이템으로, 서핑하는 미키마우스 그래픽이 주는 시원하고 귀여운 매력이 돋보입니다. 피그먼트 다잉 기법이 적용된 면 소재는 톡톡하고 탄탄하여 비침이 적고 세탁 후 변형이 적다는 점에서 구매자들의 만족도가 높습니다. 특히 50% 할인된 가격대는 브랜드 콜라보 제품임에도 불구하고 매우 합리적인 가성비를 제공하여 선물용이나 커플룩으로도 인기가 많습니다.

핏은 전반적으로 크게 나온 오버사이즈로, 리뷰에 따르면 평소 사이즈보다 한 치수 작게 주문하거나 박시한 핏을 즐기는 분들에게 적합합니다. 기장이 길어 엉덩이를 덮는 스타일을 선호하는 여성분들이나 체격이 있는 남성분들 모두에게 여유로운 실루엣을 제공합니다. 다만, 체구가 작은 분들에게는 너무 클 수 있으므로 상세 사이즈 확인이 필요하며, 여름철 해변이나 휴가지에서 편안하게 입을 수 있는 데일리 티셔츠로 강력 추천합니다.",,,,
여성_의류/41_3411200.pdf,Essential Layered Long Sleeve [Pale Pink],로제프란츠 (RoséFrantz),여성의류,긴소매 티셔츠,46000,"Tencel 70%, Wool 30%",첫 세탁은 드라이클리닝 권장. 비틀어 짜기 금지. 기계 세탁 및 건조기 사용 시 변형/이염/변색/탈색 가능성 있음.,OS,Length 55 / Shoulder 39 / Chest 39 / Sleeve 67 / Hem 36 (단위: cm),PALE PINK,"전반적으로 부드럽고 여성스러운 무드를 자아내며, 몽환적이면서도 차분한 감성을 전달합니다. 과하지 않은 자연스러운 연출을 통해 데일리하면서도 감각적인 분위기를 형성하고 있습니다.","따뜻하고 밝은 파스텔 톤의 핑크 색감이 주를 이루며, '딸기우유' 색상으로 묘사되는 소프트한 웜톤 계열입니다. 채도가 낮고 명도가 높아 피부 톤을 화사하게 밝혀주는 인상을 줍니다.",모델의 착장을 돋보이게 하기 위해 불필요한 소품을 배제한 심플한 실내 배경이나 깨끗한 벽면을 활용했을 것으로 보입니다. 이는 제품의 얇은 소재감과 은은한 색상에 시선이 집중되도록 의도된 연출입니다.,제품의 핏과 소재감을 보여주기 위한 상반신 위주의 클로즈업 샷과 전체적인 실루엣을 보여주는 샷이 적절히 혼합되어 있습니다. 특히 긴 소매 기장과 넥 라인을 강조하는 구도가 특징적입니다.,"키 174cm와 178cm의 금발 모델이 착용하여, 슬림하고 긴 팔다리의 실루엣을 강조하고 있습니다. 모델들은 옷의 여리여리한 핏을 살리기 위해 자연스럽고 힘을 뺀 듯한 포즈를 취하고 있습니다.","텐셀과 울 혼방 소재로 제작되어 얇고 비침이 있는 시스루 스타일의 긴팔 티셔츠입니다. 소매 기장이 67cm로 매우 길게 제작되어 손등을 덮는 연출이 가능하며, 몸에 부드럽게 감기는 슬림핏이 특징입니다.",로제프란츠는 베이직한 아이템에 여성스러운 디테일과 감성적인 컬러를 더해 트렌디한 데일리룩을 제안하는 브랜드로 보입니다. 합리적인 가격대와 활용도 높은 디자인으로 2030 여성들에게 '여리여리한' 핏을 선사하는 브랜드로 포지셔닝하고 있습니다.,부드러운 파스텔 핑크 컬러와 얇은 소재감이 돋보이는 슬림핏 롱슬리브 티셔츠 이미지입니다. 긴 소매와 자연스러운 실루엣으로 페미닌하고 감성적인 무드를 강조하고 있습니다.,"사랑스럽고 로맨틱한 '페일 핑크' 컬러를 중심으로, 전체적으로 소프트하고 몽환적인 분위기를 연출합니다. 자극적이지 않은 편안한 색감은 발레코어나 소프트한 캐주얼 룩에 적합하며, 차분하면서도 생기 있는 무드를 동시에 전달합니다.","소재의 얇은 두께감과 부드러운 텍스처를 표현하기 위해 자연광이나 부드러운 확산광을 사용하여 촬영된 것으로 보입니다. 과도한 보정보다는 실제 색감과 핏을 자연스럽게 보여주는 데 중점을 두었으며, 모델의 자연스러운 움직임을 포착하여 옷의 흐름을 강조했습니다.","복잡한 배경보다는 인물과 옷에 집중할 수 있는 미니멀하고 모던한 실내 공간을 배경으로 설정했습니다. 이는 제품의 컬러가 가진 은은함을 해치지 않으면서, 일상 속에서 편안하게 입을 수 있는 데일리웨어로서의 느낌을 강조합니다.","모델은 정적인 자세보다는 팔을 자연스럽게 내리거나 살짝 굽혀 소매의 긴 기장감을 강조하는 포즈를 취하고 있습니다. 몸에 붙는 핏을 보여주되 부담스럽지 않게 연출하여, 편안하면서도 스타일리시한 느낌을 주는 내추럴한 포징이 특징입니다.","메인 컬러는 채도가 낮고 명도가 높은 '페일 핑크(Pale Pink)'이며, 이는 살구색과 분홍색이 섞인 듯한 따뜻한 느낌을 줍니다. 함께 매치되는 아이템들은 무채색이나 뉴트럴 톤일 가능성이 높아, 핑크 컬러가 포인트가 되면서도 조화롭게 어우러지는 팔레트를 구성합니다.","이 제품은 '에센셜(Essential)'이라는 이름답게 계절에 구애받지 않고 활용 가능한 기본 레이어드 아이템을 지향합니다. 텐셀과 울을 혼방하여 고급스러운 터치감과 보온성을 동시에 잡았으며, 일반적인 티셔츠보다 긴 소매와 슬림한 핏으로 트렌디한 실루엣을 완성하는 것이 디자인의 핵심 컨셉입니다.","로제프란츠의 'Essential Layered Long Sleeve [Pale Pink]'는 페미닌한 무드와 실용성을 동시에 갖춘 매력적인 아이템입니다. 텐셀 70%와 울 30%의 혼방 소재는 피부에 닿는 촉감이 부드럽고, 얇지만 은은한 보온성을 제공하여 간절기 이너나 레이어드용으로 최적화되어 있습니다. 특히 리뷰에서 가장 많이 언급되는 '딸기우유' 같은 페일 핑크 컬러는 웜톤과 쿨톤을 크게 타지 않고 얼굴을 화사하게 밝혀주어 구매 만족도가 매우 높습니다.

디자인적으로는 67cm에 달하는 긴 소매 기장이 가장 큰 특징으로, 손등을 덮는 연출을 통해 여리여리한 분위기를 극대화합니다. 몸에 적당히 붙는 슬림핏(OS 사이즈)은 단독 착용 시에는 바디 라인을 살려주고, 니트나 가디건 안에 입었을 때는 부해 보이지 않는 깔끔한 레이어링을 가능하게 합니다. 다만, 소재가 얇아 비침이 있을 수 있으므로 스킨톤 이너를 착용하거나 레이어드 티셔츠로 활용하는 것이 좋습니다.

가격 대비 소재의 퀄리티와 핏에 대한 칭찬이 많지만, 울 혼방 소재의 특성상 세탁 시 주의가 필요합니다. 기계 세탁보다는 드라이클리닝이나 가벼운 손세탁이 권장되며, 관리에 조금만 신경 쓴다면 오랫동안 예쁘게 입을 수 있는 옷입니다. 평소 베이직하면서도 포인트가 되는 이너를 찾고 있거나, 과하지 않은 발레코어 룩을 시도해보고 싶은 분들에게 강력히 추천하는 제품입니다.",,,,
여성_의류/41_3544277.pdf,[5차/정린착용] FINE WOOL HANDEMADE COAT [BUTTER],샤드라마 (CHATDELAMA),여성_의류,롱코트,253730,"FINE WOOL (상세 혼용률 미기재, 핸드메이드 울 소재), 안감 누빔(리뷰 참조)",핸드메이드 울 소재 특성상 드라이클리닝 권장 (상세 표기 없으나 소재 기반 추론),"S,FREE","상세 사이즈표 텍스트 없음 (리뷰 및 Q&A에서 S와 FREE 사이즈 존재 확인, 오버핏으로 묘사됨)",BUTTER,따뜻하고 부드러운 감성의 데일리 룩 무드입니다. 편안하면서도 사랑스러운 분위기를 자아냅니다.,"전반적으로 웜톤의 크리미한 옐로우(버터) 색상이 지배적이며, 자연광을 이용해 따뜻한 색감을 강조했습니다.","실내 소파, 전신 거울 앞, 그리고 감성적인 하늘 사진 등이 배경으로 사용되어 일상 속 자연스러운 모습을 연출했습니다.","모델의 상반신 클로즈업 샷과 전신 거울 셀카(MD's Cut)가 혼합되어 있어, 디테일과 전체적인 핏을 동시에 보여줍니다.","긴 흑발의 모델이 자연스러운 미소를 띠고 있으며, 과한 포즈보다는 팔짱을 끼거나 핸드폰을 들고 있는 등 일상적인 제스처를 취하고 있습니다. 모델의 밝은 표정이 옷의 화사한 컬러감과 잘 어우러집니다.","소매 끝단의 'Hand Made' 라벨이 고급스러움을 더하며, 무릎 아래로 내려오는 긴 기장감의 롱코트입니다. 부드러운 텍스처의 울 소재와 흔하지 않은 버터 색감이 시각적인 포인트가 됩니다.","샤드라마는 트렌디하면서도 웨어러블한 디자인을 추구하며, '정린착용'과 같은 문구로 인플루언서나 모델의 착용 컷을 강조해 친근함을 줍니다. 5차 리오더가 진행될 만큼 대중적인 인기와 신뢰를 확보한 브랜드로 보입니다.",화사한 버터 컬러의 핸드메이드 롱코트를 입은 모델이 따뜻한 실내에서 포즈를 취하고 있습니다. 거울 셀카를 통해 실제 착용 핏과 기장감을 현실적으로 보여줍니다.,전체적으로 채도가 낮고 명도가 높은 파스텔 옐로우 톤이 주를 이루어 포근하고 아늑한 느낌을 줍니다. 겨울철 칙칙할 수 있는 아우터 룩에 활기를 불어넣는 화사하고 로맨틱한 무드입니다.,전문적인 스튜디오 촬영보다는 자연광이 들어오는 실내나 거울 앞에서의 촬영을 통해 '꾸안꾸(꾸민 듯 안 꾸민 듯)' 감성을 살렸습니다. 조명은 부드럽게 처리되어 옷의 질감을 따뜻하게 표현하고 있습니다.,민트색 소파가 있는 거실이나 원목 마루가 있는 방 등 실제 주거 공간 같은 배경을 사용하여 친숙함을 줍니다. 중간에 삽입된 구름 사진은 제품의 몽글몽글하고 소프트한 이미지를 은유적으로 표현합니다.,"모델은 정면을 응시하며 환하게 웃거나, 거울을 보며 자신의 모습을 찍는 등 소비자가 따라 입고 싶게 만드는 자연스러운 포즈를 취합니다. 딱딱한 패션 모델보다는 친한 친구가 옷을 자랑하는 듯한 친근한 애티튜드가 특징입니다.","메인 컬러인 소프트 옐로우(버터)를 중심으로, 이너로 매치한 그레이 니트와 데님 블루, 그리고 블랙 액세서리가 조화를 이룹니다. 전반적으로 뉴트럴하고 소프트한 컬러 팔레트입니다.","미니멀한 디자인에 소재와 컬러로 승부하는 핸드메이드 코트 컨셉입니다. 넉넉한 오버핏 실루엣으로 두꺼운 이너를 입을 수 있는 실용성을 갖추었으며, 소매의 라벨 디테일로 브랜드 아이덴티티와 퀄리티를 강조했습니다.","이 제품은 '버터'라는 독특하고 화사한 컬러감으로 5차 리오더까지 진행된 샤드라마의 베스트셀러 아이템입니다. 일반적인 겨울 코트의 어두운 색상에서 벗어나 얼굴을 밝혀주는 톤업 효과가 있어 소비자들의 만족도가 높으며, 핸드메이드 특유의 고급스러운 텍스처와 자연스러운 오버핏 실루엣이 특징입니다.

리뷰를 종합해보면, 색감에 대한 칭찬이 압도적이며 두꺼운 니트를 입어도 불편하지 않은 넉넉한 품이 장점으로 꼽힙니다. 또한 안감에 누빔 처리가 되어 있어 한겨울에도 보온성을 챙길 수 있다는 점이 구매 포인트입니다. 다만, 오버핏 디자인 특성상 체구가 작은 분들에게는 다소 클 수 있다는 의견과 마감 실밥 처리에 대한 일부 아쉬운 목소리도 있으므로 사이즈 선택 시 상세 치수를 확인하는 것이 좋습니다.",,,,
여성_의류/42_2883823.pdf,a haag half zip-up (navy),헤이그 (HAAG),여성의류 > 상의 > 스웨트셔츠,하프 집업 스웨트셔츠,118000,"기모 안감 (상세 혼용률 텍스트 미표기, 리뷰 및 이미지 질감으로 코튼 혼방 추정)",상세 페이지 내 미표기 (일반적인 기모 스웨트셔츠 세탁법인 찬물 세탁 및 자연 건조 권장),One Size (Free),상세 사이즈 표 텍스트 없음 (리뷰 상 158~172cm 다양한 체형이 오버핏으로 착용),NAVY,자연스러운 일상을 담은 캐주얼하고 빈티지한 무드입니다. 도심 속에서 편안하게 입을 수 있는 데일리룩의 느낌을 강조하고 있습니다.,"오후의 햇살을 받은 듯한 웜톤의 자연광이 감돌며, 네이비와 데님의 조화가 차분하면서도 경쾌한 인상을 줍니다.",벽돌 건물과 노란 택시가 보이는 이국적인 거리 풍경입니다. 도시적인 감수성과 자유로운 스트릿 분위기를 연출하고 있습니다.,모델의 상반신과 무릎 위까지를 포착한 미디엄 샷 위주입니다. 정면보다는 자연스럽게 몸을 틀거나 기대어 있는 구도로 역동성을 주었습니다.,"긴 생머리의 모델이 편안한 자세로 난간에 기대어 있으며, 커피와 종이봉투를 들고 있어 자연스러운 라이프스타일을 연출합니다. 꾸미지 않은 듯한 수수한 매력이 돋보입니다.",가슴 중앙에 큼지막하게 들어간 'HAAG' 아치형 로고가 포인트인 네이비 컬러의 하프 집업입니다. 넉넉한 오버핏 실루엣으로 이너 티셔츠와 레이어드하기 좋습니다.,헤이그는 심플하면서도 감성적인 브랜딩으로 2030 여성들에게 인기가 높은 브랜드로 보입니다. 편안함과 스타일을 동시에 추구하는 '꾸안꾸' 룩의 정석을 보여줍니다.,"도심 속 거리에서 커피를 들고 여유를 즐기는 모델을 통해, 편안하면서도 스타일리시한 하프 집업의 매력을 보여주는 이미지입니다.","전체적으로 따뜻한 자연광이 내리쬐는 오후의 거리 감성을 담고 있습니다. 빈티지한 필름 카메라로 찍은 듯한 색감과 질감이 느껴지며, 편안하고 나른한 분위기를 자아냅니다.","스튜디오가 아닌 야외 로케이션 촬영으로, 자연광을 적극 활용하여 그림자와 빛의 대비를 살렸습니다. 인위적인 포즈보다는 찰나의 순간을 포착한 스냅샷 스타일로 촬영되었습니다.","붉은 벽돌 건물과 철제 난간, 지나가는 노란 택시 등이 어우러져 뉴욕이나 서구권 도시의 가을 거리 같은 느낌을 줍니다. 이러한 배경은 옷의 캐주얼하고 클래식한 디자인을 더욱 돋보이게 합니다.",카메라를 정면으로 응시하기보다는 자연스럽게 다른 곳을 보거나 웃는 표정을 짓고 있습니다. 한쪽 다리를 살짝 굽히거나 난간에 기대는 등 경직되지 않은 릴렉스한 포즈가 특징입니다.,"제품의 딥한 네이비 컬러를 중심으로, 청바지의 라이트 블루, 배경의 붉은 벽돌색과 웜톤의 햇살이 조화를 이룹니다. 로고의 화이트 컬러가 시각적인 포인트 역할을 합니다.","클래식한 스포츠웨어에서 영감을 받은 하프 집업 디자인에 브랜드의 아이덴티티를 담은 로고 플레이를 더했습니다. 넉넉한 품과 드롭 숄더 라인은 활동성을 보장하며, 트렌디한 오버핏 실루엣을 완성합니다.","이 제품은 헤이그(HAAG)의 스테디셀러인 하프 집업 스웨트셔츠로, 탄탄한 소재감과 클래식한 로고 디자인이 특징입니다. 480개가 넘는 리뷰를 분석해보면, 150cm 후반부터 170cm 초반까지 다양한 신장의 고객들이 구매하고 있으며, 대부분 넉넉하고 자연스러운 오버핏 실루엣에 큰 만족감을 보이고 있습니다. 특히 기모 안감이 있어 보온성이 뛰어나고, 네이비 컬러가 주는 깔끔함 덕분에 데일리 아이템으로 활용도가 매우 높다는 평입니다.

많은 고객들이 그레이 컬러를 먼저 구매한 후 만족하여 네이비 컬러를 추가로 구매하는 '깔별 소장' 패턴을 보이고 있습니다. 가격대는 118,000원으로 스웨트셔츠 카테고리 내에서는 다소 높은 편이지만, 브랜드 특유의 감성과 핏, 그리고 부드러운 소재 퀄리티 때문에 구매 가치가 충분하다는 의견이 지배적입니다. 흰 티셔츠와 레이어드하여 데님이나 트레이닝 팬츠와 매치하면 손쉽게 스타일리시한 캐주얼룩을 완성할 수 있어 선물용으로도 인기가 높습니다.",,,,
여성_의류/42_3423314.pdf,[29CM 단독][Atelier Edition] W/Two Way Vegan Leather Jacket_2COLOR(WC25-OT09),웬즈데이오아시스 (WEDNESDAYOASIS),여성의류_아우터,레더 재킷,134180,비건 레더 (Vegan Leather),"상세 페이지 내 미기재이나, 일반적인 비건 레더 특성상 물세탁을 피하고 마른 헝겊으로 닦거나 전문 드라이클리닝을 권장합니다.","M,L,OS","OS 사이즈 기장 67cm (Q&A 답변 기준), 상세 사이즈표는 이미지 내 직접적인 수치 미포함","BROWN,BLACK",빈티지하고 내추럴한 감성이 돋보이는 캐주얼 무드입니다. 필름 카메라로 찍은 듯한 질감과 자연스러운 일상의 순간을 포착하여 편안하면서도 감각적인 분위기를 자아냅니다.,전반적으로 채도가 낮고 따뜻한 웜톤 계열의 색감이 주를 이룹니다. 짙은 브라운 가죽의 색감과 배경의 초록색 잔디가 어우러져 차분하고 아늑한 가을/겨울의 인상을 줍니다.,"푸른 잔디가 깔린 야외 공원과 도시적인 느낌의 철제 구조물, 자동차 내부 등이 배경으로 사용되었습니다. 이는 도심 속의 휴식이나 주말 나들이 같은 라이프스타일을 연상시키며 제품의 활용도를 강조합니다.","인물의 상반신을 중심으로 한 미디엄 샷과 전신을 보여주는 룩북 컷이 혼합되어 있습니다. 정면을 응시하기보다 자연스럽게 시선을 돌리거나 소품(아이스크림, 핸드폰)을 활용하는 라이프스타일 컷 위주로 구성되었습니다.",자연스럽게 풀어헤친 긴 머리와 꾸미지 않은 듯한 수수한 메이크업으로 편안한 매력을 보여줍니다. 아이스크림을 들고 있거나 난간에 기대는 등 경직되지 않은 포즈를 통해 옷의 활동성과 편안한 착용감을 시각적으로 전달합니다.,"광택이 과하지 않고 은은한 비건 레더 소재의 오버핏 재킷입니다. 목까지 올라오는 하이넥 연출이 가능한 투웨이 디자인으로 보이며, 소매와 밑단의 시보리 디테일이 있어 보온성과 핏을 잡아주는 블루종 스타일입니다.",웬즈데이오아시스는 'Urban Layers of a Restful Palette'라는 문구처럼 도시적인 감성과 휴식의 여유를 동시에 추구하는 브랜드로 보입니다. 트렌디한 디자인에 감성적인 스토리텔링을 더해 2030 세대의 취향을 공략하는 컨템포러리 캐주얼 브랜드로 포지셔닝하고 있습니다.,초록색 잔디밭 위에서 브라운 레더 재킷을 입고 아이스크림을 든 모델의 모습이 인상적입니다. 빈티지한 색감과 여유로운 핏을 통해 가을철 데일리 아우터로서의 매력을 감성적으로 어필하고 있습니다.,"전체적으로 'Restful Palette'라는 컨셉에 맞춰 차분하고 서정적인 톤 앤 무드를 유지하고 있습니다. 쨍한 원색보다는 빛바랜 듯한 브라운, 베이지, 그린 등의 컬러를 사용하여 눈이 편안하고 감성적인 분위기를 연출합니다.","자연광을 적극적으로 활용하여 부드러운 그림자와 따뜻한 색감을 만들어냈습니다. 인위적인 스튜디오 조명보다는 야외의 햇살이나 차 안의 자연스러운 빛을 이용해 리얼웨이 룩의 느낌을 살렸으며, 약간의 노이즈를 더해 레트로한 필름 사진의 느낌을 구현했습니다.","룩북은 야외 공원의 싱그러움과 차가운 금속 재질의 도시적 배경을 교차하여 보여줍니다. 이는 '도심 속의 오아시스'라는 브랜드명처럼, 삭막한 도시 생활 속에서 찾는 여유와 낭만을 시각적으로 표현한 것으로 보입니다.","모델은 정형화된 패션 모델의 포즈보다는 일상 속의 자연스러운 움직임을 포착한 듯한 포즈를 취합니다. 무심하게 핸드폰을 보거나, 운전석에 앉아 있거나, 난간에 기대어 있는 등 '옷을 입고 생활하는 모습'을 보여주는 데 집중했습니다.","딥 브라운(Deep Brown)과 블랙(Black)이 메인 컬러이며, 이를 보조하는 포레스트 그린(Forest Green), 웜 그레이(Warm Grey), 그리고 포인트가 되는 레드(Red) 소매 배색 등이 조화롭게 어우러져 가을/겨울 시즌에 적합한 무게감 있는 팔레트를 구성합니다.","클래식한 항공 점퍼나 블루종의 실루엣을 현대적인 비건 레더 소재로 재해석한 디자인입니다. 넉넉한 오버핏으로 다양한 이너와 레이어드하기 좋으며, 카라를 세우거나 눕혀서 두 가지 느낌(Two-Way)을 낼 수 있는 실용적인 디테일이 돋보입니다. 성별에 구애받지 않는 중성적인 매력도 가지고 있습니다.","이 제품은 웬즈데이오아시스의 감성이 듬뿍 담긴 비건 레더 재킷으로, 스타일과 윤리적 소비를 동시에 고려하는 소비자에게 매력적인 선택지입니다. 리뷰를 종합해보면, 실제 가죽 못지않은 퀄리티와 가벼운 착용감이 가장 큰 장점으로 꼽힙니다. 특히 '딥 브라운' 컬러는 빈티지하면서도 고급스러운 색감으로 가을철 다양한 코디에 활용하기 좋다는 평이 많습니다.

디자인적으로는 넉넉한 오버핏과 하이넥으로 연출 가능한 카라 디테일이 특징입니다. 이는 두꺼운 니트나 후드와 레이어드하기에 용이하며, 초겨울까지도 착용 가능한 실용성을 제공합니다. 다만, 사이즈가 꽤 넉넉하게 나왔다는 평이 있으므로 체구가 작은 구매자는 상세 사이즈를 꼼꼼히 확인하거나 이너를 두껍게 입는 것을 고려해야 합니다.

전반적으로 29CM 단독 할인과 브랜드 특유의 감성적인 룩북이 구매 욕구를 자극하는 제품입니다. 트렌디한 레더 재킷을 찾고 있지만 무거운 무게감이나 관리가 부담스러운 분들에게 적합하며, 캐주얼한 데님부터 페미닌한 스커트까지 폭넓게 매치할 수 있는 활용도 높은 데일리 아우터로 추천합니다.",,,,
여성_의류/44_3444277.pdf,[김가을 Pick] [15th] Wave Logo Raglan Long Top - White Melange(Navy),썸웨어버터 (SOMEWHEREBUTTER),여성의류,긴소매 티셔츠,69000,코튼 소재 (상세 혼용률은 텍스트에 없으나 리뷰 및 이미지상 톡톡한 면 소재로 추정),"상세 세탁법 미기재 (일반적인 면 티셔츠 세탁법 권장, 로고 보호를 위해 뒤집어 세탁 추천)",Free,상세 사이즈표 텍스트 없음 (리뷰 참조: 160~170cm 기준 소매가 길고 품이 넉넉한 오버핏),"WHITE MELANGE,NAVY","빈티지하고 편안한 캐주얼 무드입니다. 꾸미지 않은 듯 자연스러운 '꾸안꾸' 스타일을 지향하며, 홈파티나 일상 속의 여유로움을 담고 있습니다.",따뜻한 실내 조명을 받은 웜톤 계열의 색감이 주를 이룹니다. 그레이(멜란지)와 네이비의 차분한 조화에 우드 톤의 배경이 더해져 아늑한 인상을 줍니다.,"일반적인 가정집의 실내 공간으로 보입니다. 화이트 커튼, 원목 테이블, 전신 거울 등이 배치되어 있어 인위적인 스튜디오보다 라이프스타일에 밀착된 배경입니다.",모델이 와인잔을 들고 있는 상반신 컷과 거울을 활용한 전신 셀피 컷으로 구성되어 있습니다. 정형화된 포즈보다는 일상의 순간을 포착한 듯한 스냅 사진 구도입니다.,검은 뿔테 안경을 쓰고 머리를 자연스럽게 묶어 내추럴한 매력을 강조했습니다. 와인을 마시거나 쪼그려 앉는 등 격식 없는 편안한 자세를 취해 옷의 활동성을 보여줍니다.,어깨선이 없는 래글런 디자인으로 소매와 몸판의 배색이 특징입니다. 전면에 브랜드 네임이 빈티지한 타이포그래피로 프린팅되어 있어 레트로한 포인트를 줍니다.,썸웨어버터는 'Vintage & Casual'이라는 슬로건처럼 일상에 자연스럽게 녹아드는 편안한 의류를 선보이는 브랜드입니다. 감성적인 로고 플레이와 넉넉한 핏으로 2030 여성들에게 인기가 높습니다.,빈티지한 로고와 배색이 돋보이는 오버핏 래글런 티셔츠를 입고 홈파티를 즐기는 자연스러운 모습입니다.,"전반적으로 아늑하고 따스한 옐로우 톤의 실내 조명이 감돌아 빈티지한 감성을 극대화합니다. 차가운 느낌보다는 포근하고 친근한 분위기를 자아내며, 필름 카메라로 찍은 듯한 감성적인 무드를 연출하고 있습니다.",전문적인 조명 세팅보다는 자연광이나 실내 생활 조명을 활용하여 리얼리티를 살렸습니다. 거울 셀카 방식을 차용하거나 피사체에 가까이 다가가는 앵글을 사용하여 소비자가 자신의 모습처럼 느끼게 하는 친근한 촬영 기법을 사용했습니다.,"특별한 장소보다는 누구나 공감할 수 있는 '집'이라는 공간을 배경으로 설정했습니다. 원목 마루와 가구, 심플한 벽면은 옷의 빈티지한 색감을 해치지 않으면서도 편안한 라이프스타일 웨어라는 제품의 정체성을 뒷받침합니다.","모델은 정자세로 서 있기보다는 의자에 앉아 상체를 기울이거나, 바닥에 쪼그려 앉아 거울을 보는 등 매우 자유분방한 포즈를 취합니다. 이는 옷의 핏이 넉넉하고 활동하기 편하다는 점을 시각적으로 강조하는 효과가 있습니다.","제품의 핵심 컬러인 화이트 멜란지(밝은 회색)와 네이비가 중심을 잡고 있습니다. 여기에 로고의 붉은색 라인, 모델이 착용한 브라운 코듀로이 팬츠, 배경의 우드 컬러가 어우러져 전체적으로 차분하면서도 클래식한 컬러 조합을 보여줍니다.","미국 대학 캠퍼스 룩이나 90년대 캐주얼 웨어에서 영감을 받은 듯한 디자인입니다. 래글런 소매의 스포티함에 곡선형의 레터링 로고를 더해 키치하면서도 빈티지한 멋을 살렸으며, 넉넉한 오버사이즈 실루엣으로 현대적인 트렌드를 반영했습니다.","썸웨어버터의 '[15th] Wave Logo Raglan Long Top'은 브랜드 특유의 빈티지하고 캐주얼한 감성이 잘 드러나는 베스트셀러 아이템입니다. 화이트 멜란지 바디에 네이비 소매를 매치한 클래식한 래글런 디자인은 유행을 타지 않으며, 전면의 웨이브 로고 그래픽이 룩에 확실한 포인트를 줍니다. 모델 김가을의 Pick으로 소개된 만큼, 안경이나 코듀로이 팬츠 등과 매치하여 너드(Nerd)미가 섞인 트렌디한 데일리룩을 연출하기에 제격입니다.

리뷰와 상세 정보를 종합해 볼 때, 이 제품의 가장 큰 특징은 '여유로운 오버핏'입니다. 많은 구매자들이 '생각보다 크다', '소매가 길다'는 평을 남겼으며, 이는 체형 커버에 탁월하고 여리여리한 실루엣을 만들어주는 장점이 됩니다. 임산부도 편하게 입을 수 있을 정도로 품이 넉넉하여 편안함을 추구하는 분들에게 추천합니다. 소재 또한 너무 얇지 않고 톡톡하다는 평이 많아 간절기에 단독으로 입거나 아우터 안에 이너로 활용하기 좋습니다.

다만, 구매 시 고려해야 할 점은 배송 일정과 사이즈입니다. 예약 배송 상품으로 배송까지 상당한 시일이 소요될 수 있으므로 급하게 필요한 경우에는 일정을 꼭 확인해야 합니다. 또한 체구가 작은 분들에게는 옷이 지나치게 클 수 있으므로, 모델의 착용 핏과 리뷰의 체형별 코멘트를 참고하여 루즈핏을 선호하는지 확인 후 구매하는 것이 좋습니다.",,,,
여성_의류/46_3410587.pdf,Nia Drape Neck Tee_Light gray,108파운드 (108POUND),여성의류 > 상의 > 긴소매 티셔츠,긴소매 티셔츠,46800,"Tencel 70%, Wool 30% (부드러운 텍스처, 은은한 비침이 있는 가벼운 원단)","상세 페이지 내 명시되지 않았으나, 울 혼방 및 얇은 소재 특성상 드라이클리닝 또는 가벼운 손세탁 권장",FREE,"Hemline 41, Shoulder 41, Armholes 20, Sleeve Length 65, Length 55 (단위: cm, 단면 기준)",LIGHT GRAY,전반적으로 차분하고 미니멀한 무드 속에 자연스러운 여성미가 돋보입니다. 꾸미지 않은 듯한 편안함(꾸안꾸)과 세련된 도시적 감성이 공존하는 분위기입니다.,채도가 낮고 차가운 쿨톤 계열의 그레이와 화이트가 주를 이루어 깨끗한 인상을 줍니다. 전체적으로 밝고 소프트한 톤 앤 매너를 유지하여 제품의 가벼운 소재감을 시각화했습니다.,군더더기 없는 화이트 톤의 실내 벽면과 문틀을 배경으로 사용하여 인물과 옷에 시선을 집중시킵니다. 복잡한 소품 없이 자연광이 들어오는 듯한 깨끗한 공간 연출이 특징입니다.,"모델의 상반신 위주로 촬영된 미디엄 샷과 클로즈업 샷이 주를 이루어 넥 라인의 디테일을 강조합니다. 정면뿐만 아니라 측면, 고개를 돌린 각도 등을 통해 옷의 흐르는 핏을 다각도로 보여줍니다.",단발머리의 모델은 무심한 듯 시크한 표정으로 카메라를 응시하며 브랜드 특유의 쿨한 감성을 전달합니다. 마른 체형의 모델을 기용하여 제품의 '여리여리한' 핏과 루즈한 드레이프성을 효과적으로 부각시켰습니다.,"자연스럽게 흐르는 드레이프 넥 디자인이 목선과 쇄골을 강조하여 페미닌한 무드를 연출합니다. 앞뒤 구분 없이 착용 가능한 리버서블 디자인으로 활용도가 높으며, 텐셀과 울 혼방 소재로 얇고 비침이 있어 레이어드에 용이합니다.",108파운드는 과한 장식보다는 소재의 질감과 실루엣에 집중하는 미니멀 컨템포러리 브랜드로 보입니다. 일상에서 편안하게 입을 수 있으면서도 감각적인 디테일을 놓치지 않는 2030 여성을 타겟팅하고 있습니다.,라이트 그레이 컬러의 얇은 긴소매 티셔츠를 입은 모델이 버건디 백을 매치하여 시크한 룩을 선보입니다. 자연스러운 주름이 지는 넥 라인과 몸을 타고 흐르는 핏이 돋보이는 이미지입니다.,"전체적인 톤은 저채도의 뉴트럴 컬러를 사용하여 차분하고 안정감 있는 무드를 형성합니다. 화려함보다는 정제된 세련미를 추구하며, 나른하고 감성적인 오후의 햇살 같은 분위기를 자아냅니다.",인위적인 조명보다는 자연광을 활용하여 소재의 얇은 두께감과 텍스처를 리얼하게 표현했습니다. 심도 얕은 아웃포커싱보다는 전체적으로 선명한 포커스를 유지하여 제품의 핏과 모델의 스타일링을 명확하게 전달합니다.,생활감이 느껴지지 않는 깨끗한 화이트 톤의 실내 공간을 배경으로 하여 모던함을 강조했습니다. 이는 제품의 컬러인 라이트 그레이와 대비를 이루지 않고 톤온톤으로 어우러지며 부드러운 이미지를 극대화합니다.,모델은 과장된 포즈 대신 주머니에 손을 넣거나 가방 끈을 잡는 등 자연스러운 일상적 제스처를 취하고 있습니다. 몸을 살짝 비틀거나 어깨를 늘어뜨리는 포즈를 통해 의상의 루즈한 핏과 드레이프성을 자연스럽게 강조합니다.,"메인 컬러인 라이트 그레이를 중심으로 화이트 배경, 블랙(또는 다크 그레이) 데님, 그리고 포인트가 되는 버건디 컬러의 가방이 조화를 이룹니다. 무채색 위주의 배색에 딥한 레드 계열을 더해 지루하지 않은 세련된 컬러 조합을 보여줍니다.","이 제품은 '유연함'과 '다양성'을 핵심 컨셉으로 하여, 착용자의 움직임에 따라 자연스럽게 변하는 넥 라인을 의도했습니다. 앞뒤를 바꿔 입을 수 있는 리버서블 기능을 통해 하나의 옷으로 다양한 스타일링이 가능하도록 설계된 실용적인 디자인입니다.","108파운드의 'Nia Drape Neck Tee'는 미니멀하면서도 페미닌한 무드를 선호하는 여성들에게 최적화된 아이템입니다. 텐셀 70%와 울 30%의 혼방 소재는 피부에 닿는 촉감이 매우 부드럽고, 은은한 비침이 있어 시각적으로 가녀린 느낌(여리여리한 핏)을 극대화해 줍니다. 특히 자연스럽게 흐르는 드레이프 넥 라인은 목선과 쇄골을 아름답게 드러내어, 단독 착용만으로도 충분히 포인트가 되는 디자인입니다.

이 제품의 가장 큰 장점은 앞뒤 구분 없이 착용 가능한 리버서블 디자인이라는 점입니다. 그날의 기분이나 코디에 따라 넥 라인의 파임 정도나 주름의 형태를 다르게 연출할 수 있어 활용도가 매우 높습니다. 리뷰에서도 언급되었듯, 소매 기장이 길어 손등을 덮는 연출이 가능하며, 이는 트렌디한 실루엣을 완성하는 중요한 요소로 작용합니다.

다만, 소재가 매우 얇고 섬세하기 때문에 비침에 민감한 경우 이너웨어 선택에 주의가 필요하며, 세탁 및 관리 시 올 뜯김에 유의해야 합니다. 구매 고객들의 리뷰를 보면 '생각보다 많이 파였다'거나 '비침이 있다'는 의견이 있으므로, 이를 고려하여 스킨톤의 이너를 매치하거나 레이어드 룩으로 활용하는 것이 좋습니다. 전반적으로 가격 대비 소재의 고급스러움과 핏의 만족도가 높은 제품입니다.

결론적으로 이 티셔츠는 기본 아이템인 듯하지만 디테일이 살아있어 소장 가치가 충분한 제품입니다. 데님 팬츠와 매치하여 캐주얼하게 연출하거나, 슬랙스나 스커트와 함께 포멀한 룩으로도 소화할 수 있어 다양한 TPO에 대응할 수 있습니다. 29CM의 할인 혜택을 적용받는다면 합리적인 가격에 감도 높은 디자이너 브랜드의 감성을 느낄 수 있는 좋은 선택이 될 것입니다.",,,,
여성_의류/47_2777243.pdf,(w) 세린 나이트 수면 잠옷 세트 3colors,오프아워 (OFFHOUR),여성_의류,홈웨어/잠옷 세트,23660,"수면 잠옷 소재 (폴리에스터/극세사 추정, 부드럽고 도톰한 텍스처)",상세 표기 없으나 소재 특성상 미온수 중성세제 세탁 및 건조기 사용 지양 권장,"M,L,XL","상세 사이즈표 이미지 내 부재 (리뷰 및 Q&A 참조 시 남녀공용 사이즈로 추정, 160cm대 M/L, 170cm대 L/XL 추천)","BROWN,GREEN,GREY",포근하고 아늑한 홈 라이프스타일 무드입니다. 침실과 서재를 배경으로 하여 편안하면서도 감성적인 분위기를 연출하고 있습니다.,"전반적으로 따뜻한 웜톤의 조명을 사용하여 아늑함을 강조했습니다. 브라운, 크림, 우드 톤이 주를 이루어 눈이 편안한 색감입니다.",깨끗한 화이트 침구의 침실과 책이 가득 꽂힌 우드톤의 서재가 배경입니다. 이는 휴식과 여유로운 집안 생활을 시각적으로 대변합니다.,모델이 침대에 누워있는 탑뷰 샷과 커플이 서서 책을 보는 미디엄 샷 등으로 구성되어 있습니다. 제품의 착용 핏과 소재의 질감을 잘 보여주는 구도입니다.,여성 모델과 남성 모델이 함께 등장하여 커플 아이템으로서의 활용성을 보여줍니다. 자연스럽게 헝클어진 머리와 편안한 표정으로 집에서의 리얼한 휴식 시간을 연기하고 있습니다.,도톰한 수면 잠옷 소재에 클래식한 스트라이프 패턴이 들어간 것이 특징입니다. 카라가 있는 셔츠형 상의와 바지 세트로 구성되어 단정하면서도 보온성이 뛰어납니다.,오프아워는 'OFFHOUR'라는 이름처럼 휴식 시간에 최적화된 편안한 라이프스타일 웨어를 지향하는 것으로 보입니다. 감성적인 비주얼과 실용적인 소재를 결합하여 합리적인 가격대의 홈웨어를 제안합니다.,따뜻한 겨울을 위한 포근한 스트라이프 수면 잠옷 세트입니다. 커플룩으로도 연출 가능한 감성적인 홈웨어 룩북입니다.,전체적으로 빈티지하면서도 따스한 '코지(Cozy)' 무드가 지배적입니다. 채도가 살짝 낮고 부드러운 색감을 사용하여 겨울철 실내의 포근한 온기를 시각화했습니다. 차가운 느낌 없이 몽글몽글하고 안락한 감성을 전달합니다.,"자연광과 실내 조명을 적절히 섞어 부드러운 그림자를 만들어내며 소재의 입체감을 살렸습니다. 모델의 시선 처리를 자연스럽게 유도하거나 소품(사과, 책)을 활용하여 인위적이지 않은 '순간 포착' 느낌의 라이프스타일 컷을 연출했습니다.","배경은 전형적인 스튜디오보다는 실제 집과 같은 편안함을 주는 공간으로 설정되었습니다. 화이트 톤의 침구는 깨끗함을, 뒤쪽의 책장은 지적이고 차분한 휴식의 이미지를 더해주어 단순한 잠옷이 아닌 라이프스타일 아이템임을 강조합니다.","모델들은 카메라를 정면으로 응시하기보다 서로 대화하거나 책을 읽고, 침대에서 뒹구는 등 자연스러운 일상의 동작을 취하고 있습니다. 이는 옷의 편안한 활동성을 강조하며, 보는 이로 하여금 '나도 저렇게 쉬고 싶다'는 공감을 불러일으킵니다.","아이보리/크림색을 베이스로 하여 브라운, 딥 그린, 그레이 등 차분한 컬러가 스트라이프 패턴으로 들어갔습니다. 전체적으로 뉴트럴하고 어스(Earth) 톤에 가까운 컬러 팔레트를 사용하여 남녀노소 호불호가 적은 색감입니다.","기능적으로는 보온성이 뛰어난 극세사(수면) 소재를 사용해 실용성을 잡았고, 디자인적으로는 유행을 타지 않는 버티컬 스트라이프와 파자마 칼라 디테일을 적용해 클래식함을 더했습니다. 귀여움에만 치중하기 쉬운 수면 잠옷을 모던하고 세련된 스타일로 풀어내어, 집에서도 갖춰 입은 듯한 느낌을 주는 것이 핵심 컨셉입니다.","이 제품은 겨울철 난방비를 아껴줄 필수 아이템인 '수면 잠옷'을 오프아워만의 감성으로 풀어낸 홈웨어 세트입니다. 일반적인 캐릭터 수면 잠옷과 달리 깔끔한 스트라이프 패턴과 셔츠형 디자인을 채택하여, 집에서도 스타일을 챙기고 싶은 2030 세대에게 어필할 만한 제품입니다. 특히 남녀 모델이 함께 착용한 룩북을 통해 신혼부부나 커플들의 커플 잠옷으로도 강력하게 추천되는 아이템입니다.

소재는 사진으로만 봐도 느껴질 정도로 도톰하고 부드러운 텍스처를 자랑하며, 리뷰에서도 '폭닥하다', '부드럽다'는 평이 지배적입니다. 사이즈가 M부터 XL까지 다양하게 나와 체형에 구애받지 않고 선택할 수 있으며, 넉넉한 핏으로 제작되어 수면 시 활동성이 보장됩니다. 다만 목 부분이 파인 카라 형태라 추위를 많이 타는 분들은 이너를 챙겨 입어야 할 수도 있다는 점은 참고해야 합니다.

가격대 또한 할인가 기준 2만원대 초반으로 형성되어 있어, 상하의 세트 구성임을 감안할 때 가성비가 매우 훌륭합니다. 선물용 패키지 사용은 불가하다고 명시되어 있으나, 제품 자체의 퀄리티와 감성적인 디자인 덕분에 가벼운 겨울 선물로 주고받기에 부담 없는 선택이 될 것입니다.",,,,
여성_의류/48_3449033.pdf,[29CM단독] [은현PICK] straight-fit denim pants (blue),르 (LE),여성의류,바지,48130,"데님 (상세 혼용률 텍스트 미기재, 이미지 및 제품명으로 데님 소재 확인)",상세 텍스트 미기재 (일반적인 데님 제품은 단독 세탁 또는 드라이클리닝 권장),"S,M,L","상세 사이즈표 텍스트 없음 (리뷰 참조: 기장이 매우 긴 편이며, 160cm 중반대도 길다고 느낌. 허리가 다소 크게 나왔다는 평이 많음)",BLUE,"자연스럽고 편안한 어반 캐주얼 무드입니다. 꾸미지 않은 듯 멋스러운 '꾸안꾸' 스타일을 지향하며, 일상 속에서 편하게 입을 수 있는 데일리룩 감성을 전달합니다.","전반적으로 차분한 쿨톤과 뉴트럴 톤이 조화를 이룹니다. 회색 계단 배경과 그레이 니트, 블루 데님이 어우러져 차가우면서도 세련된 도시적인 색감을 보여줍니다.","넓은 회색 돌계단이 배경으로 사용되어 도심이나 캠퍼스 같은 야외 분위기를 연출합니다. 계단의 반복적인 가로 선이 시선을 모으고, 인물을 돋보이게 하는 중립적인 캔버스 역할을 합니다.","모델의 전신을 담은 풀샷 위주로 구성되어 바지의 전체적인 핏과 기장감을 잘 보여줍니다. 약간 아래에서 위로 찍은 앵글을 통해 다리가 길어 보이는 효과를 주었으며, 자연광을 활용해 옷의 질감을 살렸습니다.","긴 웨이브 머리의 모델이 자연스러운 메이크업과 함께 편안한 표정을 짓고 있습니다. 한 손에는 커피를 들고 숄더백을 메어, 바쁜 일상 속에서도 여유를 즐기는 현대 여성의 라이프스타일을 연출했습니다.","여유 있게 떨어지는 스트레이트 핏의 데님 팬츠로, 발등을 덮는 긴 기장감이 특징입니다. 워싱이 과하지 않은 중청~진청 사이의 블루 컬러로 계절에 구애받지 않고 다양한 상의와 매치하기 좋습니다.","르(LE)는 미니멀하면서도 트렌디한 감성을 잃지 않는 브랜드로 보입니다. 기본적인 아이템에 충실하면서도 핏과 소재감으로 세련된 분위기를 연출하여, 2030 여성들의 데일리 웨어로 적합한 포지셔닝을 하고 있습니다.",회색 니트와 브라운 스웨이드 백을 매치한 모델이 돌계단에 서서 내추럴한 매력을 발산하고 있습니다. 넉넉한 핏의 블루 데님 팬츠가 전체적인 룩에 편안함과 스타일리시함을 동시에 부여합니다.,"전체적으로 채도가 낮고 차분한 톤 앤 매너를 유지하여 감성적이고 서정적인 분위기를 자아냅니다. 자연광 아래에서의 부드러운 색감 처리가 돋보이며, 과한 보정보다는 있는 그대로의 색감을 살려 담백하고 모던한 느낌을 줍니다.","야외 로케이션 촬영으로 진행되었으며, 인위적인 조명보다는 자연광을 활용하여 데님의 색감과 니트의 텍스처를 리얼하게 표현했습니다. 모델의 시선 처리나 포즈가 정형화되지 않고 스냅 사진처럼 자연스러운 순간을 포착한 것이 특징입니다.","차가운 질감의 석조 계단을 배경으로 선택하여 모던하고 도시적인 느낌을 강조했습니다. 배경의 무채색(회색)이 블루 데님과 브라운 액세서리의 컬러감을 더욱 돋보이게 하며, 탁 트인 공간감이 시원한 느낌을 줍니다.","모델은 정면을 응시하거나 자연스럽게 먼 곳을 바라보는 등 일상적인 모습을 연출하고 있습니다. 짝다리를 짚거나 계단을 오르는 듯한 동적인 포즈를 취해 바지의 활동성과 자연스러운 주름, 핏감을 효과적으로 보여줍니다.","주요 컬러는 데님의 '빈티지 블루', 니트와 배경의 '헤더 그레이', 그리고 포인트가 되는 가방과 신발의 '코코아 브라운'입니다. 이 세 가지 컬러의 조합은 차분하면서도 따뜻한 느낌을 주어 가을/겨울 시즌에 잘 어울리는 팔레트입니다.","이 제품은 '에포트리스 시크(Effortless Chic)'를 지향하는 디자인으로, 몸을 조이지 않는 넉넉한 스트레이트 핏이 핵심입니다. 유행을 크게 타지 않는 클래식한 디자인에 긴 기장감으로 트렌디함을 더했으며, 편안함과 스타일을 동시에 추구하는 현대적인 미니멀리즘 컨셉을 반영하고 있습니다.","이 상품은 르(LE) 브랜드의 '[은현PICK] straight-fit denim pants'로, 인플루언서의 선택을 받은 만큼 트렌디한 핏과 감성이 돋보이는 제품입니다. 가장 큰 특징은 발등을 덮고도 남을 만큼 여유 있는 기장감과 툭 떨어지는 스트레이트 핏으로, 다리가 길어 보이고 힙한 무드를 연출해 줍니다. 리뷰를 종합해 보면 160cm 후반대의 키를 가진 구매자들도 길다고 느낄 정도로 기장이 넉넉하게 나왔으며, 허리 사이즈 또한 여유가 있어 사이즈 선택 시 상세 치수 확인이 필수적입니다.

색감은 어디에나 잘 어울리는 차분한 블루 톤으로, 니트나 셔츠 등 다양한 상의와 매치하기 좋아 활용도가 높습니다. 현재 62%라는 높은 할인율로 4만 원대에 구매 가능하여 가격 대비 만족도가 매우 높은 상품입니다. 다만, 키가 아담한 고객의 경우 수선이 필요할 수 있다는 점과 허리가 클 수 있다는 점을 고려해야 합니다. 전체적으로 편안하면서도 스타일리시한 데일리 데님을 찾는 2030 여성들에게 강력히 추천할 만한 아이템입니다.",,,,
여성_의류/49_3157379.pdf,Signature Slim Low Rise Flared Jeans DCWPT006BlueB,데케트 우먼 (DECET WOMEN),여성_의류,부츠컷 청바지,55800,"데님 (상세 혼용률 미표기이나, 리뷰상 스판이 함유된 신축성 있는 데님 소재로 추정)","데님 소재 특성상 물빠짐 방지를 위해 단독 세탁 또는 드라이클리닝을 권장하며, 건조기 사용은 피하는 것이 좋습니다.","XS,S,M","(상세 사이즈표 텍스트 없음, 리뷰 참조 시 기장이 길고 허리가 여유 있게 나온 편)",BLUE,"전반적으로 미니멀하고 깨끗한 분위기를 자아내며, 군더더기 없는 배경 속에서 인물과 옷의 실루엣에 집중하게 합니다. 과한 연출보다는 자연스러운 데일리 룩을 지향하여 편안하면서도 세련된 느낌을 줍니다.","화이트와 그레이가 주를 이루는 쿨하고 뉴트럴한 톤 앤 매너를 유지하고 있습니다. 차분한 배경색 덕분에 청바지의 블루 컬러와 상의의 베이지 톤이 자연스럽게 돋보이며, 전체적으로 밝고 정돈된 인상을 줍니다.","장식적인 요소가 배제된 심플한 화이트 벽면과 그레이 톤의 바닥으로 구성된 스튜디오 배경입니다. 간혹 보이는 미니멀한 선반 구조물이 모던함을 더해주며, 시선을 분산시키지 않고 오직 제품의 핏과 색감에 집중하도록 연출되었습니다.",모델의 전신을 담은 풀 샷 위주로 구성되어 바지의 전체적인 기장감과 부츠컷 라인을 효과적으로 보여줍니다. 정면과 측면 앵글을 적절히 활용하여 로우라이즈 허리 라인과 다리가 길어 보이는 실루엣을 강조하고 있습니다.,"모델은 슬림한 체형으로 제품의 '슬림 핏' 특징을 잘 살려내고 있으며, 숏컷 헤어스타일로 시크하고 중성적인 매력을 더했습니다. 자연스럽게 서 있거나 가방을 든 포즈를 통해 경직되지 않은 편안한 무드를 연출하며, 실제 착용 시의 느낌을 현실감 있게 전달합니다.","허리 라인이 골반에 걸쳐지는 로우라이즈 디자인으로 트렌디한 Y2K 무드를 현대적으로 재해석했습니다. 허벅지는 타이트하게 잡아주면서 무릎 아래로 자연스럽게 퍼지는 세미 부츠컷 실루엣이 다리를 길고 날씬해 보이게 하며, 빈티지하면서도 자연스러운 블루 워싱이 특징입니다.","데케트 우먼은 베이직한 아이템에 트렌디한 실루엣을 더해 감각적인 데일리웨어를 제안하는 브랜드로 보입니다. 과장된 디테일보다는 핏과 소재감에 집중하여, 유행을 타지 않으면서도 세련된 스타일을 추구하는 2030 여성들을 타겟팅하고 있습니다.","미니멀한 스튜디오에서 베이지 카디건과 매치된 블루 로우라이즈 부츠컷 진을 입은 모델의 모습입니다. 깔끔하고 모던한 배경 속에서 제품의 슬림한 핏과 긴 기장감이 돋보이며, 데일리하면서도 스타일리시한 룩을 완성하고 있습니다.",전체적인 톤은 차분하고 정제된 '클린 앤 시크(Clean & Chic)' 무드입니다. 자극적인 색감을 배제하고 뉴트럴 컬러와 데님 블루의 조화를 통해 편안하면서도 감도 높은 비주얼을 완성했습니다. 이는 제품이 가진 자연스러운 멋스러움을 극대화하는 효과를 줍니다.,부드러운 확산광을 사용하여 옷의 주름이나 워싱 디테일을 사실적으로 표현하면서도 그림자를 최소화했습니다. 앵글은 아이레벨 또는 약간 낮은 각도에서 촬영하여 부츠컷 팬츠의 생명인 다리 길이를 더욱 길어 보이게 하는 효과를 주었습니다.,"도시적이고 현대적인 감성의 실내 스튜디오로, 회색 바닥과 흰 벽이 주는 차가운 느낌이 옷의 따뜻한 소재감과 대비를 이룹니다. 이러한 배경은 제품을 더욱 선명하게 부각시키며, 쇼핑몰 룩북 특유의 깔끔하고 전문적인 이미지를 전달합니다.","모델은 과도한 포즈를 취하기보다는 한쪽 다리에 중심을 두거나 가방을 자연스럽게 드는 등 일상적인 제스처를 취하고 있습니다. 이는 소비자가 실제 입었을 때의 핏을 쉽게 상상할 수 있게 하며, 옷의 편안한 착용감을 시각적으로 암시합니다.","주요 컬러는 데님의 '미디엄 블루', 상의의 '소프트 베이지', 이너의 '화이트', 그리고 액세서리의 '다크 브라운'과 '블랙'입니다. 이 색상들은 서로 조화롭게 어우러져 안정감 있고 내추럴한 컬러 팔레트를 형성하며, 데일리 룩으로서의 활용도를 강조합니다.","이 제품은 복고풍의 로우라이즈와 부츠컷 스타일을 현대적인 슬림 핏으로 재해석한 디자인입니다. 골반 라인을 강조하여 여성스러운 곡선을 살리면서도, 과하지 않은 세미 플레어 라인으로 부담스럽지 않게 다리가 길어 보이는 효과를 줍니다. 편안함과 스타일을 동시에 잡으려는 '에포트리스 시크(Effortless Chic)' 컨셉이 잘 반영되어 있습니다.","이 상품은 트렌디한 로우라이즈 디자인과 다리가 길어 보이는 부츠컷 실루엣이 결합된 데님 팬츠로, 스타일과 체형 보정을 동시에 원하는 고객들에게 적합합니다. 리뷰를 종합해보면 신축성이 좋아 착용감이 편안하다는 평이 지배적이며, 허벅지는 탄탄하게 잡아주고 종아리부터 자연스럽게 퍼지는 핏이 매력적입니다. 다만 로우라이즈 특성상 허리 사이즈가 여유 있게 나왔다는 의견과 기장이 길어 수선이 필요할 수 있다는 점은 구매 전 체크 포인트입니다.

색감은 계절을 타지 않는 자연스러운 블루 컬러로, 모델 컷처럼 베이직한 니트나 카디건과 매치했을 때 가장 돋보입니다. 빈티지한 무드와 세련된 느낌을 동시에 가지고 있어 다양한 상의와 매치하기 좋으며, 특히 크롭 기장의 상의와 함께 입었을 때 로우라이즈의 매력이 극대화됩니다. 20대 초반부터 30대까지 트렌디한 데일리 데님을 찾는 분들에게 추천할 만한 아이템입니다.

전반적으로 가격 대비 퀄리티와 핏에 대한 만족도가 높은 편이며, '인생 바지'라는 호평이 많을 정도로 핏감이 우수합니다. 다만 사이즈 선택 시 골반과 힙 사이즈에 맞춰 구매하는 것이 좋으며, 키가 아담한 고객의 경우 기장 수선을 고려해야 할 수 있습니다. 29CM 내에서도 리뷰 수가 많고 평점이 높은 것으로 보아 검증된 인기 상품임을 알 수 있습니다.",,,,
여성_의류/50_700973.pdf,Soft Sweatpants- 15Colors,무브웜 (movewarm),여성_의류,트레이닝 팬츠 / 조거 팬츠,69000,"Cotton 95%, Spandex 5%",상세 페이지 내 별도 표기 확인 필요 (일반적으로 면/스판 소재는 찬물 세탁 권장),"S,M,L","S: 총길이 98.0, 허리 너비 31.0, 엉덩이 너비 45.0, 허벅지 너비 30.0, 밑단 너비 11.0 / M: 총길이 100.0, 허리 너비 33.0, 엉덩이 너비 47.0, 허벅지 너비 31.0, 밑단 너비 12.0 / L: 총길이 102.0, 허리 너비 35.0, 엉덩이 너비 49.0, 허벅지 너비 32.0, 밑단 너비 13.0","Oat,Low pink,Light pink,Black,Evening Blue,After Grey,Dark Mint,Mint Blue,Ocean Green,Millet,Sunrise,Night Navy,Charcoal,Hazelnut,Melange Grey,Matcha","편안하고 자연스러운 분위기를 강조하며, 일상과 운동의 경계를 허무는 라이프스타일 무드를 보여줍니다. 과장되지 않은 포즈와 차분한 배경이 어우러져 안정감을 줍니다.",전반적으로 채도가 낮고 부드러운 어스(Earth) 톤과 파스텔 톤이 주를 이룹니다. 자극적이지 않은 색감으로 눈이 편안하며 따뜻하고 감성적인 인상을 줍니다.,군더더기 없는 깔끔한 스튜디오 배경이나 부드러운 질감의 바닥재를 사용하여 제품에 시선이 집중되도록 연출했습니다. 배경색 또한 제품의 컬러를 돋보이게 하는 뉴트럴 톤을 사용했습니다.,"모델의 전신 샷을 중심으로 바지의 핏과 실루엣을 명확하게 보여주는 구도를 취하고 있습니다. 정면, 측면, 후면 등 다양한 각도에서 촬영하여 착용 시의 입체적인 형태를 확인할 수 있습니다.",모델들은 자연스러운 헤어와 메이크업으로 꾸밈없는 아름다움을 표현하고 있습니다. 요가나 가벼운 스트레칭을 연상시키는 포즈를 통해 제품의 활동성과 편안함을 시각적으로 전달합니다.,허리와 힙 라인은 안정적으로 잡아주면서 허벅지부터 밑단까지는 여유 있게 떨어지는 조거 핏이 특징입니다. 넓은 허리 밴딩과 발목 시보리가 있어 운동 시 흘러내림을 방지하고 담백한 실루엣을 완성합니다.,무브웜은 '요가와 일상을 유연하게 넘나드는'이라는 슬로건처럼 실용적이면서도 감각적인 애슬레저 룩을 제안하는 브랜드입니다. 편안한 착용감과 다양한 컬러 팔레트를 통해 고객의 취향을 세심하게 고려하는 이미지를 구축하고 있습니다.,다양한 컬러의 스웻팬츠를 입은 모델이 편안하게 서 있거나 움직이는 모습을 담고 있습니다. 부드러운 원단의 질감과 여유로운 핏이 강조되어 데일리 웨어로서의 매력을 보여줍니다.,"전체적으로 차분하고 따뜻한 웜톤 계열과 세련된 뮤트 톤이 조화를 이루고 있습니다. 휴식과 이완을 상징하는 듯한 평온한 무드가 이미지 전반에 흐르며, 감성적인 라이프스타일을 지향합니다.",부드러운 확산광을 사용하여 그림자를 최소화하고 옷의 주름과 텍스처를 자연스럽게 표현했습니다. 모델의 시선 처리나 움직임을 자연스럽게 포착하여 인위적이지 않은 룩북을 완성했습니다.,미니멀하고 깨끗한 공간에서 촬영되어 제품의 컬러감과 실루엣에 온전히 집중할 수 있게 합니다. 여백의 미를 살린 배경은 브랜드가 추구하는 심플하고 정돈된 라이프스타일을 대변합니다.,정적인 자세뿐만 아니라 한쪽 다리에 무게중심을 두거나 가볍게 걷는 듯한 포즈를 취해 원단의 유연함을 보여줍니다. 손을 주머니에 넣거나 편안하게 늘어뜨려 일상복으로서의 자연스러움을 강조했습니다.,"오트밀, 핑크, 민트, 블루, 차콜 등 15가지의 다채로운 컬러 구성을 자랑합니다. 모든 컬러가 쨍하지 않고 은은한 톤 다운된 색감이라 서로 다른 상의와 매치하기 쉽고 고급스러운 느낌을 줍니다.","복부를 단단히 잡아주는 하이웨이스트 밴딩과 여유로운 레그 라인의 조화가 돋보이는 디자인입니다. 활동성을 보장하는 사방 스트레치 원단을 사용하여 기능성을 놓치지 않으면서도, 일상복으로 손색없는 스타일리시한 핏을 구현했습니다.","무브웜의 Soft Sweatpants는 8,000개가 넘는 리뷰가 증명하듯 브랜드의 시그니처 아이템으로 자리 잡았습니다. 요가복의 기능성과 라운지웨어의 편안함을 결합한 디자인으로, 허리와 힙은 슬림하게 잡아주면서 다리 라인은 여유 있게 커버해 주는 핏이 가장 큰 장점입니다. 특히 15가지에 달하는 방대한 컬러 옵션은 소비자의 다양한 취향을 만족시키며, 재구매율을 높이는 핵심 요소로 작용하고 있습니다.

소재 측면에서는 코튼 95%와 스판덱스 5%의 혼방을 사용하여 부드러운 터치감과 뛰어난 신축성을 동시에 제공합니다. 이는 피부에 닿는 감촉을 중요시하는 요가나 필라테스 수련자뿐만 아니라, 집에서의 휴식이나 가벼운 외출을 즐기는 일반 소비자들에게도 큰 어필 포인트가 됩니다. 두께감 또한 옵션(200g, 220g 등)에 따라 선택할 수 있어 계절에 맞게 착용 가능합니다.

리뷰 데이터를 살펴보면 '인생 바지', '색깔별로 쟁여두고 싶다'는 호평이 주를 이루며, 키와 체형에 구애받지 않고 예쁜 핏이 나온다는 의견이 많습니다. 다만 인기 컬러의 경우 품절이 잦아 재입고 문의가 많은 편이므로, 원하는 컬러와 사이즈가 있다면 망설이지 않고 구매하는 것이 좋습니다. 전체적으로 가격 대비 높은 만족도를 주는 웰메이드 데일리 팬츠입니다.",,,,
여성_의류/51_2763457.pdf,[오제 PICK] 골지 브이넥 가디건 MDCD034_5 Colors,몽돌 (MONGDOL),여성_의류,카디건,32200,"부드러운 골지 니트 소재 (상세 혼용률 텍스트 부재, 리뷰상 부드럽고 신축성 있음)",드라이클리닝 권장 (상세 텍스트 부재로 일반적인 니트 케어 추론),"S,M","상세 사이즈 표 텍스트 부재 (리뷰상 S, M 존재하며 슬림핏, 총장 및 소매기장이 여유로운 편)","IVORY,CHARCOAL,BLACK,OATMEAL","캐주얼, 페미닌, 데일리, 미니멀","웜톤(아이보리 컷), 쿨톤(그레이 컷), 소프트한 자연광","야외 벽돌 건물 배경(빈티지/어반), 실내 화이트 스튜디오 배경(깔끔함)","모델 상반신 위주의 클로즈업 및 미디엄 샷, 착용 핏 강조 구도","긴 웨이브 머리의 모델이 자연스러운 포즈를 취하며 여성스러운 분위기를 연출합니다. 마른 체형으로 제품의 슬림한 핏을 잘 보여주며, 시선을 자연스럽게 처리하여 감성적인 느낌을 줍니다.","세로 골지 짜임이 돋보이는 브이넥 디자인으로, 몸매 라인을 잡아주는 슬림핏입니다. 소매 기장이 손등을 덮을 정도로 길어 여리여리한 느낌을 주며, 단추 디테일이 심플합니다.",몽돌은 합리적인 가격대에 트렌디하면서도 기본적인 아이템을 선보이는 브랜드로 보입니다. 일상에서 쉽게 입을 수 있는 페미닌하고 편안한 무드의 의류를 주력으로 하는 인상입니다.,슬림한 골지 소재의 브이넥 카디건을 입은 모델이 야외와 실내에서 포즈를 취하고 있습니다. 몸에 밀착되는 핏과 긴 소매가 여성스러운 실루엣을 강조합니다.,"전체적으로 차분하고 자연스러운 데일리 무드를 지향합니다. 야외 촬영은 따뜻한 햇살과 벽돌 배경으로 빈티지하고 캐주얼한 느낌을 주며, 실내 촬영은 깨끗한 화이트 톤으로 모던하고 미니멀한 감성을 전달합니다. 과하지 않은 편안함이 돋보이는 톤앤매너입니다.","인물의 상반신 위주로 프레임하여 제품의 핏과 소재감을 강조하는 앵글을 사용했습니다. 야외에서는 자연광을 활용해 입체감을 살렸고, 실내에서는 부드러운 확산광을 사용하여 그림자 없이 깔끔하게 제품의 실루엣을 담아냈습니다. 모델의 자연스러운 움직임을 포착하여 경직되지 않은 룩북을 완성했습니다.",첫 번째 룩북은 텍스처가 있는 밝은 벽돌 건물을 배경으로 하여 도심 속의 자연스러운 일상을 연출했습니다. 두 번째 룩북은 군더더기 없는 화이트 배경을 사용하여 시선을 오로지 모델과 옷의 핏에 집중시키는 미니멀한 무드입니다. 배경의 복잡함을 최소화하여 제품의 컬러와 디자인이 돋보이게 했습니다.,"모델은 머리카락을 쓸어 넘기거나 팔을 감싸는 등 자연스러운 제스처를 취해 편안한 착용감을 시각적으로 보여줍니다. 정면을 응시하기보다는 시선을 자연스럽게 처리하여 감성적인 분위기를 더하고, 슬림한 허리 라인이 돋보이는 포즈를 주로 취하고 있습니다. 손등을 덮는 소매 기장을 강조하는 손동작이 특징적입니다.","주된 컬러는 아이보리, 그레이, 블랙과 같은 뉴트럴 톤으로 구성되어 있습니다. 채도가 높지 않고 차분한 색감들이라 다양한 하의와 매치하기 쉬운 기본 컬러 구성을 보여줍니다. 따뜻한 웜톤의 아이보리와 차가운 쿨톤의 그레이가 공존하여 선택의 폭을 넓혔습니다.","몸의 라인을 따라 흐르는 슬림한 골지 짜임이 특징인 브이넥 카디건입니다. 깊게 파인 브이넥 라인은 목선을 길어 보이게 하며, 손등을 덮는 긴 소매 기장은 여리여리한 페미닌 무드를 극대화합니다. 단독으로 입거나 아우터 안의 이너로 활용하기 좋은 에센셜 아이템으로 기획되었습니다.","몽돌의 '[오제 PICK] 골지 브이넥 가디건'은 데일리로 활용하기 좋은 기본 아이템으로, 몸에 부드럽게 감기는 골지 니트 소재가 특징입니다. 리뷰를 종합해보면 신축성이 좋아 착용감이 편안하고, 슬림한 핏이 날씬해 보이는 효과를 주어 만족도가 높습니다. 특히 아이보리, 블랙, 차콜 등 호불호 없는 베이직한 컬러 구성으로 다양한 코디에 매치하기 쉽다는 점이 큰 장점입니다.

가격 대비 퀄리티가 우수하다는 평이 많으며, 30% 할인된 3만원 초반대의 가격은 가성비를 중시하는 2030 여성들에게 매력적인 구매 포인트로 작용합니다. 다만, 얇은 소재 특성상 밝은 컬러는 비침이 있을 수 있고 몸매가 드러나는 핏이므로 체형에 따라 사이즈 선택에 유의해야 한다는 의견도 있습니다. 전반적으로 '꾸안꾸(꾸민 듯 안 꾸민 듯)' 룩을 연출하기에 적합하며, 봄/가을 단독 착용이나 겨울철 이너웨어로 활용도가 매우 높은 제품입니다.",,,,
여성_의류/52_3487361.pdf,[29CM 단독][14차 재입고] vent wool half coat (grey),아우브아워 (AUBOUR),여성의류 > 아우터 > 하프코트,하프코트,264960,Wool 100% (울 원단 특유의 헤어리한 텍스처),"상세 페이지에 명시되지 않았으나, 울 100% 소재 특성상 드라이클리닝을 권장합니다.",Original Size,총장 68 / 화장 85 / 어깨: 레글런 / 가슴 둘레 128 / 소매장: 레글런 / 소매부리 둘레 31 (단위: cm / 오차범위 1cm),GREY,"미니멀하고 차분하며, 도시적인 세련미가 느껴지는 무드입니다. 과장된 연출 없이 정적인 분위기 속에서 소재의 질감과 실루엣을 강조하고 있습니다.",전반적으로 채도가 낮고 차분한 그레이 톤의 쿨톤 이미지가 주를 이룹니다. 무채색 계열의 색감을 사용하여 모던하고 시크한 인상을 줍니다.,피사체와 유사한 톤의 회색 단색 배경을 사용하여 통일감을 주었습니다. 배경에 별다른 소품을 배치하지 않아 시선이 오직 코트의 디자인과 핏에 집중되도록 연출했습니다.,모델의 상반신과 무릎 위까지를 보여주는 미디엄 샷 위주로 구성되어 코트의 기장감과 핏을 잘 보여줍니다. 정면 컷을 메인으로 하여 하이넥 디테일과 전체적인 실루엣을 명확하게 전달하고 있습니다.,모델은 자연스러운 웨이브 헤어와 옅은 메이크업으로 꾸미지 않은 듯한 내추럴한 매력을 발산합니다. 무심한 듯 카메라를 응시하는 표정과 정적인 자세가 옷의 미니멀한 디자인과 잘 어우러집니다.,"울 100% 소재 특유의 헤어리한 텍스처가 시각적으로 따뜻하고 고급스러운 느낌을 줍니다. 하이넥 칼라와 히든 버튼 디테일, 입체적인 포켓 디자인이 결합되어 구조적이면서도 깔끔한 실루엣을 완성합니다.","아우브아워는 트렌디함보다는 시간이 지나도 변치 않는 클래식하고 미니멀한 가치를 추구하는 브랜드로 보입니다. 소재의 본질적인 퀄리티와 섬세한 디테일에 집중하여, 차분하고 지적인 이미지를 선호하는 여성들을 타겟팅하고 있습니다.",차분한 그레이 톤 배경에서 미니멀한 디자인의 울 하프 코트를 입은 모델이 세련된 겨울 룩을 선보입니다. 헤어리한 소재감과 구조적인 실루엣이 돋보이는 고감도 룩북 이미지입니다.,전체적으로 채도가 낮고 명도가 중간 정도인 그레이 톤 앤 매너를 유지하여 차분하고 안정적인 분위기를 자아냅니다. 차가운 도시의 겨울 감성과 따뜻한 울 소재의 느낌이 공존하는 모던 시크 무드입니다.,"부드러운 확산광을 사용하여 옷의 그림자를 최소화하면서도, 원단의 헤어리한 질감을 생생하게 포착했습니다. 정면과 측면 등 다양한 각도보다는 정면 핏과 소재감 위주로 촬영하여 제품의 형태적 완성도를 강조했습니다.","스튜디오 내부의 회색 벽면을 배경으로 활용하여 인물과 배경이 하나의 톤으로 어우러지는 톤온톤 연출을 보여줍니다. 이러한 배경은 미니멀리즘을 극대화하며, 제품의 색상인 그레이를 더욱 깊이 있게 표현해 줍니다.",모델은 과도한 움직임 없이 정자세로 서 있거나 자연스럽게 팔을 내린 포즈를 취하여 옷의 핏이 왜곡되지 않게 보여줍니다. 한쪽 어깨에 가방을 메거나 주머니에 손을 넣는 등의 절제된 동작으로 일상적인 착용감을 자연스럽게 전달합니다.,메인 컬러는 짙은 차콜 그레이와 배경의 라이트 그레이로 구성된 무채색 팔레트입니다. 여기에 모델이 착용한 브라운 스웨이드 가방과 천연 소뿔 단추의 다크 브라운 컬러가 포인트가 되어 고급스러운 색감 조화를 이룹니다.,"이 제품은 '구조적인 미니멀리즘'을 컨셉으로 하여, 불필요한 장식을 배제하고 선과 면의 조화를 강조했습니다. 레글런 소매의 곡선과 하이넥의 직선적인 요소가 결합되어 편안하면서도 갖춰 입은 듯한 느낌을 주며, 숨겨진 주머니와 단추 디테일로 깔끔함을 극대화했습니다.","아우브아워의 'vent wool half coat'는 14차 재입고가 될 만큼 높은 인기를 증명하는 스테디셀러 아이템입니다. 울 100% 소재가 주는 특유의 헤어리한 텍스처와 깊이감 있는 그레이 컬러는 겨울철 보온성과 스타일을 동시에 만족시킵니다. 특히 하이넥으로 연출 가능한 칼라 디자인과 히든 버튼, 입체적인 포켓 디테일은 미니멀하면서도 흔하지 않은 아우브아워만의 감성을 잘 보여줍니다.

구매자 리뷰를 종합해보면, 많은 고객들이 '생각보다 따뜻하다', '핏이 예쁘다', '흔하지 않은 소재감'에 높은 만족도를 보이고 있습니다. 160cm 초반의 체형부터 170cm 이상의 체형까지 다양한 키의 고객들이 '잘 맞아요'라고 응답한 것으로 보아, 레글런 소매와 여유 있는 품이 체형을 타지 않고 멋스러운 실루엣을 만들어주는 것으로 분석됩니다. 다만, 부클 느낌의 헤어리한 소재 특성상 부드러운 터치감을 기대했던 일부 고객에게는 호불호가 갈릴 수 있으나, 이는 오히려 빈티지하고 내추럴한 매력 포인트로 작용합니다.

전반적으로 이 코트는 유행을 타지 않는 클래식한 디자인에 브랜드만의 디테일을 더해 소장 가치가 높은 아우터입니다. 캐주얼한 데님부터 포멀한 슬랙스까지 다양한 하의와 매치하기 좋아 활용도가 높으며, 20대 후반부터 30대 이상의 직장인 여성들에게 특히 추천할 만한 제품입니다. 29CM 단독 혜택과 높은 할인율이 적용된 지금이 구매 적기로 보입니다.",,,,
여성_의류/53_2876935.pdf,[10차] [사이즈추가]Hairy Alpaca Blended Classic Coat - Charcoal,르바 (LEVAR),여성의류,롱코트,399000,Hairy Alpaca Blended (헤어리 알파카 혼방),상세 페이지 내 언급 없으나 소재 특성상 드라이클리닝 권장,"Small,Medium","기존 FREE 사이즈가 Medium 사이즈이며, Small 사이즈가 새롭게 추가되었습니다. 상세한 치수는 프로덕트 가이드 내 사이즈 차트를 참고해야 합니다.",CHARCOAL,전반적으로 차분하고 미니멀한 감성이 돋보이는 현대적인 무드입니다. 불필요한 장식을 배제하고 인물과 코트의 실루엣에 집중하여 세련되고 도시적인 느낌을 줍니다.,차콜과 그레이를 중심으로 한 무채색 계열의 쿨톤이 지배적입니다. 차가운 도시적인 느낌을 주면서도 알파카 소재의 질감이 더해져 시각적으로는 포근한 인상을 남깁니다.,모델 컷은 주로 깔끔한 회색이나 흰색의 단색 배경을 사용하여 제품에 시선이 집중되도록 연출했습니다. 룩북 이미지는 자연스러운 실내 스튜디오나 미니멀한 공간에서 촬영되어 브랜드의 정제된 이미지를 강조합니다.,모델의 전신을 보여주는 풀 샷과 소재의 질감을 보여주는 클로즈업 샷이 적절히 섞여 있습니다. 정면과 측면 앵글을 다양하게 활용하여 코트의 전체적인 핏과 떨어지는 라인을 잘 보여줍니다.,모델은 무심한 듯 시크한 표정으로 자연스럽게 서 있거나 주머니에 손을 넣는 포즈를 취하고 있습니다. 비니나 장갑 같은 겨울 액세서리를 매치하여 코트의 활용도를 높이고 스타일리시한 겨울 룩을 제안합니다.,"더블 브레스티드 디자인의 클래식한 롱 코트로, 표면의 헤어리한 텍스처가 가장 큰 특징입니다. 여유 있는 오버핏 실루엣으로 두꺼운 이너와 함께 착용하기 좋으며, 차콜 컬러가 주는 고급스러움이 돋보입니다.",르바(LEVAR)는 트렌디하면서도 유행을 타지 않는 클래식한 아이템을 현대적으로 재해석하는 브랜드로 보입니다. 미니멀한 디자인 속에 소재의 질감이나 핏으로 포인트를 주어 감각적인 데일리웨어를 추구하는 2030 여성을 타겟으로 하는 것 같습니다.,차분한 그레이 톤 배경에서 헤어리한 질감의 차콜 롱 코트를 입은 모델이 시크한 분위기를 자아냅니다. 미니멀한 디자인과 고급스러운 소재감이 어우러져 겨울철 데일리 아우터로서의 매력을 강조하고 있습니다.,"전체적으로 채도가 낮고 차분한 모노톤의 색감이 주를 이루어 세련되고 도시적인 분위기를 형성합니다. 차가운 겨울의 공기를 담은 듯한 쿨한 톤 앤 매너를 유지하면서도, 코트 소재 특유의 부드러운 질감이 따뜻한 대조를 이룹니다. 과하지 않은 자연광 느낌의 조명을 사용하여 인위적이지 않고 편안한 감성을 전달합니다.","인물의 자연스러운 움직임과 옷의 흐름을 포착하는 데 중점을 둔 촬영 방식이 돋보입니다. 정면 샷에서는 코트의 단정한 핏을, 측면이나 45도 각도에서는 오버핏의 여유로운 실루엣을 강조했습니다. 조명은 부드럽게 확산광을 사용하여 알파카 소재의 헤어리한 텍스처가 뭉개지지 않고 잘 드러나도록 세팅되었습니다.",룩북 촬영은 장식적인 요소가 배제된 미니멀한 스튜디오 공간에서 진행되어 옷 자체에 온전히 집중하게 만듭니다. 배경색은 화이트나 연한 그레이 톤으로 설정하여 차콜 색상의 코트와 톤온톤 매치를 이루거나 깔끔하게 대비되도록 연출했습니다. 이는 브랜드가 추구하는 심플하고 정제된 미학을 시각적으로 뒷받침합니다.,"모델은 과장된 포즈보다는 일상에서 볼 수 있는 자연스러운 제스처를 취하고 있습니다. 주머니에 손을 찔러 넣거나, 무심하게 어딘가를 응시하는 시선 처리를 통해 '꾸안꾸(꾸민 듯 안 꾸민 듯한)' 스타일을 연출합니다. 이러한 포즈는 코트의 편안한 착용감과 활동성을 간접적으로 보여주는 효과가 있습니다.","메인 컬러인 차콜(Charcoal)을 중심으로 그레이, 블랙, 화이트와 같은 무채색 계열이 주된 팔레트를 구성합니다. 포인트 컬러 없이 톤 다운된 색상들로만 구성되어 있어 차분하고 안정적인 느낌을 주며, 어떤 이너와도 잘 어울리는 범용성을 시각적으로 증명합니다.","클래식한 더블 브레스티드 코트의 원형을 유지하면서도 현대적인 오버사이즈 핏을 적용하여 트렌디함을 더했습니다. 특히 '헤어리 알파카'라는 소재의 특성을 디자인의 핵심 요소로 삼아, 별다른 디테일 없이도 소재감만으로 풍성하고 고급스러운 룩을 완성했습니다. 넉넉한 품과 긴 기장감은 보온성과 스타일을 동시에 잡으려는 의도가 엿보입니다.","르바(LEVAR)의 'Hairy Alpaca Blended Classic Coat'는 클래식한 디자인에 소재의 텍스처를 강조하여 차별화를 둔 겨울 아우터입니다. 알파카 혼방 소재 특유의 긴 털(헤어리함)이 시각적으로 따뜻하고 포근한 느낌을 주며, 차콜 컬러의 깊이감이 더해져 고급스러운 무드를 연출합니다. 기존 프리 사이즈가 미디엄으로 변경되고 스몰 사이즈가 추가되어, 체형에 맞춰 보다 섬세한 핏 선택이 가능해진 점은 소비자들에게 긍정적인 반응을 얻고 있습니다.

리뷰 데이터를 분석해보면, 많은 구매자들이 '생각보다 가볍다'는 점과 '핏이 예쁘게 떨어진다'는 점을 높이 평가하고 있습니다. 특히 오버핏을 선호하는 고객들에게 만족도가 높으며, 두꺼운 이너를 입어도 활동하기 편하다는 의견이 많습니다. 다만, 소재 특성상 털 빠짐이나 털 묻어남이 있다는 점은 구매 전 고려해야 할 사항으로 언급되므로, 밝은 색 이너보다는 어두운 계열이나 매끄러운 소재의 이너와 매치하는 것이 좋습니다.

전반적으로 이 제품은 유행을 타지 않는 베이직한 디자인에 트렌디한 소재감을 더해 소장 가치가 높은 아이템입니다. 미니멀한 룩을 즐겨 입거나, 겨울철 코트 하나만으로도 스타일리시한 포인트를 주고 싶은 2030 여성들에게 추천할 만합니다. 10차 리오더가 진행될 만큼 인기가 검증된 제품이므로, 겨울 데일리 코트를 찾는다면 눈여겨볼 만한 선택지입니다.",,,,
여성_의류/54_2313167.pdf,(w) 커플 리프 아이보리 피치 플러프 긴팔 잠옷 세트,오프아워 (OFFHOUR),여성_의류,홈웨어/잠옷 세트,25900,피치 플러프 (피치 기모 소재),"상세 페이지 내 명시 없으나 리뷰상 건조기 사용 가능 언급 있음, 일반적인 기모 면 소재 세탁 권장","M,L,XL","여자 모델(171cm/51kg) L 착용, 남자 모델(185cm/70kg) XL 착용",IVORY,편안하고 아늑한 홈웨어의 감성을 잘 살린 무드입니다. 딥 그린 컬러의 배경과 아이보리 잠옷이 대비되어 차분하면서도 세련된 느낌을 줍니다.,전체적으로 따뜻한 웜톤의 아이보리 색상과 차분한 딥 그린 배경이 조화를 이룹니다. 채도가 너무 높지 않아 눈이 편안하고 감성적인 색감을 보여줍니다.,"웨인스코팅 몰딩이 들어간 딥 그린(Deep Green) 컬러의 벽면을 배경으로 사용했습니다. 이는 클래식하고 빈티지한 느낌을 주며, 아이보리 컬러의 잠옷을 더욱 돋보이게 만듭니다.","모델의 상반신 클로즈업과 앉아있는 포즈를 중심으로 구성되어 있습니다. 인물의 표정과 잠옷의 디테일한 패턴, 소재감을 잘 보여주는 구도입니다.","자연스러운 메이크업과 헤어스타일로 편안한 집에서의 모습을 연출했습니다. 카메라를 응시하는 눈빛이 차분하며, 손을 턱에 괴거나 무릎을 감싸는 등 릴랙스한 포즈를 취하고 있습니다.","잔잔한 리프(나뭇잎) 패턴이 전체적으로 들어가 있어 내추럴한 매력을 줍니다. 카라와 소매 끝단에 블랙 파이핑 디테일이 있어 깔끔한 마무리가 돋보이며, 피치 기모 소재의 부드러운 텍스처가 사진에서도 느껴집니다.","감성적이고 트렌디한 홈웨어 브랜드로서의 이미지를 구축하고 있습니다. 단순히 편한 옷을 넘어, 집에서도 예쁘고 분위기 있게 입을 수 있는 라이프스타일 웨어를 지향하는 것으로 보입니다.",딥 그린 배경 앞에서 아이보리 리프 패턴 파자마를 입은 모델이 편안한 포즈를 취하고 있습니다. 따뜻하고 부드러운 소재감과 감성적인 홈웨어 룩을 강조한 이미지입니다.,"전반적으로 차분하고 아늑한 '코지(Cozy)' 무드와 빈티지한 감성이 어우러져 있습니다. 딥 그린의 배경색이 주는 안정감과 아이보리 파자마의 따뜻함이 결합되어, 휴식과 숙면을 위한 편안한 분위기를 자아냅니다.",자연광과 유사한 부드러운 조명을 사용하여 모델의 피부 톤과 옷의 질감을 자연스럽게 표현했습니다. 심도(Depth of Field)를 적절히 조절하여 인물에 시선을 집중시키면서도 배경의 분위기를 놓치지 않았습니다.,클래식한 웨인스코팅 장식이 있는 짙은 녹색 벽을 배경으로 하여 고급스러우면서도 레트로한 느낌을 줍니다. 이는 단순한 스튜디오 촬영보다 실제 집안의 인테리어 같은 느낌을 주어 홈웨어의 용도를 시각적으로 잘 전달합니다.,모델은 턱을 괴거나 무릎을 세우고 앉는 등 집에서 휴식을 취할 때의 자연스러운 동작을 연출했습니다. 경직된 패션 모델 포즈보다는 일상 속의 편안함을 강조하는 라이프스타일 컷에 가깝습니다.,"주된 컬러는 부드러운 아이보리(Ivory)와 배경의 딥 그린(Deep Green)이며, 파자마의 패턴과 파이핑에 사용된 블랙(Black)이 포인트 컬러로 작용합니다. 이 세 가지 색상의 조합은 클래식하면서도 세련된 배색을 이룹니다.","리프(Leaf)라는 이름처럼 자연에서 영감을 받은 나뭇잎 패턴을 사용하여 내추럴하고 싱그러운 느낌을 줍니다. 셔츠형 카라와 파이핑 디테일은 클래식한 파자마의 정석을 따르면서도, 피치 기모 소재를 사용하여 보온성과 부드러운 촉감이라는 실용성을 더했습니다.","오프아워의 '(w) 커플 리프 아이보리 피치 플러프 긴팔 잠옷 세트'는 감성적인 디자인과 실용적인 소재가 돋보이는 홈웨어입니다. 잔잔한 나뭇잎 패턴과 깔끔한 파이핑 마감이 클래식하면서도 세련된 분위기를 자아내며, 딥 그린 배경의 룩북 이미지는 제품의 아늑한 무드를 효과적으로 전달합니다. 특히 '피치 플러프'라는 소재 명칭에서 알 수 있듯이, 복숭아 표면처럼 부드럽게 가공된 기모 소재를 사용하여 겨울철 보온성과 피부에 닿는 촉감을 극대화한 것이 특징입니다.

리뷰 데이터를 분석해보면, 구매자들은 '부드러운 촉감'과 '따뜻함'에 대해 매우 높은 만족도를 보이고 있습니다. 신축성이 있어 활동하기 편하다는 의견과 건조기 사용에도 문제가 없다는 내구성 관련 긍정적인 피드백도 다수 존재합니다. 사이즈의 경우 여성 모델(171cm)이 L을, 남성 모델(185cm)이 XL을 착용하여 여유로운 핏을 보여주며, 실제 구매자들도 정사이즈 혹은 편안한 착용감을 위해 한 치수 크게 구매하는 경향이 있습니다.

이 제품은 커플 아이템으로도 인기가 많으며, 선물용 패키지 옵션이 있어 연말이나 기념일 선물로 적합합니다. 2만 원대의 합리적인 할인가로 구매할 수 있어 가성비 또한 훌륭하며, 집에서도 스타일을 포기하고 싶지 않은 2030 세대에게 특히 어필할 수 있는 제품입니다. 전반적으로 디자인, 소재, 가격의 밸런스가 잘 잡힌 겨울철 필수 홈웨어로 평가됩니다.",,,,
여성_의류/55_2420368.pdf,[일부 옵션 2/20 예약발송] Cleo Rib Tee (6color),아쎄르 (HACER),여성의류,긴팔 티셔츠,29600,"코튼 58%, 모달 38%, 스판 4% (2:2 골지 원단)","중성세제를 사용하여 찬물에 손세탁해야 하며, 염소 및 산소계 표백제 사용은 금지됩니다. 건조기 사용 시 제품 변형이 생길 수 있으므로 피해야 하며, 코튼 소재 특성상 물에 닿으면 5-8% 수축률이 있을 수 있습니다.",FREE,어깨단면 38 / 가슴단면 43 / 암홀 19 / 소매장 62 / 총장 57 (단위 cm),"WHITE,IVORY,MINT,NAVY,GREY,BLACK","전반적으로 미니멀하고 자연스러운 무드를 지향하며, 꾸밈없는 편안함을 강조하고 있습니다. 군더더기 없는 배경과 스타일링을 통해 제품 본연의 핏과 소재감에 집중하게 만드는 차분한 분위기입니다.",채도가 낮고 부드러운 뉴트럴 톤과 그레이 톤이 주를 이루어 차분하고 안정적인 인상을 줍니다. 자연광에 가까운 조명을 사용하여 옷의 질감과 색상을 왜곡 없이 사실적으로 표현하고 있습니다.,질감이 거의 없는 깨끗한 회백색 또는 아이보리 톤의 단색 배경을 사용하여 시선을 모델과 옷에만 집중시킵니다. 이러한 배경 연출은 브랜드의 모던하고 심플한 정체성을 효과적으로 드러냅니다.,모델의 상반신을 중심으로 한 미디엄 샷과 클로즈업 샷이 적절히 섞여 있어 전체적인 핏과 디테일을 모두 확인할 수 있습니다. 특히 뒷모습의 절개 라인을 보여주는 컷을 포함하여 제품의 디자인적 특징을 놓치지 않고 전달합니다.,"모델은 170cm의 키에 44반 사이즈를 착용한 슬림한 체형으로, 자연스러운 단발머리와 옅은 메이크업을 통해 '꾸안꾸(꾸민 듯 안 꾸민 듯)' 스타일을 연출하고 있습니다. 과장된 포즈보다는 주머니에 손을 넣거나 편안하게 서 있는 자세를 취해 옷의 활동성과 편안함을 강조합니다.","부드럽고 유연한 코튼/모달 혼방의 2:2 골지 원단을 사용하여 몸에 적당히 핏되면서도 편안한 착용감을 주는 라운드넥 티셔츠입니다. 가장 큰 디자인적 특징은 등판의 세로 절개 라인과 오드람프 봉제 디테일로, 단순한 기본 티셔츠에 세련된 포인트를 더했습니다.","아쎄르(HACER)는 유행을 타지 않는 클래식한 디자인과 좋은 소재에 집중하는 브랜드로 보입니다. 화려한 장식보다는 핏과 봉제 디테일, 원단의 퀄리티를 통해 일상 속에서 오래 입을 수 있는 에센셜 아이템을 제안하는 포지셔닝을 취하고 있습니다.","그레이 색상의 골지 긴팔 티셔츠를 입은 모델이 데님 팬츠와 매치하여 깔끔한 데일리룩을 선보이고 있습니다. 심플한 앞모습과 달리 뒷면의 절개 라인 디테일이 돋보이며, 부드러운 소재감이 사진을 통해서도 잘 전달됩니다.","전체적인 톤 앤 무드는 '소프트 미니멀리즘'으로 정의할 수 있으며, 자극적이지 않고 눈이 편안한 색감을 사용합니다. 일상생활 어디에나 자연스럽게 녹아드는 편안함과 고급스러운 베이직함을 동시에 전달하려는 의도가 엿보입니다.","그림자를 최소화한 부드러운 확산광을 사용하여 옷의 주름이나 골지 원단의 텍스처를 섬세하게 포착했습니다. 정면, 측면, 후면 등 다양한 각도에서 촬영하여 소비자가 제품의 입체적인 형태를 쉽게 파악할 수 있도록 했습니다.",스튜디오 내부의 깨끗한 벽면을 배경으로 하여 공간감을 배제하고 피사체에만 집중도를 높였습니다. 차가운 느낌보다는 따뜻한 온기가 감도는 웜 그레이 톤의 배경을 통해 아늑하고 감성적인 분위기를 연출했습니다.,모델은 경직되지 않고 힘을 뺀 자연스러운 포즈를 취하고 있어 옷의 신축성과 편안한 착용감을 시각적으로 전달합니다. 시선을 카메라 정면이 아닌 곳에 두거나 무심한 표정을 지어 시크하면서도 여유로운 분위기를 자아냅니다.,"상품은 화이트, 아이보리, 민트, 네이비, 그레이, 블랙 등 활용도 높은 베이직 컬러들로 구성되어 있습니다. 이미지 전반적으로는 그레이와 데님 블루, 그리고 배경의 오프 화이트 컬러가 조화를 이루어 차분하고 세련된 배색을 보여줍니다.","기본에 충실하면서도 디테일 한 끗 차이로 차별화를 둔 '에센셜 플러스' 컨셉의 디자인입니다. 누구나 입는 라운드 티셔츠지만, 뒷면의 절개 라인과 오드람프 봉제 방식을 적용하여 단품으로 입었을 때도 심심하지 않도록 디자인적 완성도를 높였습니다.","이 제품은 아쎄르(HACER)의 스테디셀러인 'Cleo Rib Tee'로, 코튼과 모달이 혼방된 부드러운 골지 소재가 돋보이는 아이템입니다. 1,500개가 넘는 리뷰가 증명하듯, 몸에 부드럽게 감기는 착용감과 적당한 파임의 넥 라인 덕분에 단독 착용은 물론 니트나 재킷 안의 이너웨어로도 활용도가 매우 높습니다.

특히 주목할 점은 뒷면의 절개 라인과 오드람프 봉제 디테일인데, 이는 자칫 밋밋할 수 있는 기본 티셔츠에 고급스러운 포인트를 주어 뒷모습까지 신경 쓴 세심함이 느껴집니다. 44반 사이즈 모델 착용 컷을 보면 너무 타이트하지 않으면서도 슬림하게 떨어지는 핏으로, 다양한 체형의 여성들에게 날씬해 보이는 실루엣을 제공할 것으로 보입니다.

색상 구성 또한 화이트, 블랙, 그레이 같은 기본 컬러부터 민트 같은 포인트 컬러까지 다양하게 구비되어 있어 '깔별 쟁기기(색상별 구매)'를 유도하는 매력이 있습니다. 다만 천연 소재 함유량이 높아 세탁 시 수축 우려가 있으므로, 상세 페이지에 안내된 대로 찬물 손세탁을 준수하는 것이 제품을 오래 입는 방법입니다.",,,,
여성_의류/57_1688794.pdf,[11차 리오더] Vanilla V-neck knit_4colors,유라고 (URAGO),여성_의류,니트웨어,60480,상세 혼용률 미기재 (리뷰 및 카테고리상 니트/울 혼방 추정),상세 세탁법 미기재 (니트 소재 특성상 드라이클리닝 권장),Free,"상세 치수 표기 없음 (리뷰 상 160~170cm, 55~66사이즈 착용 적합)","Blue,Navy,Gray,Vanilla",자연스럽고 편안한 분위기 속에 세련된 감성을 담고 있습니다. 과하게 꾸미지 않은 듯한 '꾸안꾸(꾸민 듯 안 꾸민 듯)' 스타일의 미니멀한 무드가 돋보입니다.,"블루 컬러 모델 컷은 쿨톤의 쨍한 색감을 강조하여 생동감을 주며, 네이비 모델 컷은 차분하고 지적인 저채도 톤을 사용하여 고급스러움을 연출했습니다.",첫 번째 사진은 인물의 옷 색상에 집중할 수 있도록 무채색의 회색 배경을 사용했습니다. 두 번째 착용 컷은 계단이 있는 실내 공간을 배경으로 하여 일상 속 자연스러운 라이프스타일을 보여줍니다.,주로 상반신 위주의 미디엄 샷을 사용하여 니트의 넥 라인과 핏을 잘 보여줍니다. 정면보다는 측면을 응시하거나 자연스럽게 움직이는 순간을 포착하여 경직되지 않은 구도를 취하고 있습니다.,모델은 굵은 웨이브 헤어스타일과 내추럴한 메이크업으로 브랜드가 추구하는 편안한 이미지를 대변합니다. 카메라를 정면으로 응시하기보다 시선을 돌리거나 소품을 활용해 자연스러운 일상의 모습을 연기합니다.,"적당한 깊이의 브이넥 디자인으로 단독 착용이나 티셔츠 레이어드에 모두 적합해 보입니다. 소매와 밑단의 시보리가 너무 조이지 않으면서도 핏을 잡아주며, 쨍한 블루부터 차분한 네이비까지 컬러 스펙트럼이 다양합니다.",유라고는 유행을 크게 타지 않는 베이직한 아이템에 감성적인 컬러와 핏을 더해 데일리웨어 강자로 자리 잡은 듯합니다. 편안하면서도 갖춰 입은 듯한 느낌을 주는 디자인으로 2030 여성들에게 어필하는 브랜드입니다.,선명한 블루 니트와 차분한 네이비 니트를 입은 모델이 각기 다른 매력으로 제품을 소화하고 있습니다. 심플한 디자인이지만 컬러감과 스타일링을 통해 다양한 분위기 연출이 가능함을 보여줍니다.,"전반적으로 차분하면서도 생동감이 공존하는 톤 앤 무드입니다. 블루 컬러는 활기차고 영(Young)한 느낌을 주는 반면, 네이비 컬러는 성숙하고 모던한 분위기를 자아내어 제품의 컬러별 매력을 극대화합니다.",인위적인 조명보다는 부드럽게 확산되는 조명을 사용하여 니트의 포근한 질감을 잘 살렸습니다. 앵글은 눈높이에서 편안하게 촬영되어 소비자가 실제로 입었을 때의 느낌을 상상하기 좋게 연출되었습니다.,스튜디오의 깔끔한 배경과 모던한 건축물이 있는 실내 배경을 오가며 촬영되었습니다. 이는 제품이 격식 있는 자리와 편안한 일상 모두에 어울린다는 점을 시각적으로 암시하는 배경 설정입니다.,모델은 허리에 손을 얹거나 가방을 무심하게 드는 등 일상적인 제스처를 취하고 있습니다. 딱딱한 패션 화보 포즈보다는 실제 생활 속에서 자연스럽게 나올법한 움직임을 통해 편안한 착용감을 강조합니다.,"시선을 사로잡는 비비드한 세룰리안 블루와 깊이감 있는 다크 네이비가 주조색을 이룹니다. 여기에 베이지 팬츠, 차콜 스커트, 화이트 백 등 뉴트럴한 컬러의 아이템을 매치하여 조화로운 컬러 팔레트를 완성했습니다.","기본에 충실하면서도 핏과 컬러로 승부하는 '에센셜 베이직' 컨셉입니다. 유행을 타지 않는 브이넥 디자인을 채택하되, 11차 리오더가 진행될 만큼 대중적인 핏감을 완성도 있게 구현한 것으로 보입니다. 레이어드하기 좋은 넥 라인과 여유 있는 실루엣은 실용성을 중시하는 현대 여성의 니즈를 반영했습니다.","유라고의 'Vanilla V-neck knit'는 11차 리오더라는 기록이 증명하듯 대중적인 사랑을 받는 스테디셀러 아이템입니다. 리뷰 수 800개 이상을 보유한 이 제품은 쨍하고 예쁜 색감(특히 블루)과 적당히 여유 있는 핏으로 호평받고 있습니다. 단독으로 입었을 때 목선이 예뻐 보이는 브이넥 깊이와, 흰 티셔츠와 레이어드했을 때의 조화로움이 구매 포인트입니다.

디자인적으로는 군더더기 없는 깔끔한 실루엣이 특징이며, 캐주얼한 바지부터 포멀한 스커트까지 다양한 하의와 매치하기 좋습니다. 룩북 이미지에서도 볼 수 있듯, 블루 컬러는 룩의 포인트가 되어주고 네이비는 차분한 데일리 룩을 완성해 줍니다. 프리 사이즈로 출시되어 55~66 사이즈 체형에게 가장 예쁜 핏을 선사한다는 평이 많습니다.

다만, 일부 리뷰에서 소재의 털 빠짐이나 보풀에 대한 언급이 있어 관리에 주의가 필요해 보입니다. 피부가 예민한 경우 이너를 착용하는 것이 좋으며, 니트 특성상 마찰을 줄이는 세탁법을 준수해야 오래 입을 수 있습니다. 배송이 다소 지연될 수 있다는 점도 인기 상품인 만큼 감안해야 할 부분입니다.

종합적으로 이 제품은 합리적인 가격대에 트렌디한 컬러감과 베이직한 디자인을 모두 갖춘 가성비 좋은 니트입니다. 데일리로 입을 수 있는 기본 템이면서도 색상으로 기분 전환을 하고 싶은 분들에게 강력히 추천할 만한 아이템입니다.",,,,
여성_의류/58_3414334.pdf,[10th] Pico hood zip-up_grey,텍토 (Tekto),여성의류,후드 집업,100000,Cotton 100%,"드라이클리닝 권장, 건조기 사용 금지, 저온 다림질 권장, 이염 주의, 케어라벨 참조",Free,"Total Length 58.5, Shoulder 59, Chest 62, Sleeve 57 (cm)",GREY,"자연스럽고 편안한 캐주얼 무드에 안경과 헤어밴드를 매치하여 너드(Nerd)하거나 긱시크(Geek Chic)한 감성을 더했습니다. 꾸미지 않은 듯하면서도 세련된 '꾸안꾸' 스타일을 지향하며, 일상 속에서 편하게 입을 수 있는 데일리웨어의 느낌을 줍니다.",전반적으로 채도가 낮고 차분한 그레이 톤과 따뜻한 피부 톤이 어우러져 부드러운 인상을 줍니다. 자극적인 색감 없이 뉴트럴한 컬러감을 사용하여 눈이 편안하고 감성적인 분위기를 연출합니다.,"군더더기 없는 깔끔한 아이보리 또는 연회색 톤의 단색 배경을 사용하여 피사체에 시선이 집중되도록 했습니다. 복잡한 배경 없이 심플하게 연출함으로써 제품의 핏과 소재감, 그리고 모델의 스타일링이 돋보이게 하는 스튜디오 촬영입니다.","모델의 상반신을 중심으로 잡은 미디엄 샷으로, 후드 집업의 핏과 로고 디테일, 지퍼 등을 잘 보여주는 구도입니다. 모델이 정면을 응시하지 않고 시선을 아래로 두거나 안경을 만지는 등의 자연스러운 움직임을 포착하여 딱딱한 룩북보다는 라이프스타일 스냅 같은 느낌을 줍니다.","붉은 기가 도는 밝은 헤어 컬러의 모델이 검은색 헤어밴드와 얇은 금속 테 안경을 착용하여 지적이고 차분한 이미지를 연출했습니다. 168cm의 키에 마른 체형으로, 세미 오버핏의 후드 집업을 여유롭고 자연스러운 실루엣으로 소화하고 있습니다.","군더더기 없는 깔끔한 그레이 컬러의 코튼 100% 후드 집업으로, 왼쪽 포켓 상단에 브랜드명 'tekto'가 필기체 자수로 새겨져 있어 은은한 포인트를 줍니다. YKK 지퍼를 사용하여 내구성을 높였으며, 소매와 밑단의 밴딩 처리가 탄탄해 보여 핏을 잘 잡아주는 세미 오버핏 디자인입니다.","텍토는 유행을 크게 타지 않는 베이직한 아이템에 브랜드만의 감성적인 디테일을 더해 '오래 입을 수 있는 옷'을 만드는 브랜드로 보입니다. 화려한 그래픽보다는 소재의 퀄리티와 핏, 그리고 심플한 로고 플레이를 통해 미니멀하고 내추럴한 무드를 선호하는 2030 여성들을 타겟팅하고 있습니다.",안경과 헤어밴드로 긱시크 룩을 연출한 모델이 그레이 후드 집업을 입고 자연스러운 포즈를 취하고 있습니다. 심플한 배경과 부드러운 조명을 통해 제품의 편안한 착용감과 데일리한 활용도를 강조한 이미지입니다.,"전체적으로 차분하고 안정감 있는 뉴트럴 그레이 톤이 지배적이며, 과장되지 않은 소박하고 담백한 무드를 형성하고 있습니다. 따뜻한 자연광 느낌의 조명을 사용하여 차가운 회색이 아닌 포근하고 부드러운 느낌을 주며, 이는 브랜드가 추구하는 편안한 일상복의 정체성을 잘 드러냅니다.","인위적인 포즈나 강한 조명을 배제하고, 자연광에 가까운 부드러운 확산광을 사용하여 옷의 질감과 색감을 사실적으로 표현했습니다. 모델의 시선 처리나 손동작을 자연스럽게 유도하여 정적인 스튜디오 촬영임에도 불구하고 동적인 스토리텔링이 느껴지도록 연출했습니다.","배경은 텍스처가 거의 없는 매트한 질감의 밝은 벽면으로, 미니멀리즘을 기반으로 한 현대적인 감성을 보여줍니다. 이러한 배경은 회색 후드 집업이라는 기본 아이템이 가진 클래식함과 단정함을 더욱 부각시키며, 시각적인 피로도를 낮추어 제품에 온전히 집중하게 만듭니다.","모델은 카메라를 정면으로 응시하기보다 시선을 아래로 떨구거나 안경을 고쳐 쓰는 등 일상적인 제스처를 취하고 있습니다. 이는 옷을 입고 활동하는 실제 모습을 상상하게 하며, 편안하고 자연스러운 착용감을 시각적으로 전달하는 효과적인 포즈 전략입니다.","메인 컬러인 멜란지 그레이를 중심으로, 모델의 피부톤(베이지/피치), 헤어 컬러(라이트 브라운), 그리고 액세서리의 블랙과 실버(지퍼)가 조화롭게 구성되어 있습니다. 전체적으로 저채도의 차분한 컬러 팔레트를 사용하여 안정적이고 세련된 배색을 보여줍니다.","기본에 충실하면서도 디테일을 놓치지 않는 '에센셜 캐주얼'을 컨셉으로 하고 있습니다. 유행을 타지 않는 스탠다드한 디자인에 세미 오버핏을 적용하여 체형에 구애받지 않는 편안함을 제공하며, 자수 로고와 같은 작은 디테일로 브랜드의 아이덴티티를 고급스럽게 표현했습니다. 캠퍼스 룩이나 데일리 룩으로 활용하기 좋은 실용적인 디자인입니다.","이 제품은 텍토(Tekto)의 10번째 컬렉션인 'Pico hood zip-up' 그레이 컬러로, 탄탄한 코튼 100% 소재와 세미 오버핏이 특징인 데일리 아이템입니다. 리뷰 데이터를 분석해보면, 고객들은 '기모가 없지만 원단이 탄탄해서 핏이 예쁘게 잡힌다', '너무 크롭하지도 않고 박시하지도 않은 적당한 길이감'이라며 핏과 소재에 대해 높은 만족도를 보이고 있습니다. 특히 저렴한 후드 집업과 달리 이중 박음질과 YKK 지퍼, 자수 디테일 등 마감 퀄리티가 우수하다는 평이 많아, 기본템일수록 퀄리티를 중시하는 소비자들에게 적합합니다.

이미지에서 보이는 모델의 스타일링처럼 안경이나 헤어밴드와 매치하여 트렌디한 '긱시크' 룩을 연출하기에 좋으며, 교복이나 캐주얼한 청바지, 스커트 등 다양한 하의와 매치하기 쉬운 활용도 높은 제품입니다. 적당한 두께감으로 사계절 내내(한여름 제외) 활용이 가능하며, 유행을 타지 않는 클래식한 디자인이라 선물용으로도 추천할 만합니다. 전반적으로 가격 대비 소재와 핏의 만족도가 높아 '탄탄한 기본 후드 집업'을 찾는 분들에게 강력히 추천하는 상품입니다.",,,,
여성_의류/59_3508462.pdf,[29CM 단독] (uni)도미토리 찰스 체크 팬츠+스크런치 SET,오끼뜨 (OGGITT),여성의류_홈웨어,파자마 팬츠 및 헤어 액세서리 세트,40800,"코튼, 스판 혼방 (리뷰 및 상세 설명 참조)","상세 세탁법 미기재이나, 면/스판 혼방 소재 특성상 찬물 단독 세탁 및 건조기 사용 지양 권장","M,L,XL","상세 사이즈표 텍스트 없음. 리뷰에 따르면 150~160cm 초반은 M, 160cm 중후반은 L, 170cm 이상 혹은 임산부는 XL를 선호하며 기장이 넉넉하고 허리 밴딩이 편안하다는 평이 많음.",YELLOW CHECK (옐로우/그린/오렌지 믹스),"발랄하고 키치한 홈웨어 무드로, 편안하면서도 사진 찍기 좋은 감성적인 분위기를 자아냅니다. 친구나 연인과 함께 입고 싶은 즐겁고 유쾌한 느낌입니다.","따뜻한 웜톤의 옐로우와 그린이 주를 이루며, 전체적으로 채도가 높고 밝은 톤입니다. 배경은 무채색(회색)으로 처리하여 옷의 색감을 더욱 돋보이게 합니다.",군더더기 없는 깔끔한 그레이 톤의 스튜디오 배경을 사용하여 제품의 패턴과 색상에 집중하도록 연출했습니다. 생활감이 배제된 배경이라 룩북의 전문성을 높여줍니다.,전신 샷을 중심으로 모델의 역동적인 포즈를 담아내어 활동성을 강조했습니다. 단독 컷과 커플 컷을 함께 배치하여 유니섹스 제품임을 명확히 보여줍니다.,여성 모델과 남성 모델이 함께 등장하여 커플룩으로서의 활용도를 보여줍니다. 정적인 자세보다는 장난스럽게 기대거나 몸을 기울이는 등 자연스럽고 즐거운 표정과 포즈를 취하고 있습니다.,노란색과 초록색이 섞인 빈티지한 타탄 체크 패턴이 돋보이는 와이드 핏 팬츠입니다. 세트로 구성된 스크런치(곱창 밴드)가 동일한 원단으로 제작되어 귀여운 포인트를 더해줍니다.,"오끼뜨는 '지속 가능한 행복(Creating sustainable joy)'을 슬로건으로 내세우며, 단순한 잠옷을 넘어 라이프스타일에 즐거움을 주는 디자인을 추구합니다. MZ세대의 취향을 저격하는 키치하고 감각적인 브랜딩이 돋보입니다.",밝은 옐로우 체크 팬츠와 스크런치를 착용한 모델들이 장난스러운 포즈를 취하며 편안함과 스타일을 동시에 보여주는 룩북입니다.,"전반적으로 생기 넘치고 아늑한 '코지(Cozy) & 팝(Pop)' 무드입니다. 집 안에서의 편안한 휴식을 연상시키면서도, 채도 높은 컬러감을 통해 지루하지 않고 톡톡 튀는 에너지를 전달합니다.",부드러운 확산광을 사용하여 그림자를 최소화하고 제품의 체크 패턴과 색상을 선명하게 표현했습니다. 모델의 움직임을 포착하는 순간적인 컷들을 사용하여 홈웨어 특유의 자유로움을 강조했습니다.,"미니멀한 그레이 배경을 사용하여 시선이 분산되는 것을 막고, 오직 모델과 의상의 컬러감에 집중하게 합니다. 이는 제품의 화려한 패턴과 대비되어 깔끔하고 모던한 인상을 줍니다.",모델들은 카메라를 정면으로 응시하거나 서로에게 장난을 치는 등 친근하고 개구쟁이 같은 포즈를 취하고 있습니다. 이는 옷이 주는 편안함과 브랜드가 추구하는 '즐거움'이라는 가치를 시각적으로 잘 표현합니다.,"메인 컬러는 옐로우와 그린이며, 포인트로 오렌지 라인이 들어간 체크 패턴입니다. 함께 코디된 화이트 티셔츠와 알록달록한 그래픽이 어우러져 레트로한 다색(Multi-color) 팔레트를 형성합니다.","기숙사(도미토리)나 내 방에서 입는 편안한 옷이라는 컨셉으로, 클래식한 체크 패턴을 현대적인 색감으로 재해석했습니다. 넉넉한 와이드 핏은 활동성을 보장하며, 스크런치 세트 구성은 '홈 파티'나 '파자마 파티' 룩을 완성시켜주는 디테일한 기획력이 돋보입니다.","이 제품은 오끼뜨(OGGITT)의 시그니처 감성이 담긴 '도미토리 찰스 체크 팬츠'와 스크런치 세트입니다. 가장 큰 특징은 옐로우와 그린이 믹스된 화사한 체크 패턴으로, 입는 것만으로도 기분 전환이 될 만큼 밝고 경쾌한 에너지를 줍니다. 리뷰에서도 '색감이 화면처럼 예쁘다', '노란색이 쨍하고 귀엽다'는 호평이 지배적이며, 단순한 잠옷을 넘어 홈파티 룩이나 커플 아이템으로도 인기가 높습니다.

소재는 코튼과 스판 혼방으로 추정되며, 리뷰에 따르면 '생각보다 재질이 유연하고 부들부들하다'는 평이 많아 착용감이 우수함을 알 수 있습니다. 핏은 전체적으로 여유로운 와이드 핏으로 제작되어 체형에 구애받지 않고 편안하게 입을 수 있으며, 허리 밴딩과 스트링으로 사이즈 조절이 용이합니다. 유니섹스 제품이라 남녀 모두 착용 가능하여 커플 잠옷으로 구매하는 비율이 높습니다.

특히 29CM 단독 구성으로 스크런치를 함께 제공하는 점이 매력적인 구매 포인트입니다. 팬츠와 동일한 원단의 스크런치는 집에서도 스타일을 챙길 수 있게 해주며, 선물용으로도 손색이 없습니다. 가격대 또한 할인가 4만 원 초반대로 브랜드 파자마치고 합리적인 편이라, '나를 위한 선물' 혹은 '친구 생일 선물'로 적합합니다.

종합적으로 볼 때, 이 제품은 편안한 착용감과 인스타그래머블한 디자인을 모두 잡은 스마트한 홈웨어입니다. 집순이 생활을 즐기거나, 연인 및 친구와 함께 특별한 추억을 남기고 싶은 분들에게 강력히 추천합니다. 다만 기장이 다소 길게 나왔다는 평이 있으므로 키가 아담하신 분들은 상세 사이즈를 확인하거나 수선을 고려해야 할 수도 있습니다.",,,,
여성_의류/60_2195644.pdf,wool multi-color blazer (charcoal),르 (LE),여성의류,블레이저,103010,"울 혼방 (상세 혼용률 미표기, 리뷰 및 상품명 참조)",드라이클리닝 권장 (상세 페이지 내 라벨 참조 필요),Free,"상세 사이즈 표 텍스트 없음 (리뷰 참조: 오버핏, 엉덩이를 덮는 기장감, 160cm~170cm 다양한 체형 착용)",CHARCOAL,"미니멀하고 시크한 분위기가 지배적이며, 군더더기 없는 깔끔한 연출이 돋보입니다. 도시적이고 세련된 감성을 자아내며 차분한 느낌을 줍니다.","전반적으로 차콜과 블랙, 데님 블루가 어우러진 쿨톤의 무채색 계열입니다. 차분하고 안정감 있는 톤 앤 매너를 유지하여 고급스러운 인상을 줍니다.",피사체에 온전히 집중할 수 있도록 깨끗한 화이트 또는 연한 회색의 단색 배경을 사용했습니다. 공간감을 배제하여 옷의 실루엣과 핏을 명확하게 보여주는 스튜디오 배경입니다.,모델의 전신 샷과 무릎 위까지 오는 니 샷(Knee shot)을 중심으로 구성되어 있습니다. 정면과 측면을 골고루 보여주어 옷의 전체적인 기장감과 품을 확인할 수 있게 했습니다.,자연스러운 헤어 스타일과 최소한의 메이크업으로 꾸안꾸(꾸민 듯 안 꾸민 듯한) 매력을 발산합니다. 무심한 듯 주머니에 손을 넣거나 정면을 응시하는 시선 처리가 시크함을 더합니다.,여러 색의 실이 섞인 멀티 컬러 원사를 사용한 차콜 색상의 울 블레이저입니다. 어깨 패드가 내장된 오버핏 실루엣으로 매니시하면서도 트렌디한 핏을 연출합니다.,브랜드 '르(LE)'는 유행을 타지 않는 클래식한 디자인에 현대적인 실루엣을 더한 미니멀리즘을 추구하는 것으로 보입니다. 과한 장식보다는 소재와 핏에 집중하여 일상에서 편하게 입을 수 있는 데일리 웨어를 제안합니다.,화이트 배경 앞에서 차콜 색상의 오버핏 블레이저를 입은 모델이 시크한 포즈를 취하고 있습니다. 블랙 이너와 진청 데님을 매치하여 세련된 겨울/간절기 데일리 룩을 보여줍니다.,전체적으로 채도가 낮고 명도 대비가 적절한 차분한 톤을 유지하여 모던하고 도시적인 무드를 형성합니다. 차가운 계열의 색감들이 주를 이루어 이성적이고 정돈된 분위기를 자아냅니다.,그림자를 최소화하는 부드러운 조명을 사용하여 옷의 텍스처와 색감을 사실적으로 표현했습니다. 과도한 보정이나 필터 없이 제품 본연의 느낌을 살리는 스트레이트한 촬영 방식을 택했습니다.,복잡한 소품이나 배경 장치를 배제한 미니멀한 스튜디오 촬영입니다. 이는 소비자가 옷의 핏과 소재감에만 집중할 수 있도록 의도된 연출로 보입니다.,모델은 역동적인 움직임보다는 정적인 자세를 유지하며 옷의 떨어지는 라인을 강조합니다. 어깨에 힘을 뺀 자연스러운 자세와 주머니를 활용한 포즈는 오버핏 재킷의 편안함을 시각적으로 전달합니다.,"메인 컬러인 차콜 그레이를 중심으로 블랙, 다크 네이비(데님)가 조화를 이룹니다. 전체적으로 차가운 쿨톤 계열의 뉴트럴 컬러들이 사용되어 차분하고 지적인 이미지를 만듭니다.",남성 재킷의 구조적인 어깨 라인과 넉넉한 품을 여성복에 적용한 '젠더 뉴트럴' 또는 '매니시' 컨셉의 디자인입니다. 단순한 솔리드 컬러가 아닌 멀티 컬러 원사를 사용하여 시각적인 깊이감과 따뜻한 질감을 동시에 부여했습니다.,"이 제품은 '르(LE)' 브랜드의 스테디셀러 느낌을 주는 울 블레이저로, 차콜 베이스에 오묘한 색감이 섞인 원단이 매력적인 아이템입니다. 현재 70%라는 파격적인 할인가(약 10만 원대)로 판매되고 있어 가성비가 매우 뛰어나며, 400개가 넘는 리뷰 수는 이 제품의 대중적인 인기를 증명합니다. 오버사이즈 핏과 내장된 어깨 패드는 체형을 보완해 주면서도 스타일리시한 실루엣을 만들어주어, 두꺼운 이너와 함께 초겨울까지 활용하기 좋습니다.

리뷰를 종합해 보면, '생각보다 어깨가 넓어 보인다'거나 '소재가 약간 까슬거린다'는 의견이 있어 피부가 예민하거나 어깨가 넓은 체형의 구매자는 유의할 필요가 있습니다. 하지만 넉넉한 품 덕분에 다양한 레이어드 룩이 가능하고, 데님이나 슬랙스 등 하의 매칭이 쉬워 활용도가 높습니다. 전체적으로 미니멀하고 시크한 무드를 선호하며, 합리적인 가격에 질리지 않는 기본 겨울 재킷을 찾는 2030 여성들에게 강력히 추천할 만한 상품입니다.",,,,
여성_의류/62_3562234.pdf,[바로배송]_[3차 리오더] Fleece hoodie half zip-up_3colors,유라고 (URAGO),여성_의류,플리스 후디 하프 집업 (아우터),90000,"Polyester 95%, Span 5%","드라이클리닝 권장, 단독 세탁, 세탁기 사용 시 세탁망 요망, 건조기 사용 금지(수축 및 변형 위험)",FREE,"어깨: -, 가슴: 65cm, 암홀: 37cm, 소매길이: 72.5cm, 소매 통: 26.5cm, 총장: 65.5cm","Cream,Gray,Khaki","편안하고 자연스러운 '꾸안꾸(꾸민 듯 안 꾸민 듯)' 스타일의 캐주얼 무드입니다. 과장되지 않은 일상적인 편안함을 강조하며, 미니멀하면서도 감성적인 분위기를 자아냅니다.","전체적으로 차분하고 부드러운 뉴트럴 톤과 쿨한 그레이 톤이 조화를 이룹니다. 채도가 낮아 눈이 편안하며, 따뜻한 플리스 소재감과 대비되는 쿨한 배경 톤이 세련된 인상을 줍니다.","군더더기 없는 깔끔한 오프화이트 또는 연회색의 단색 스튜디오 배경을 사용했습니다. 배경에 소품을 최소화하여 모델과 제품의 핏, 소재감에 시선이 집중되도록 연출했습니다.","모델의 무릎 위나 전신을 포착하는 앵글로, 제품의 전체적인 실루엣과 핏을 잘 보여줍니다. 정면과 측면 등 다양한 각도에서 촬영하여 옷의 떨어지는 라인과 디테일을 확인할 수 있게 구성되었습니다.",모델은 화장기가 거의 없는 내추럴한 메이크업과 자연스럽게 풀어헤친 헤어스타일로 편안함을 강조했습니다. 무심한 듯 시크한 표정과 주머니에 손을 넣거나 모자를 든 포즈로 일상 속 자연스러운 멋을 표현하고 있습니다.,"넉넉한 오버핏 실루엣에 반집업 디테일이 더해진 후드 스타일의 플리스입니다. 전면부의 작은 브랜드 라벨이 포인트가 되며, 밑단 스트링을 통해 핏을 조절할 수 있는 실용적인 디자인이 돋보입니다.","유라고는 일상에서 편안하게 입을 수 있으면서도 감각적인 디테일을 놓치지 않는 데일리웨어 브랜드로 보입니다. 화려함보다는 소재의 질감과 자연스러운 실루엣을 중시하며, 실용성과 스타일을 동시에 추구하는 2030 여성을 타겟팅하는 것으로 분석됩니다.","그레이 컬러의 플리스 후드 집업을 입은 모델이 데님 팬츠와 매치하여 캐주얼한 겨울 룩을 선보이고 있습니다. 넉넉한 핏감과 부드러운 소재감이 사진을 통해 잘 전달되며, 편안하면서도 스타일리시한 데일리룩을 제안합니다.",전체적으로 차분하고 서정적인 소프트 톤과 그레이시한 무드가 지배적입니다. 따뜻한 소재의 의류와 차가운 톤의 배경이 어우러져 현대적이면서도 아늑한 겨울 감성을 전달합니다. 자극적이지 않은 색감을 사용하여 브랜드가 추구하는 내추럴하고 편안한 아이덴티티를 명확히 보여줍니다.,"자연광과 유사한 부드러운 확산광을 사용하여 옷의 텍스처와 모델의 피부 톤을 자연스럽게 표현했습니다. 과도한 보정이나 강한 대비를 피하고, 실제 눈으로 보는 것과 유사한 색감을 구현하여 제품의 리얼리티를 살린 것이 특징입니다.","장식적인 요소가 배제된 미니멀한 실내 스튜디오 공간에서 촬영되었습니다. 바닥과 벽면의 톤을 통일하여 공간감을 주면서도 시선이 분산되지 않도록 했으며, 정적인 분위기 속에서 모델의 움직임이 돋보이도록 연출했습니다.","모델은 정형화된 패션 모델 포즈보다는 일상에서 취할 법한 자연스러운 자세를 취하고 있습니다. 주머니에 손을 찔러 넣거나, 캡 모자를 손에 쥐고 서 있는 등 편안하고 루즈한 핏감을 강조하는 릴랙스한 포즈가 주를 이룹니다.","메인 컬러인 그레이를 중심으로, 데님의 블루, 그리고 배경의 오프화이트가 어우러진 쿨 톤 베이스의 팔레트입니다. 여기에 크림, 카키 등의 옵션 컬러들이 언급되어 전반적으로 어스 컬러(Earth Color)와 뉴트럴 톤의 차분한 색채 구성을 보여줍니다.","'꾸미지 않은 듯한 멋스러움'을 핵심 컨셉으로 하여, 활동성과 보온성을 갖춘 플리스 소재를 트렌디한 하프 집업 후드 디자인으로 풀어냈습니다. 나그랑 소매와 오버핏으로 체형에 구애받지 않는 편안함을 제공하며, 밑단 스트링과 로고 라벨 같은 디테일로 단순함을 피하고 실용적인 엣지를 더했습니다.","유라고의 'Fleece hoodie half zip-up'은 겨울철 데일리 아이템으로 최적화된 제품입니다. 부드러운 터치감과 뛰어난 보온성을 자랑하는 플리스 소재에 스판이 함유되어 활동성이 우수하며, 넉넉한 오버핏 실루엣으로 이너를 껴입기에도 부담이 없습니다. 특히 하프 집업 디자인과 후드 디테일은 캐주얼한 무드를 극대화하며, 밑단 스트링을 조절하여 다양한 핏을 연출할 수 있다는 점이 큰 장점입니다.

3차 리오더가 진행될 만큼 인기가 높은 상품으로, 리뷰를 통해 '폭닥폭닥한' 착용감과 귀여운 핏에 대한 만족도가 높음을 확인할 수 있습니다. 그레이, 크림, 카키의 세 가지 컬러 구성은 어떤 하의와도 매치하기 쉬운 베이직한 색상들로 구성되어 활용도가 높습니다. 다만, 건조기 사용 시 수축 위험이 있어 관리에 주의가 필요하며, 일부 리뷰에서 언급된 초기 털 빠짐이나 냄새 부분은 세탁 및 환기를 통해 해결해야 할 포인트로 보입니다.

20대부터 30대 여성들을 타겟으로 한 이 제품은 캠퍼스룩부터 가벼운 외출복, 캠핑룩까지 폭넓게 활용 가능합니다. 전면의 작은 니트 라벨 로고가 과하지 않은 포인트가 되어 심플하면서도 세련된 느낌을 줍니다. 가격 대비 퀄리티와 디자인 만족도가 높아, 편안하면서도 스타일을 챙기고 싶은 분들에게 강력히 추천할 만한 겨울 아우터입니다.",,,,
여성_의류/63_2773887.pdf,[Lucir zu Amour] Muffler One-piece (ivory),루시르주 (Lucir zu),여성_의류,롱 원피스,150480,상세 소재 정보 텍스트 없음 (리뷰 및 이미지상 도톰하고 탄탄한 두께감의 폴리 혼방 또는 정장용 원단으로 추정),상세 케어 정보 텍스트 없음 (일반적인 정장 원피스 특성상 드라이클리닝 권장),"S,M","상세 사이즈 표 텍스트 없음 (리뷰를 통해 S, M 사이즈 존재 확인)",ivory,"우아하고 차분하며 로맨틱한 분위기입니다. 스튜디오 컷은 정제되고 깔끔한 느낌을 주며, 야외 룩북 컷은 서정적이고 감성적인 무드를 자아냅니다.",전반적으로 따뜻한 웜톤의 아이보리 색감이 지배적입니다. 야외 컷에서는 채도가 낮은 그린과 그레이 톤이 섞여 차분하고 빈티지한 필름 사진 같은 인상을 줍니다.,제품 상세 컷은 피사체에 집중할 수 있는 깔끔한 아이보리/화이트 톤의 벽을 배경으로 합니다. 반면 룩북 이미지는 풀이 무성한 야외와 나무 울타리를 배경으로 하여 자연스럽고 서정적인 연출을 의도했습니다.,제품의 전체적인 실루엣을 보여주는 전신 컷과 브랜드의 감성을 전달하는 클로즈업 및 풍경 컷으로 구성되어 있습니다. 모델이 정면을 응시하거나 자연스럽게 시선을 돌리는 구도를 통해 옷의 디테일과 분위기를 동시에 전달합니다.,긴 흑발의 모델은 차분하고 청초한 이미지를 가지고 있어 아이보리 원피스의 우아함을 잘 살려줍니다. 과한 포즈보다는 정적이고 단아한 자세를 취하여 옷의 핏과 넥 라인의 디테일을 강조하고 있습니다.,"목 부분에 스카프를 두른 듯한 독특한 머플러 디테일이 가장 큰 특징으로, 별도의 액세서리 없이도 우아한 포인트를 줍니다. 허리 라인은 잡아주면서 아래로 툭 떨어지는 롱한 기장감의 H라인 혹은 세미 A라인 실루엣이 체형을 슬림해 보이게 합니다.","루시르주는 'La vita è bella'라는 문구와 감성적인 룩북을 통해 로맨틱하고 클래식한 여성미를 추구하는 브랜드로 보입니다. 결혼식 2부 드레스나 상견례 룩으로 인기가 많은 것으로 보아, 격식 있으면서도 너무 딱딱하지 않은 페미닌한 스타일을 제안하는 포지셔닝을 가지고 있습니다.",독특한 머플러 넥 디자인이 돋보이는 우아한 아이보리 롱 원피스를 입은 모델의 스튜디오 및 야외 화보입니다. 정제된 실내 컷과 감성적인 야외 컷이 어우러져 제품의 고급스러움과 브랜드의 서정적인 무드를 동시에 보여줍니다.,"전체적으로 부드럽고 온화한 '소프트 웜(Soft Warm)' 톤이 주를 이룹니다. 스튜디오 촬영은 깨끗하고 미니멀한 무드인 반면, 야외 촬영은 약간의 노이즈가 섞인 듯한 필름 감성으로 몽환적이고 노스탤직한 분위기를 연출하고 있습니다.",스튜디오 컷은 그림자를 최소화한 부드러운 조명을 사용하여 옷의 주름과 디테일을 명확히 보여주는 데 집중했습니다. 반면 야외 컷은 자연광을 활용하되 흐린 날씨나 그늘진 곳에서 촬영한 듯 차분한 빛을 사용하여 인물의 감정선과 옷의 분위기를 강조했습니다.,초록색 풀이 우거진 들판과 낡은 나무 울타리가 있는 야외를 배경으로 하여 자연친화적이면서도 쓸쓸한 듯한 가을/초겨울의 감성을 담았습니다. 이러한 배경은 도시적인 세련미보다는 전원적이고 클래식한 로맨티시즘을 강조하여 브랜드만의 독자적인 서사를 부여합니다.,"모델은 역동적인 움직임보다는 손을 가볍게 허리에 얹거나 자연스럽게 떨어뜨리는 등 절제된 포즈를 취하고 있습니다. 시선을 카메라가 아닌 먼 곳을 응시하거나 살짝 아래를 향하게 하여, 옷이 주는 차분하고 사색적인 분위기와 어우러지도록 연출했습니다.","상품의 메인 컬러인 '버터 크림'에 가까운 웜 아이보리가 중심이 되며, 모델의 짙은 블랙 헤어 컬러와 대비를 이룹니다. 배경 요소로는 채도 낮은 올리브 그린, 그레이, 우드 브라운이 사용되어 전체적으로 차분하고 자연스러운 어스 컬러(Earth Color) 조합을 보여줍니다.","이 원피스는 '절제된 화려함'을 컨셉으로 디자인된 것으로 보입니다. 전체적인 실루엣은 미니멀하고 단정하지만, 넥 라인의 입체적인 타이(Tie) 디테일을 통해 구조적인 아름다움을 더했습니다. 이는 격식 있는 자리에서 과하지 않으면서도 세련된 인상을 남기고자 하는 여성들을 타겟팅한 디자인입니다.","루시르주의 '[Lucir zu Amour] Muffler One-piece'는 우아한 머플러 변형 넥 라인이 돋보이는 롱 원피스로, 결혼식 2부 드레스나 상견례, 피로연 등 격식 있는 자리에 최적화된 아이템입니다. 리뷰를 종합해 보면, 화면보다 실제 색상이 노란기가 도는 '버터 색감'의 아이보리라는 평이 많아 웜톤 피부를 가진 분들에게 더욱 잘 어울릴 것으로 보입니다. 또한 소재가 톡톡하고 두께감이 있어 한여름을 제외한 봄, 가을, 겨울 시즌에 착용하기 좋으며, 비침 걱정 없이 탄탄한 핏을 잡아준다는 점이 긍정적으로 평가받고 있습니다.

디자인적으로는 목 부분의 타이 디테일이 시선을 위로 끌어올려 비율을 좋아 보이게 하며, 별도의 목걸이 없이도 완성도 높은 룩을 연출할 수 있습니다. 허리 라인이 잡혀 있어 날씬해 보이지만, 신축성이 적은 탄탄한 소재일 가능성이 높으므로 상세 사이즈 확인이 중요합니다. 전반적으로 '고급스럽다', '단아하다'는 평이 지배적이며, 유행을 타지 않는 클래식한 디자인이라 소장 가치가 높은 원피스입니다.",,,,
여성_의류/64_3560020.pdf,YY_French elegant waist dress,와이와이아이엠 (yyiam),여성의류,롱 원피스,170050,상세 정보 미기재 (이미지상 구김이 적고 매끄럽게 떨어지는 폴리 또는 레이온 혼방 소재로 추정),상세 정보 미기재 (일반적으로 이러한 드레스류는 드라이클리닝 권장),"S,M",상세 사이즈표 텍스트 없음 (Q&A 내용을 통해 S 사이즈 존재 확인),BLACK,미니멀하면서도 고혹적인 프렌치 시크 무드,따뜻한 베이지 배경과 대비되는 선명한 블랙 컬러의 딥한 톤,질감이 느껴지는 베이지색 벽과 짙은 갈색 카펫이 깔린 스튜디오 공간,모델의 전신을 담아 드레스의 전체적인 실루엣과 기장감을 보여주는 풀 샷 위주,금발의 모델이 자연스러운 헤어 스타일링과 최소한의 메이크업으로 내추럴한 아름다움을 연출하고 있습니다. 과한 포즈 없이 정적이고 차분한 자세를 취해 옷의 우아한 라인을 돋보이게 합니다.,목선을 부드럽게 감싸는 카울 넥(Cowl neck) 디자인과 허리 아래로 풍성하게 퍼지는 개더 스커트가 특징입니다. 상체는 슬림하게 붙고 골반 라인에서 볼륨이 시작되는 드롭 웨이스트 혹은 바스크 웨이스트 형태로 클래식한 실루엣을 완성합니다.,와이와이아이엠은 'Tender Proof'라는 문구처럼 부드러움 속에 강인함을 담은 여성상을 지향하는 것으로 보입니다. 유행을 타지 않는 타임리스한 디자인에 브랜드만의 감성적인 디테일을 더해 소장 가치를 높이는 포지셔닝을 취하고 있습니다.,따뜻한 웜톤 배경 속에서 블랙 롱 원피스를 입은 모델이 우아하게 서 있는 모습입니다. 허리 라인의 셔링 디테일과 흐르는 듯한 넥라인이 돋보이는 감성적인 룩북 이미지입니다.,"전체적으로 차분하고 서정적인 가을/겨울의 감성을 담은 톤 앤 무드입니다. 배경의 샌드 베이지와 브라운 컬러가 주는 따뜻함이 블랙 드레스의 시크함과 어우러져, 차가운 도시적인 느낌보다는 부드럽고 고급스러운 분위기를 자아냅니다.",인위적인 조명보다는 자연광에 가까운 부드러운 빛을 사용하여 모델과 의상의 그림자를 자연스럽게 연출했습니다. 정면 앵글뿐만 아니라 모델이 살짝 측면을 향하게 하여 드레스의 입체적인 핏과 스커트의 풍성한 볼륨감을 효과적으로 포착했습니다.,장식적인 요소를 배제한 미니멀한 스튜디오 공간을 배경으로 하여 오직 인물과 의상에 시선이 집중되도록 했습니다. 바닥의 짙은 브라운 카펫과 벽면의 베이지 톤이 어우러져 브랜드가 추구하는 차분하고 클래식한 무드를 뒷받침합니다.,모델은 역동적인 움직임보다는 정적이고 절제된 포즈를 통해 의상의 우아함을 강조하고 있습니다. 주머니에 손을 넣거나 먼 곳을 응시하는 듯한 시선 처리는 무심한 듯 시크한 '프렌치 엘레강스'의 컨셉을 잘 표현해줍니다.,"이미지의 주조색은 딥 블랙(의상)이며, 보조색으로 샌드 베이지(벽)와 코코아 브라운(바닥)이 사용되었습니다. 이러한 뉴트럴하고 어두운 컬러들의 조합은 안정감 있고 세련된 인상을 주며, F/W 시즌에 적합한 무게감을 전달합니다.","이 드레스는 빈티지한 실루엣을 현대적으로 재해석한 '모던 빈티지' 컨셉을 보여줍니다. 자연스럽게 흐르는 넥라인과 허리선의 셔링 디테일은 여성스러운 곡선을 강조하며, 격식 있는 자리와 일상 모두에서 활용 가능한 우아함을 지향합니다.","와이와이아이엠의 'YY_French elegant waist dress'는 이름 그대로 프렌치 시크의 정수를 보여주는 롱 원피스입니다. 상체는 몸에 적당히 핏되면서 허리 아래로는 풍성하게 퍼지는 드라마틱한 실루엣이 가장 큰 매력 포인트입니다. 특히 넥라인의 자연스러운 드레이프와 허리 부분의 셔링 디테일은 자칫 단조로울 수 있는 블랙 원피스에 고급스러운 입체감을 더해줍니다.

이 제품은 하객룩, 데이트룩, 혹은 연말 모임 등 격식과 분위기가 필요한 자리에 매우 적합해 보입니다. 유행을 크게 타지 않는 클래식한 디자인이라 오랫동안 소장하며 입을 수 있는 타임리스 아이템을 찾는 고객들에게 추천할 만합니다. 모델 착용 컷에서 느껴지는 소재감은 탄탄하면서도 유연해 보여, 착용 시 편안함과 스타일을 동시에 챙길 수 있을 것으로 기대됩니다.

브랜드가 보여주는 룩북의 무드는 전체적으로 차분하고 감성적이며, 이는 20대 후반에서 30대 여성들이 선호할 만한 세련된 분위기입니다. 다만 상세 페이지 내에 구체적인 소재 혼용률이나 사이즈 실측 정보가 텍스트로 명시되지 않은 점은 구매 전 Q&A나 추가 정보를 확인해야 하는 번거로움이 있을 수 있습니다. 하지만 디자인과 무드만으로도 충분히 소장 가치가 느껴지는 매력적인 상품입니다.",,,,
여성_의류/65_3432107.pdf,[Lucir zu Amour] Raglan Square Neck Dress (black),루시르주,여성_의류,미디 원피스,157680,상세 소재 정보 텍스트 없음 (이미지상 구김이 적고 탄탄한 폴리에스테르 혼방 정장 원단으로 추정),상세 세탁 정보 텍스트 없음 (일반적인 정장 원피스 특성상 드라이클리닝 권장),"S,M","상세 사이즈 표 텍스트 없음 (리뷰에 따르면 160cm/50kg S사이즈 잘 맞음, 161cm/47kg M사이즈 여유 있음)",BLACK,"이미지는 전반적으로 미니멀하면서도 로맨틱한 무드를 자아냅니다. 군더더기 없는 배경에서 인물과 옷에 집중하게 하는 동시에, 케이크와 레터링 소품을 통해 감성적이고 기념일 같은 특별한 분위기를 연출하고 있습니다.",블랙 앤 화이트의 대비가 뚜렷하여 차분하고 세련된 쿨톤 느낌을 줍니다. 하지만 소품 사진에서는 크림색 케이크와 은은한 조명을 사용하여 따뜻하고 빈티지한 감성을 더해 밸런스를 맞추고 있습니다.,"모델 컷의 배경은 텍스처가 없는 깔끔한 아이보리/화이트 톤의 벽으로, 블랙 컬러의 원피스 실루엣을 명확하게 보여줍니다. 반면 무드 컷은 대리석 테이블과 은쟁반 등을 활용하여 고급스러운 라이프스타일 공간을 암시합니다.","모델의 무릎 위까지 보여주는 미디엄 샷과 전신 샷을 통해 핏감을 강조하고 있습니다. 이와 함께 감성적인 소품(케이크, 카드)을 클로즈업한 컷을 배치하여 브랜드가 추구하는 '사랑'과 '기념일'이라는 스토리텔링을 보강합니다.","모델은 화려한 액세서리나 메이크업을 배제하고 단정하게 묶은 머리로 내추럴한 아름다움을 강조했습니다. 정적인 포즈로 서서 카메라를 응시하거나 시선을 아래로 두어, 옷의 단아하고 차분한 매력을 극대화하고 있습니다.","쇄골 라인이 돋보이는 와이드한 스퀘어 넥라인이 가장 큰 특징이며, 목선과 어깨를 여성스럽게 강조해 줍니다. 래글런 소매 디자인으로 어깨가 부드럽게 떨어지며, 허리 라인이 잡혀 있어 전체적으로 슬림하고 우아한 실루엣을 연출하는 미디 기장의 블랙 드레스입니다.","루시르주(Lucir zu)는 'Amour(사랑)'라는 키워드와 함께 로맨틱하고 서정적인 무드를 지향하는 브랜드로 보입니다. 단순히 옷을 파는 것을 넘어, 결혼식이나 데이트 같은 특별한 순간(Ceremony)을 위한 룩을 제안하며 감성적인 가치를 전달하려는 포지셔닝이 돋보입니다.","깔끔한 배경에서 블랙 원피스를 입은 모델의 우아한 자태와, 하트 모양 케이크 및 레터링 카드가 담긴 감성적인 정물 사진이 교차됩니다. 이는 제품의 핏과 브랜드의 로맨틱한 아이덴티티를 동시에 보여주는 구성입니다.","전체적인 톤 앤 무드는 '절제된 로맨티시즘'과 '모던 클래식'으로 정의할 수 있습니다. 블랙 드레스의 시크함과 화이트/크림 톤 소품의 부드러움이 조화를 이루어, 과하지 않으면서도 격식 있고 사랑스러운 분위기를 형성합니다.",인물 촬영은 그림자를 최소화한 부드러운 조명을 사용하여 블랙 원피스의 디테일이 묻히지 않도록 했습니다. 반면 소품 촬영은 자연광 느낌의 빛을 활용해 케이크의 질감과 은쟁반의 반사를 살려 감성적인 깊이감을 더했습니다.,"룩북은 인물의 경우 스튜디오의 호리존이나 깨끗한 벽면을 배경으로 하여 시선을 분산시키지 않는 미니멀리즘을 추구했습니다. 컨셉 샷에서는 대리석 테이블과 같은 고급스러운 소재를 배경으로 사용하여, 특별한 날의 테이블 세팅 같은 설렘과 우아함을 표현했습니다.","모델은 역동적인 움직임보다는 정적이고 절제된 포즈를 취하고 있습니다. 양팔을 자연스럽게 내리거나 살짝 몸에 붙여 허리 라인과 소매의 핏을 정직하게 보여주며, 이는 옷이 가진 단정하고 클래식한 성격을 대변합니다.","주요 컬러 팔레트는 블랙(Black), 화이트(White), 크림(Cream), 실버(Silver)입니다. 블랙 드레스가 중심을 잡고, 크림색 케이크와 종이 질감이 따뜻함을 더하며, 실버 트레이가 차가운 세련미를 부여하는 무채색 위주의 구성입니다.","이 제품은 'Lucir zu Amour'라는 이름에서 알 수 있듯이 사랑스러운 순간을 위한 예복(Ceremony wear)을 컨셉으로 합니다. 클래식한 블랙 드레스에 스퀘어 넥과 래글런 소매라는 구조적인 디테일을 더해, 유행을 타지 않으면서도 현대적인 세련미를 갖춘 '하객룩' 또는 '데이트룩'의 정석을 보여줍니다.","이 상품은 루시르주(Lucir zu)의 'Amour' 라인으로 출시된 블랙 스퀘어 넥 원피스로, 격식 있는 자리나 특별한 날을 위한 의류입니다. 가장 돋보이는 점은 목선과 쇄골을 아름답게 드러내는 스퀘어 넥 디자인과, 어깨 라인을 부드럽게 감싸는 래글런 소매의 조화입니다. 전체적인 실루엣은 허리를 잡아주면서 아래로 깔끔하게 떨어지는 미디 기장으로, 체형을 날씬하게 보이게 하면서도 단정함을 잃지 않아 결혼식 하객룩이나 상견례, 데이트 룩으로 활용도가 매우 높습니다.

브랜드가 제시하는 이미지들은 하트 모양의 케이크와 초대장 같은 소품을 통해 이 옷이 주는 '설렘'과 '로맨틱함'을 강조하고 있습니다. 이는 단순히 옷을 구매하는 것이 아니라 특별한 하루를 준비하는 경험을 제공하려는 의도로 보입니다. 블랙 컬러 단일 옵션이지만, 그만큼 가장 기본적이면서도 실패 없는 선택지가 될 수 있으며, 유행을 타지 않는 클래식한 디자인이라 소장 가치가 높습니다.

실제 구매 고객들의 리뷰를 살펴보면 '결혼식에 입을만한 깔끔하고 예쁜 원피스', '소재가 좋고 핏이 예쁘다'는 평이 주를 이룹니다. 사이즈는 S와 M으로 구성되어 있으며, 160cm 초반의 보통 체형 여성들에게 S사이즈가 잘 맞는다는 피드백이 있습니다. 가격대는 정가 21만 원대에서 할인가 15만 원대로 형성되어 있어, 디자이너 브랜드의 퀄리티 있는 원피스를 합리적인 가격에 구매할 수 있는 기회로 보입니다.",,,,
여성_의류/66_3033257.pdf,[스페셜오더] SIKN2136 클래식 스트라이프 카라 니트_Navy,시야쥬 (Siyazu),여성_의류,니트웨어/폴로셔츠,72750,면 100% (리뷰 및 텍스트 기반 추론),"상세 케어 라벨은 이미지에 없으나, 니트 및 면 소재 특성상 드라이클리닝 또는 손세탁 권장.","S,M","상세 사이즈 표는 텍스트에 없으나, 리뷰에 따르면 158cm/47kg S사이즈 적당, 166cm/60kg M사이즈 적당 등으로 확인됨.",NAVY,"이미지는 일상적이고 자연스러운 '데일리 룩' 분위기와 감성적인 '어반 라이프스타일' 무드를 동시에 보여줍니다. 거울 셀카를 통해 친근하고 편안한 느낌을 주면서도, 흑백 캠페인 사진을 통해 브랜드가 지향하는 세련되고 차분한 감성을 전달합니다.","메인 제품 이미지는 실내 조명을 받아 따뜻하고 아늑한 웜톤의 느낌이 감돌며, 네이비 색상이 차분하게 표현됩니다. 반면 캠페인 이미지는 흑백(Monochrome) 톤을 사용하여 모던하고 시네마틱한 인상을 줍니다.","메인 사진의 배경은 카페나 편집숍 내부로 보이는 공간으로, 거울과 인테리어 소품들이 보여 트렌디한 공간감을 줍니다. 룩북 이미지는 거친 질감의 벽과 여행 가방이 놓인 공간을 배경으로 하여, 떠나는 여정이나 도시적인 휴식의 순간을 암시합니다.","메인 사진은 모델이 거울을 보고 찍은 상반신 위주의 미러 셀피 구도로, 소비자가 실제 착용했을 때의 핏을 직관적으로 상상하게 합니다. 룩북 사진은 인물의 얼굴보다는 가방을 든 손과 뒷모습, 의상의 무드에 집중하는 클로즈업 및 부분 컷으로 구성되어 있습니다.",모델은 머리를 자연스럽게 묶고 안경을 머리에 얹어 꾸미지 않은 듯 멋스러운 '꾸안꾸' 스타일을 연출했습니다. 편안한 미소와 자연스러운 포즈는 이 옷이 일상생활에서 얼마나 편하게 입을 수 있는지를 잘 보여줍니다.,"클래식한 네이비 컬러 바탕에 버건디와 베이지 색상의 가로 스트라이프 패턴이 들어간 카라 니트입니다. 3개의 버튼이 달린 폴로 셔츠 디자인으로 단정함을 주며, 가슴 한쪽에 작고 붉은 로고 자수가 포인트로 들어가 있어 브랜드 아이덴티티를 은은하게 드러냅니다.","시야쥬는 'Empowering The Urban Woman'이라는 슬로건처럼 도시 여성의 일상을 세련되게 풀어내는 브랜드로 보입니다. 트렌디한 미러 셀피와 감도 높은 흑백 화보를 병행하여, 실용적인 데일리웨어와 감성적인 브랜드 가치를 동시에 어필하고 있습니다.",이 상품 이미지는 클래식한 스트라이프 니트를 입은 모델의 자연스러운 거울 셀카를 통해 데일리한 활용도를 강조합니다. 동시에 감성적인 흑백 화보를 배치하여 다가오는 봄 시즌의 설렘과 도시적인 세련미를 함께 전달하고 있습니다.,"전체적인 톤 앤 무드는 '클래식 프레피(Classic Preppy)'와 '내추럴 캐주얼(Natural Casual)'이 조화를 이룹니다. 네이비와 버건디의 조합은 차분하고 지적인 느낌을 주며, 데님과 매치한 스타일링은 활동적이고 젊은 에너지를 발산합니다. 흑백의 캠페인 컷은 여기에 깊이감 있는 서정성을 더해줍니다.","상품을 가장 잘 보여주는 메인 컷은 소비자들이 친숙하게 느끼는 '거울 셀카' 방식을 채택하여 현실적인 핏과 코디를 제안합니다. 반면 브랜드 이미지를 보여주는 컷은 흑백 필터와 로우 앵글, 혹은 감성적인 크롭 샷을 활용하여 영화의 한 장면 같은 분위기를 연출했습니다.","룩북 촬영은 'Early Spring Collection'이라는 주제에 맞춰 여행을 떠나거나 도시에서 잠시 휴식을 취하는 듯한 배경을 설정했습니다. 여행용 캐리어(더플백)와 거친 질감의 건축물이 어우러져, 바쁜 도시 여성의 라이프스타일과 그 속에서의 여유를 시각적으로 표현했습니다.","메인 컷의 모델은 한 손으로 휴대폰을 들고 살짝 미소 짓는 자연스러운 포즈를 취해, 옷의 편안함과 일상성을 강조합니다. 룩북 컷에서는 얼굴을 드러내기보다 가방을 쥔 손이나 뒷모습 등 신체의 일부와 소품의 상호작용에 집중하여, 정적인 포즈 속에서도 서사적인 느낌을 줍니다.","핵심 컬러는 깊이감 있는 네이비(Navy)이며, 여기에 버건디(Burgundy)와 베이지(Beige) 스트라이프가 포인트로 들어갑니다. 함께 코디된 중청 데님과 블랙 레더 백은 이 니트가 다양한 기본 아이템들과 색상적으로 무난하게 잘 어울림을 보여줍니다.","이 제품은 전통적인 럭비 셔츠나 폴로 니트의 디자인을 현대적인 여성복 감성으로 재해석했습니다. 너무 박시하지도 타이트하지도 않은 적당한 스탠다드 핏으로 디자인되어, 단독으로 입거나 아우터 안에 이너로 입기에 모두 적합합니다. 스트라이프 패턴과 카라 디테일은 유행을 타지 않는 클래식함을, 가슴의 로고 자수는 브랜드의 퀄리티를 상징합니다.","시야쥬의 '클래식 스트라이프 카라 니트'는 유행을 타지 않는 타임리스 디자인에 브랜드 특유의 감성을 더한 제품입니다. 네이비 바탕에 들어간 버건디와 베이지 스트라이프 배색은 과하지 않으면서도 확실한 포인트가 되어, 데님 팬츠나 슬랙스 등 다양한 하의와 손쉽게 매치할 수 있습니다. 리뷰에서 언급된 '탄탄한 면 100% 소재'와 '까슬거리지 않는 촉감'은 디자인뿐만 아니라 착용감과 내구성까지 고려한 제품임을 증명합니다.

특히 이 제품은 간절기부터 초겨울까지 활용도가 매우 높은 아이템입니다. 모델처럼 단독으로 착용하여 프레피한 무드를 연출할 수도 있고, 코트나 재킷 안에 이너로 활용하여 단정한 포인트를 주기에도 적합합니다. 'S'와 'M' 두 가지 사이즈 옵션이 있어 체형에 맞게 핏을 선택할 수 있다는 점도 긍정적인 구매 포인트입니다.

브랜드가 제시하는 '어반 우먼'의 이미지처럼, 이 니트는 바쁜 일상 속에서도 스타일을 잃지 않으려는 현대 여성들에게 적합합니다. 20대부터 30대까지 폭넓은 연령층이 소화할 수 있는 디자인이며, 출근룩부터 주말 데이트룩까지 커버 가능한 범용성이 돋보입니다. 현재 스페셜 오더 기간의 할인 혜택과 긍정적인 리뷰들이 뒷받침되어 있어, 다가오는 봄 시즌을 위한 기본템으로 강력히 추천할 만합니다.",,,,
여성_의류/70_1880880.pdf,[28차] [기장선택] Wide denim (black),블루브릭 (BLUE BRICK),여성의류,와이드 데님 팬츠,107000,Cotton 100%,"이염의 우려가 있으므로 단독 세탁을 권장하며, 데님 특성상 물빠짐이 있을 수 있습니다. 건조기 사용은 수축의 원인이 될 수 있으므로 자연 건조를 추천합니다. (상세 텍스트에 구체적 세탁법은 없으나 일반적인 데님 케어 및 텍스트 내 '알러지 케어 마감' 언급 참조)","(short) 1 size,(short) 2 size,(short) 3 size,(original) 1 size,(original) 2 size,(original) 3 size","(original) 1 size (26-27) : 총장105 인심75 허리단면34 힙단면48 허벅지단면30 밑위31 밑단22 cm
(original) 2 size (27-28) : 총장106 인심76 허리단면36 힙단면50 허벅지단면31 밑위32 밑단23 cm
(original) 3 size (29-30) : 총장107 인심77 허리단면38 힙단면52 허벅지단면32 밑위33 밑단24 cm
(short) 1 size (26-27) : 총장100 인심71 허리단면34 힙단면48 허벅지단면30 밑위31 밑단22 cm
(short) 2 size (27-28) : 총장101 인심72 허리단면36 힙단면50 허벅지단면31 밑위32 밑단23 cm
(short) 3 size (29-30) : 총장102 인심73 허리단면38 힙단면52 허벅지단면32 밑위33 밑단24 cm",BLACK,미니멀하고 정제된 분위기를 자아냅니다. 군더더기 없는 배경과 스타일링을 통해 제품의 핏과 실루엣에 온전히 집중하게 만듭니다. 차분하면서도 세련된 데일리룩의 정석을 보여주는 무드입니다.,"전반적으로 차분한 쿨톤과 무채색 계열이 지배적입니다. 블랙 데님과 그레이 톤의 바닥, 화이트 배경이 어우러져 모던하고 시크한 인상을 줍니다. 과한 채도 없이 자연스러운 색감을 유지하고 있습니다.",장식 요소가 배제된 깔끔한 스튜디오 배경입니다. 밝은 회색 톤의 바닥과 흰 벽은 블랙 컬러의 바지를 더욱 선명하게 부각시키는 역할을 합니다. 공간감을 살짝 주어 답답하지 않게 연출했습니다.,"모델의 전신을 담은 풀샷 위주로 구성되어 바지의 전체적인 기장감과 떨어지는 라인을 보여줍니다. 정면 샷을 통해 와이드한 핏을 강조하고 있으며, 시선이 자연스럽게 허리에서 발끝으로 흐르도록 구도를 잡았습니다.",모델은 슬림한 체형으로 와이드 데님의 넉넉한 핏을 멋스럽게 소화하고 있습니다. 자연스럽게 팔을 내린 정적인 포즈를 취하여 옷의 구김이나 왜곡 없이 핏을 보여줍니다. 175cm와 172cm의 큰 키를 가진 모델들을 기용하여 롱한 기장감을 강조했습니다.,"반하이웨이스트 라인으로 다리가 길어 보이는 효과를 주는 와이드 데님입니다. 군더더기 없는 깔끔한 블랙 컬러에 여유 있는 실루엣이 특징이며, 힙과 밑위가 편안하게 디자인되었습니다. 숏(Short)과 오리지널(Original) 두 가지 기장 옵션을 제공하여 다양한 신장의 고객을 배려했습니다.","블루브릭은 유행을 타지 않는 클래식한 디자인에 현대적인 감성을 더한 브랜드로 보입니다. '28차 재입고'라는 문구에서 알 수 있듯이, 기본에 충실하면서도 핏이 좋은 아이템으로 두터운 팬층을 보유하고 있음을 알 수 있습니다. 일상에서 편하게 입을 수 있는 '데일리 클래식'을 지향하는 포지셔닝을 취하고 있습니다.",깔끔한 스튜디오 배경에서 모델이 블랙 와이드 데님을 착용하고 정면을 응시하고 있습니다. 얇은 하늘색 니트와 벨트를 매치하여 심플하면서도 세련된 룩을 연출했습니다.,전체적으로 차분하고 안정감 있는 '모던 시크' 톤앤무드입니다. 화려한 조명이나 소품 대신 제품 본연의 색감과 핏을 강조하는 담백한 연출이 돋보입니다. 편안하면서도 갖춰 입은 듯한 느낌을 줍니다.,부드러운 확산광을 사용하여 그림자를 최소화하고 옷의 질감을 잘 살렸습니다. 카메라 앵글은 아이레벨 또는 약간 낮은 위치에서 촬영하여 모델의 다리를 더욱 길어 보이게 연출했습니다. 제품의 디테일과 실루엣을 명확하게 전달하는 상업 사진의 정석을 따르고 있습니다.,"미니멀리즘을 기반으로 한 스튜디오 촬영으로, 도시적이고 현대적인 감성을 전달합니다. 배경의 여백은 제품에 대한 집중도를 높이며, 고요하고 정적인 분위기를 형성하여 옷의 편안함을 시각적으로 암시합니다.",모델은 과장된 동작 없이 자연스럽게 서 있는 포즈를 취하고 있습니다. 이는 와이드 팬츠 특유의 툭 떨어지는 드레이프성을 가장 잘 보여주기 위한 의도로 보입니다. 손을 가볍게 내리거나 주머니 근처에 두어 편안한 착용감을 강조했습니다.,"주요 컬러는 딥한 블랙(Pants)이며, 이를 보조하는 소프트한 스카이 블루(Top)와 뉴트럴한 베이지/그레이(Shoes/Background)가 조화를 이룹니다. 이러한 배색은 블랙 데님이 너무 무거워 보이지 않게 하며 산뜻한 느낌을 더해줍니다.","트렌드에 구애받지 않는 '타임리스(Timeless)' 디자인을 컨셉으로 합니다. 2021년 출시 이후 지속적인 사랑을 받는 스테디셀러로, 체형을 커버하는 와이드 핏과 편안함을 최우선으로 고려했습니다. 디테일을 최소화하여 어떤 상의와도 매치하기 쉬운 활용도 높은 아이템을 지향합니다.","블루브릭의 '[28차] Wide denim (black)'은 브랜드의 시그니처 아이템으로, 2021년 출시 이후 꾸준한 사랑을 받아온 스테디셀러입니다. 탄탄한 코튼 100% 소재를 사용하여 무릎 늘어남을 최소화하고 오랫동안 변형 없이 입을 수 있는 내구성을 갖추었습니다. 특히 반하이웨이스트 디자인과 여유 있는 와이드 핏은 하체 라인을 자연스럽게 커버해주며 다리를 길어 보이게 하는 효과가 탁월합니다.

가장 큰 장점은 세분화된 사이즈 옵션입니다. 허리 사이즈뿐만 아니라 신장에 따라 'Short'와 'Original' 버전을 선택할 수 있어, 수선 없이도 본인의 키에 맞는 이상적인 기장감을 즐길 수 있습니다. 이는 150cm대부터 170cm대까지 다양한 체형의 고객 리뷰에서 높은 만족도로 나타나고 있습니다. 블랙 컬러 특유의 포멀함과 와이드 핏의 캐주얼함이 공존하여 출근룩부터 주말 데이트룩까지 폭넓게 활용 가능합니다.

리뷰 데이터(1233개)를 보면 '인생 바지', '핏이 예쁘다', '탄탄하다'는 평이 주를 이루며, 재구매율도 높은 것으로 보입니다. 다만, 탄탄한 소재 특성상 처음 착용 시 허리가 다소 타이트하게 느껴질 수 있다는 의견이 있으므로 상세 사이즈표를 꼼꼼히 확인하는 것이 좋습니다. 유행을 타지 않는 기본 템을 찾고 있다면, 계절과 상관없이 데일리로 활용하기 좋은 최적의 선택이 될 것입니다.",,,,
여성_의류/71_2825493.pdf,[11차][사이즈추가] Hairy Alpaca Blended Single Jacket - Charcoal,르바 (LEVAR),여성_의류,재킷,299000,Hairy Alpaca Blended (헤어리 알파카 블렌드),"상세 페이지 텍스트에 명시되지 않았으나, 알파카 및 울 혼방 소재 특성상 드라이클리닝이 필수적일 것으로 예상됩니다.","Small,Medium","기존 FREE 사이즈가 Medium사이즈이며, Small사이즈가 새롭게 추가 되었습니다. 상세 페이지 하단 프로덕트 가이드 내 사이즈 차트 참고 필요.",Charcoal,미니멀하면서도 포근한 겨울 감성을 담고 있습니다. 차분하고 세련된 분위기 속에서 소재의 질감을 강조하는 연출이 돋보입니다.,"전반적으로 차콜과 그레이, 화이트가 어우러진 쿨톤 및 무채색 계열입니다. 채도가 낮아 차분하고 도시적인 인상을 줍니다.",군더더기 없는 깔끔한 화이트 또는 밝은 그레이 톤의 스튜디오 배경을 사용했습니다. 이는 옷의 실루엣과 헤어리한 텍스처에 시선이 집중되도록 의도된 연출입니다.,"모델의 전신 샷을 통해 전체적인 핏과 기장감을 보여주고, 클로즈업 샷으로 소재의 질감을 강조했습니다. 또한 여러 모델이 함께 있는 그룹 샷을 통해 브랜드의 전체적인 무드를 전달합니다.",모델은 자연스러운 메이크업과 무심한 듯한 표정으로 시크한 분위기를 연출하고 있습니다. 비니나 머플러 같은 겨울 액세서리를 함께 매치하여 따뜻하면서도 스타일리시한 룩을 보여줍니다.,"표면에 털이 살아있는 헤어리한 알파카 혼방 소재가 가장 큰 특징입니다. 싱글 버튼 디자인에 여유 있는 오버핏 실루엣으로, 두께감 있는 이너와 함께 착용하기 좋습니다.","르바(LEVAR)는 트렌디하면서도 기본에 충실한 아이템을 선보이는 브랜드로 보입니다. 과한 디테일보다는 소재의 질감과 핏으로 승부하며, 미니멀하고 감각적인 라이프스타일을 지향하는 것으로 판단됩니다.",차콜 색상의 헤어리한 텍스처가 돋보이는 싱글 재킷을 착용한 모델 컷입니다. 겨울철 데일리 룩으로 활용하기 좋은 따뜻하고 세련된 스타일링을 제안하고 있습니다.,"전체적으로 차분하고 정제된 '콰이어트 럭셔리' 무드를 지향합니다. 그레이와 화이트 톤의 조화가 차가운 겨울의 공기와 잘 어울리며, 따뜻한 소재감과 대비되어 감각적인 분위기를 자아냅니다.","부드러운 확산광을 사용하여 그림자를 최소화하고 옷의 디테일을 잘 살렸습니다. 정면과 측면, 뒷모습 등 다양한 각도에서 촬영하여 옷의 입체적인 핏을 확인할 수 있게 했습니다.",장식적인 요소가 배제된 미니멀한 공간에서 촬영되어 인물과 옷에 온전히 집중하게 합니다. 바닥과 벽의 톤을 통일하여 모던하고 갤러리 같은 공간감을 연출했습니다.,모델들은 과장된 포즈 대신 주머니에 손을 넣거나 자연스럽게 서 있는 정적인 포즈를 취하고 있습니다. 이는 옷의 편안한 착용감과 자연스럽게 떨어지는 실루엣을 강조하기 위함입니다.,"메인 컬러인 차콜(Charcoal)을 중심으로 라이트 그레이, 오프 화이트, 블랙이 조화를 이룹니다. 전체적으로 채도가 낮은 뉴트럴 컬러 팔레트를 사용하여 안정감 있고 고급스러운 느낌을 줍니다.","클래식한 싱글 재킷 디자인에 소재의 변주를 주어 트렌디함을 더한 컨셉입니다. '헤어리(Hairy)'한 텍스처를 통해 시각적인 따뜻함과 유니크함을 동시에 잡았으며, 오버핏 실루엣으로 현대적인 감각을 더했습니다.","르바의 'Hairy Alpaca Blended Single Jacket'은 11차 리오더가 진행될 만큼 높은 인기를 구가하는 브랜드의 시그니처 아이템입니다. 가장 큰 매력은 일반적인 울 코트와 차별화되는 헤어리한 알파카 혼방 소재의 텍스처로, 시각적으로 풍성하고 따뜻한 느낌을 주며 고급스러운 분위기를 연출합니다. 차콜 컬러는 다양한 이너와 매치하기 쉬워 겨울철 데일리 아우터로서 활용도가 매우 높습니다.

핏은 전체적으로 여유 있는 오버핏으로 제작되어 두꺼운 니트나 경량 패딩을 레이어드하기에 적합합니다. 기존 프리 사이즈가 미디엄으로 변경되고 스몰 사이즈가 추가되었으나, 리뷰를 보면 스몰 사이즈도 넉넉하다는 평이 많아 구매 시 실측 확인이 중요해 보입니다. 룩북에서는 비니, 머플러, 장갑 등을 활용한 센스 있는 스타일링을 보여주며, 단순한 재킷을 넘어 전체적인 겨울 룩의 무드를 제안하고 있습니다.

다만, 소재 특성상 털 빠짐이나 털 날림이 있을 수 있고, 초기 수령 시 냄새가 날 수 있다는 점은 구매 전 고려해야 할 사항입니다. 하지만 이러한 단점을 상쇄할 만큼 핏과 디자인, 색감에 대한 만족도가 높은 제품입니다. 미니멀하면서도 포인트가 되는 겨울 아우터를 찾는 2030 여성들에게 특히 추천할 만한 제품으로, 유행을 크게 타지 않으면서도 트렌디한 감성을 잃지 않는 디자인입니다.",,,,
여성_의류/72_3575854.pdf,플래그 어펙션 페미닌 원숄더 롱슬리브 화이트,칙스 (CHICKS),여성의류 > 상의 > 긴소매 티셔츠,긴소매 티셔츠,28770,상세 소재 정보 없음 (면 혼방 추정),상세 세탁 정보 없음,Free,상세 사이즈 표 텍스트 없음,"화이트,블랙,그레이",미니멀하면서도 힙한 스트릿 감성이 느껴지는 무드입니다. 깨끗한 배경의 제품 컷과 시크한 모델 컷이 어우러져 트렌디한 분위기를 자아냅니다.,전반적으로 밝은 화이트와 쿨한 그레이 톤이 지배적입니다. 차가운 색감의 조명을 사용하여 모던하고 세련된 인상을 줍니다.,제품 상세 컷은 깔끔한 연회색/흰색 단색 배경을 사용하여 제품에 집중하게 합니다. 룩북 컷은 장식이 없는 화이트 스튜디오 바닥을 배경으로 하여 인물과 스타일링을 강조했습니다.,"제품의 그래픽과 전체적인 실루엣을 보여주는 정면 누끼 컷과, 모델이 바닥에 누워있는 하이앵글 구도의 라이프스타일 컷으로 구성되어 있습니다.",모델은 선글라스를 착용하고 바닥에 편안하게 누운 포즈를 취하며 시크하고 무심한 태도를 보여줍니다. 블랙 팬츠와 큰 가방을 매치하여 도시적이고 힙한 스타일을 연출하고 있습니다.,전면에 빈티지한 질감의 별 모양 그래픽과 영문 레터링이 크게 프린트되어 포인트가 되는 긴소매 티셔츠입니다. 넥 라인이 일반 티셔츠보다 여유로워 보여 자연스러운 실루엣 연출이 가능해 보입니다.,칙스(CHICKS)는 Y2K 감성과 쿨한 스트릿 무드를 지향하는 영 캐주얼 브랜드로 보입니다. 과감한 그래픽과 자유분방한 모델 연출을 통해 트렌디한 이미지를 구축하고 있습니다.,빈티지한 별 그래픽이 돋보이는 화이트 롱슬리브 티셔츠입니다. 힙한 모델 컷을 통해 스타일리시한 데일리룩 활용 예시를 보여줍니다.,전체적으로 채도가 낮고 명도가 높은 쿨톤의 화이트와 그레이가 주를 이루어 차분하면서도 도시적인 느낌을 줍니다. 빈티지한 그래픽 요소가 더해져 레트로하면서도 현대적인 Y2K 감성이 묻어나는 톤 앤 무드입니다.,제품 컷은 왜곡 없이 평면적으로 촬영하여 디자인 정보를 명확히 전달합니다. 반면 모델 룩북 컷은 위에서 아래로 내려다보는 하이앵글(High-angle) 기법을 사용하여 역동적이고 감각적인 구도를 연출했습니다.,불필요한 소품을 배제한 미니멀한 화이트 스튜디오 공간을 배경으로 설정하여 피사체에 시선이 집중되도록 했습니다. 깨끗하고 무한한 공간감은 브랜드가 추구하는 자유롭고 모던한 이미지를 뒷받침합니다.,정형화된 스탠딩 포즈를 탈피하여 바닥에 눕거나 몸을 비스듬히 기대는 등 나른하고 자유분방한 포즈를 취했습니다. 이는 옷의 편안한 착용감을 시각적으로 전달함과 동시에 쿨하고 힙한 브랜드의 정체성을 표현합니다.,"메인 컬러인 화이트(White)를 베이스로, 그래픽에는 그레이(Grey)와 톤 다운된 블루(Blue)가 사용되었습니다. 모델 스타일링에는 블랙(Black)이 더해져 전체적으로 무채색 중심의 모노톤 팔레트를 형성합니다.","90년대와 2000년대 초반의 감성을 재해석한 빈티지 그래픽 티셔츠 디자인입니다. 'Affection' 레터링과 스크래치 효과가 들어간 별 프린팅은 레트로한 무드를 강조하며, '원숄더'라는 제품명에서 알 수 있듯 넥 라인을 활용해 페미닌한 핏을 연출할 수 있도록 의도된 디자인입니다.","이 상품은 칙스(CHICKS)의 '플래그 어펙션 페미닌 원숄더 롱슬리브'로, 트렌디한 그래픽 디자인과 실용성을 겸비한 아이템입니다. 화이트 컬러 베이스에 빈티지한 별 모양 프린팅과 레터링이 포인트가 되어, 심플한 하의와 매치해도 스타일리시한 룩을 완성할 수 있습니다. 제품명에 '원숄더'가 명시된 것으로 보아, 넥 라인이 여유 있게 디자인되어 자연스럽게 어깨를 드러내거나 쇄골 라인을 강조하는 페미닌한 연출이 가능할 것으로 예상됩니다.

룩북 이미지 속 모델처럼 와이드 팬츠나 선글라스와 함께 매치하면 힙하고 쿨한 '꾸안꾸' 스타일을 즐길 수 있으며, 데일리 룩으로 활용도가 매우 높습니다. 현재 36% 할인된 2만 원 후반대의 합리적인 가격에 무료 배송 혜택까지 제공되어 가성비가 뛰어난 제품입니다. 유행을 타지 않으면서도 확실한 포인트가 있는 상의를 찾는 20대 여성들에게 특히 추천할 만한 아이템입니다.",,,,
여성_의류/73_2717757.pdf,[29CM 단독] (uni)도미토리 시즌 스트라이프 파자마 초코트리,오끼뜨 (OGGITT),여성의류,홈웨어/파자마,66000,"면 (상세 혼용률 미기재이나 리뷰의 '바스락거리는 느낌', '면이 좋다'는 내용으로 보아 고밀도 코튼 소재로 추정)","상세 세탁법 미기재이나, 리뷰에서 건조기 사용 시 수축 이슈가 언급되었으므로 찬물 세탁 및 자연 건조 권장.","M,L,XL","상세 사이즈표는 텍스트에 없으나, 리뷰에 따르면 160cm/53kg M사이즈 적당, 170cm/57kg L사이즈 넉넉함, 174cm/57kg XL사이즈 큼 등의 피드백이 있음. 전반적으로 여유로운 핏으로 제작됨.",초코트리 (Green/Brown Stripe),"따뜻하고 아늑한 침실 분위기와 깔끔한 스튜디오 무드가 공존합니다. 커플이 함께 도넛 케이크로 축하하는 장면은 사랑스럽고 친밀한 느낌을 주며, 화이트 배경의 룩북은 깨끗하고 미니멀한 감성을 전달합니다.",라이프스타일 컷은 웜톤의 필름 그레인 효과를 주어 빈티지하고 감성적인 색감을 띱니다. 반면 상세 컷과 스튜디오 컷은 밝은 조명을 사용한 뉴트럴 톤으로 제품의 실제 색상인 그린과 브라운 스트라이프를 선명하게 보여줍니다.,메인 화보는 자연스러운 주름이 잡힌 화이트 침구 위에서 촬영되어 집 안의 편안함을 강조했습니다. 모델 컷은 군더더기 없는 흰색 배경을 사용하여 파자마의 스트라이프 패턴과 실루엣에 시선이 집중되도록 연출했습니다.,"침대 위에서 자연스럽게 앉아있는 커플의 모습을 담은 라이프스타일 컷과, 제품의 핏을 보여주는 전신 스튜디오 컷으로 구성되어 있습니다. 감성적인 무드 전달과 정확한 핏 정보 제공이라는 두 가지 목적을 모두 충족시키는 구성입니다.",모델들은 카메라를 의식하지 않고 서로 장난을 치거나 편안하게 웃는 등 자연스러운 모습을 보여줍니다. 억지스러운 포즈보다는 실제 집에서 휴식을 취하는 듯한 릴랙스한 자세와 표정으로 제품의 편안함을 시각적으로 표현하고 있습니다.,클래식한 카라 넥 디자인에 소매와 바지 밑단의 커프스 디테일이 더해진 셔츠형 파자마입니다. '초코트리'라는 이름처럼 부드러운 그린 컬러 베이스에 초콜릿 색상의 얇은 스트라이프가 들어가 있어 세련되면서도 귀여운 느낌을 줍니다.,"오끼뜨는 '지속 가능한 행복(Sustainable Joy)'을 슬로건으로 내세우며, 단순한 잠옷이 아닌 라이프스타일의 질을 높여주는 아이템을 제안합니다. 감각적인 패키지와 디자인으로 선물용으로 인기가 높으며, 29CM 단독 상품을 출시할 만큼 트렌디한 입지를 다지고 있습니다.",빈티지한 감성의 침실에서 생일 파티를 즐기는 커플의 모습을 통해 행복하고 편안한 홈웨어 룩을 제안합니다. 그린과 브라운이 섞인 스트라이프 패턴이 아늑한 분위기와 잘 어우러집니다.,전반적으로 포근하고 나른한 주말 아침이나 특별한 홈파티를 연상시키는 웜하고 코지한 무드입니다. 필름 카메라로 찍은 듯한 부드러운 질감 처리가 되어 있어 감성적이고 낭만적인 분위기를 자아냅니다.,"라이프스타일 컷은 자연광과 따뜻한 실내 조명을 혼합하여 아늑함을 극대화했고, 인물 간의 케미스트리를 포착하는 데 주력했습니다. 반면 룩북 컷은 그림자를 최소화한 플랫한 조명으로 옷의 핏과 패턴의 왜곡을 줄이는 정석적인 촬영 방식을 택했습니다.",룩북 촬영은 소품을 배제한 깨끗한 화이트 배경에서 진행되어 제품 자체에 온전히 집중하게 합니다. 모델이 베개를 들고 있거나 바닥에 편하게 앉은 연출을 통해 배경은 단순하지만 '잠옷'이라는 제품의 본질적인 무드는 잃지 않았습니다.,"모델들은 정적인 차렷 자세보다는 걷거나, 앉아서 웃거나, 침대에서 엎드리는 등 활동적인 포즈를 취하고 있습니다. 이는 파자마가 수면 시뿐만 아니라 집안에서 활동할 때도 불편함이 없다는 점을 강조하는 자연스러운 포즈입니다.","주요 컬러는 차분한 세이지 그린과 따뜻한 초콜릿 브라운이며, 배경의 크림 화이트와 베이지 톤이 이를 받쳐줍니다. 전체적으로 채도가 너무 높지 않은 어스 컬러(Earth Color) 계열을 사용하여 눈이 편안하고 안정감을 주는 팔레트입니다.","기숙사(Dormitory)라는 이름에서 알 수 있듯이, 단체 생활이나 친구들과의 파자마 파티에서도 돋보일 수 있는 프레피하고 클래식한 감성을 담았습니다. 남녀 공용(uni) 디자인으로 제작되어 커플룩이나 시밀러룩으로 활용하기 좋으며, 질리지 않는 스트라이프 패턴에 배색 파이핑이나 컬러 조합으로 위트를 더한 컨셉입니다.","오끼뜨의 '(uni)도미토리 시즌 스트라이프 파자마 초코트리'는 감성적인 디자인과 실용성을 모두 갖춘 홈웨어입니다. 리뷰 데이터를 종합해 보면, 소재는 몸에 달라붙지 않고 '바스락거리는' 시원한 면 소재로, 쾌적한 착용감을 선호하는 분들에게 특히 만족도가 높습니다. 유니섹스 라인으로 출시되어 사이즈가 넉넉하게 나온 편이라 편안한 숙면을 취하기에 적합하며, 커플 잠옷으로 구매하는 비중이 매우 높습니다.

디자인 측면에서는 '초코트리'라는 컬러명에 걸맞게 그린과 브라운의 조화가 고급스럽고 유니크하다는 평이 많습니다. 흔한 스트라이프가 아니라 오끼뜨만의 감성이 담긴 컬러 배합이라 소장 가치가 있습니다. 또한 선물 포장 패키지가 잘 되어 있어 친구 생일이나 결혼 선물, 집들이 선물로 선택했을 때 받는 사람의 만족도가 높은 아이템입니다.

다만, 건조기 사용 시 약간의 수축이 있을 수 있다는 리뷰가 있으므로 세탁 관리에 주의가 필요합니다. 사이즈가 여유 있게 나온 편이므로 체구가 작은 여성분들은 상세 사이즈를 확인하거나 한 치수 작게 주문하는 것을 고려해 볼 만합니다. 전반적으로 가격대가 있는 편이지만, 소재의 퀄리티와 브랜드 특유의 무드 덕분에 세일 기간에 구매하면 만족도가 매우 높은 제품입니다.",,,,
여성_의류/74_3717906.pdf,[2 PACK] Base Crop Tee_10colors,108파운드 (108POUND),여성의류,반소매 티셔츠,61200,Cotton 100% (20수 바이오 워싱 코튼),"상세 세탁법 미기재 (일반적인 코튼 소재 세탁 권장, 바이오 워싱 가공됨)",FREE,"가슴 46, 밑단 43.5, 어깨 39.5, 암홀 20.5, 소매길이 18, 소매입구 15.8, 앞 총장(옆목 기준) 51 (단위: cm)","White,Light Melange,Vintage Violet,Brick Brown,Apple Green,Baby Pink,Charcoal,Black,Mint,Blue","이미지는 전반적으로 깨끗하고 미니멀한 무드를 지향하며, 장식적인 요소를 배제하여 제품 본연의 색감과 핏에 집중하게 합니다. 자연스럽고 편안한 일상의 분위기를 연출하여 데일리 웨어로서의 활용성을 강조하고 있습니다.","배경은 따뜻한 느낌이 감도는 아이보리 및 화이트 톤으로 처리되어 있으며, 제품의 컬러들이 돋보이도록 중립적인 톤을 유지합니다. 전체적으로 채도가 너무 높지 않고 부드러운 뮤트 톤과 차분한 색감이 어우러져 감성적인 인상을 줍니다.","특별한 소품이나 가구 없이 깨끗한 벽면을 배경으로 사용하여 시선이 분산되는 것을 막았습니다. 이러한 심플한 배경은 '기본에 충실한' 제품의 컨셉과 잘 맞아떨어지며, 모델과 옷의 실루엣을 명확하게 보여줍니다.","모델이 제품을 착용한 상태에서 다양한 컬러의 동일 제품들을 한아름 안고 있는 미디엄 샷 구도가 특징적입니다. 이는 단품 판매가 아닌 '2 PACK' 구성임을 직관적으로 보여주며, 다양한 컬러 옵션을 한 눈에 확인할 수 있게 합니다.",모델은 과한 메이크업이나 화려한 헤어스타일 대신 내추럴한 스타일링을 하여 편안한 이미지를 줍니다. 카메라를 정면으로 응시하기보다 자연스럽게 시선을 처리하거나 옷을 들고 있는 포즈를 취해 일상적인 순간을 포착한 듯한 느낌을 줍니다.,"과하지 않은 세미 크롭 기장으로 제작되어 팬츠 위로 자연스럽게 떨어지는 실루엣이 특징입니다. 20수 바이오 워싱 코튼을 사용하여 표면이 매끄럽고 부드러워 보이며, 넥 라인과 어깨의 체인 봉제 디테일로 내구성을 높인 베이직 아이템입니다.","108파운드는 유행을 크게 타지 않는 에센셜한 아이템을 좋은 소재와 핏으로 제안하는 브랜드로 보입니다. 화려한 디자인보다는 색감의 조화와 실용성을 중시하며, 합리적인 가격대의 세트 구성을 통해 가성비와 가심비를 모두 잡으려는 포지셔닝을 취하고 있습니다.",흰색 티셔츠를 입은 모델이 다채로운 색상의 티셔츠 더미를 안고 있는 모습으로 제품의 다양성을 강조한 이미지입니다. 깨끗한 배경과 자연스러운 조명을 통해 베이직한 디자인과 부드러운 소재감을 효과적으로 전달합니다.,"전체적으로 차분하고 정돈된 화이트 앤 내추럴 톤이 지배적이며, 편안하고 감성적인 라이프스타일 무드를 형성하고 있습니다. 자극적이지 않은 조명과 색감을 사용하여 눈이 편안하며, 일상 속에서 자연스럽게 녹아드는 데일리 룩의 느낌을 줍니다.",스튜디오 내부에서 자연광과 유사한 부드러운 확산광을 사용하여 그림자를 최소화하고 옷의 질감을 부드럽게 표현했습니다. 모델이 옷을 쌓아서 들고 있는 연출은 제품의 컬러 베리에이션(Variation)을 시각적으로 극대화하여 보여주는 영리한 촬영 기법입니다.,"군더더기 없는 미니멀리즘을 바탕으로 한 깨끗한 실내 벽면을 배경으로 하여, 제품이 가진 '베이직'이라는 속성을 시각적으로 강화했습니다. 복잡한 배경을 배제함으로써 소비자가 오직 옷의 핏과 색상에만 집중할 수 있도록 유도하는 차분한 무드입니다.","모델은 옷을 입고만 있는 것이 아니라, 여러 벌의 옷을 소중하게 안고 있는 포즈를 취해 제품에 대한 애착과 풍성함을 표현했습니다. 이는 단순히 옷을 보여주는 것을 넘어, '색깔별로 소장하고 싶은' 소비자의 심리를 자극하는 자연스러운 포즈입니다.","화이트를 베이스로 하여 애플 그린, 빈티지 바이올렛, 브릭 브라운, 베이비 핑크 등 채도가 살짝 빠진 부드러운 파스텔 및 어스(Earth) 톤이 주를 이룹니다. 이러한 컬러 팔레트는 서로 다른 색상끼리 레이어드해도 튀지 않고 조화롭게 어우러지는 구성을 보여줍니다.","가장 기본이 되는 라운드 넥 반소매 티셔츠에 트렌디한 세미 크롭 기장을 접목하여, 단독 착용 시 다리가 길어 보이게 하고 레이어드 시에도 답답하지 않도록 디자인되었습니다. 어깨 체인 봉제와 바이오 워싱 처리는 기본 티셔츠가 갖춰야 할 내구성과 착용감이라는 본질적인 기능에 충실했음을 보여줍니다.","이 상품은 108파운드의 '[2 PACK] Base Crop Tee'로, 데일리 룩의 기본이 되는 탄탄한 소재와 트렌디한 핏을 갖춘 실용적인 아이템입니다. 20수 바이오 워싱 코튼을 사용하여 세탁 후 수축이나 변형을 최소화하고 부드러운 터치감을 제공하며, 몸에 달라붙지 않고 자연스럽게 흐르는 핏이 특징입니다. 특히 10가지의 다채로운 컬러 구성과 2팩 묶음 판매 방식은 합리적인 가격에 다양한 스타일링을 원하는 소비자들에게 매력적인 포인트입니다.

디자인적으로는 과하지 않은 세미 크롭 기장을 채택하여 하이웨이스트 팬츠나 스커트와 매치했을 때 비율이 좋아 보이는 효과를 줍니다. 어깨 부분의 체인 봉제 디테일은 옷의 뒤틀림을 방지하고 은은한 포인트가 되어 퀄리티를 높였습니다. 리뷰를 살펴보면 색감이 예쁘고 재질이 탄탄하다는 긍정적인 평가가 주를 이루지만, 넥 라인이 다소 타이트하다는 의견도 있어 목이 조이는 것을 선호하지 않는다면 상세 사이즈를 참고하는 것이 좋습니다.

종합적으로 볼 때, 이 제품은 계절에 상관없이 이너나 단품으로 활용도가 매우 높은 '휘뚜루마뚜루' 아이템입니다. 미니멀한 디자인과 감성적인 컬러감, 그리고 내구성을 갖춘 기본 티셔츠를 찾는 2030 여성들에게 추천할 만하며, 친구와 나누거나 컬러별로 소장하기에도 적합한 구성입니다.",,,,
여성_의류/76_2805330.pdf,CASH MERINO WOOL V-NECK KNIT_IVORY,오브베이지 (OVBEIGE),여성의류,니트웨어,117570,"캐시미어, 메리노 울 (CASH MERINO WOOL)",드라이클리닝 권장 (캐시미어 및 울 혼방 소재 특성상),Free,"(상세 사이즈 표 텍스트 없음, 리뷰 및 핏으로 보아 루즈핏 프리사이즈 추정)",IVORY,"미니멀, 내추럴, 페미닌, 코지","웜톤의 아이보리, 소프트한 자연광, 깨끗하고 맑은 톤",깔끔한 실내 스튜디오 배경과 자연광이 들어오는 카페 창가,"상반신 클로즈업 위주, 카페에서의 라이프스타일 컷, 정면 및 측면 착용샷","자연스러운 흑발의 긴 생머리를 한 모델로, 과한 메이크업 없이 깨끗하고 청순한 이미지를 연출하고 있습니다. 편안한 표정과 자세로 니트의 부드러운 착용감을 시각적으로 잘 전달합니다.","적당한 깊이감의 브이넥 디자인으로 목선이 길어 보이면서도 부담스럽지 않게 연출되었습니다. 소매와 밑단의 시보리 디테일이 핏을 잡아주며, 전체적으로 여유 있는 실루엣이 편안함을 줍니다.","오브베이지는 일상 속에서 편안하게 입을 수 있는 '데일리 럭셔리'를 지향하는 브랜드로 보입니다. 자극적이지 않은 컬러와 좋은 소재를 강조하여, 유행을 타지 않고 오래 입을 수 있는 에센셜 아이템을 제안하는 포지셔닝을 취하고 있습니다.",따뜻한 햇살이 비치는 공간에서 아이보리 브이넥 니트를 입은 모델의 모습을 통해 포근하고 세련된 분위기를 전달합니다. 소재의 부드러움과 얼굴을 밝혀주는 화사한 컬러감이 돋보이는 이미지입니다.,"전체적으로 따뜻하고 부드러운 '소프트 웜' 톤앤무드를 유지하고 있습니다. 아이보리 컬러가 주는 깨끗함과 자연광의 온기가 어우러져, 차분하면서도 감성적인 겨울/봄 시즌의 분위기를 자아냅니다.",인위적인 조명보다는 자연광을 적극적으로 활용하여 니트의 포슬포슬한 텍스처를 자연스럽게 살렸습니다. 심도 얕은 촬영으로 배경을 흐릿하게 처리하여 인물과 상품에 시선이 집중되도록 연출했습니다.,"도심 속 여유를 즐기는 듯한 카페 창가와 군더더기 없는 깔끔한 실내 공간을 배경으로 사용했습니다. 이는 상품이 일상생활(카페, 데이트)과 오피스룩 등 다양한 TPO에 어울린다는 점을 암시합니다.",커피잔을 들거나 창밖을 응시하는 등 일상적인 순간을 포착한 듯한 자연스러운 포즈가 주를 이룹니다. 정면을 응시할 때도 경직되지 않고 어깨에 힘을 뺀 릴랙스한 자세로 옷의 편안한 핏을 강조합니다.,"메인 컬러인 크리미한 아이보리를 중심으로, 블랙(하의)과 우드/베이지(배경) 톤이 조화를 이룹니다. 전반적으로 채도가 낮고 명도가 높은 뉴트럴 컬러 팔레트를 사용하여 안정감 있고 고급스러운 느낌을 줍니다.","기본에 충실하면서도 소재와 핏으로 차별화를 둔 '에센셜 미니멀리즘' 디자인입니다. 유행을 타지 않는 클래식한 브이넥 라인과 여유로운 핏은 다양한 하의와 매치하기 쉬워 활용도가 높으며, 캐시미어 혼방을 통해 시각적인 고급스러움을 더했습니다.","이 상품은 캐시미어와 메리노 울이 혼방된 브이넥 니트로, 소재에서 오는 고급스러움과 부드러운 터치감이 가장 큰 강점입니다. 리뷰 데이터를 분석해보면, 많은 구매자들이 '누런 끼 없는 맑은 화이트/아이보리' 색감에 높은 만족도를 보이고 있으며, 이는 얼굴 톤을 화사하게 밝혀주는 효과가 있습니다. 핏은 몸에 딱 붙지 않고 적당히 여유로운 루즈핏으로, 체형을 자연스럽게 커버해주어 44부터 66사이즈까지 편안하게 착용 가능한 것으로 보입니다.

디자인적으로는 브이넥 파임이 너무 깊지 않아 단독 착용 시에도 부담이 없으며, 목선과 쇄골 라인을 여리여리하게 연출해줍니다. 소매와 밑단의 마감 처리가 깔끔하여 넣어 입거나 빼서 입기 모두 적합합니다. 다만, 천연 소재(울/캐시미어) 특성상 마찰이 잦은 부위에는 보풀이 발생할 수 있다는 점은 구매 전 고려해야 할 사항입니다. 전반적으로 유행을 타지 않는 클래식한 디자인과 합리적인 가격대(할인가 기준)로, 겨울철 데일리 이너나 간절기 단독 상의로 활용도가 매우 높은 아이템입니다.",,,,
여성_의류/77_3654390.pdf,Soft Shearling Jumper (Gray),노우드 (NOEUD),여성의류 > 아우터 > 퍼 재킷,무스탕 / 덤블 점퍼 / 퍼 재킷,299200,"겉감: 부드러운 텍스처의 원단 / 안감: 누빔(Quilted) 및 퍼(Fur) 트리밍 (상세 혼용률 텍스트 부재, 리뷰 및 이미지 기반 추론)",상세 세탁 라벨 참조 (일반적으로 퍼/무스탕 제품은 드라이클리닝 권장),FREE,상세 치수 텍스트 부재 (리뷰에 따르면 품이 넉넉하고 소매가 긴 오버사이즈 핏),GRAY,빈티지하면서도 아늑한 감성이 느껴지는 캐주얼 무드입니다. 편안한 실내와 고즈넉한 야외를 오가며 자연스러운 일상을 담아냈습니다.,제품의 쿨한 그레이 톤과 배경의 웜한 오렌지/브라운 톤이 조화롭게 대비됩니다. 전체적으로 채도가 낮고 부드러운 필름 카메라 감성의 색감입니다.,실내에서는 따뜻한 색감의 커튼을 배경으로 활용해 포근함을 강조했습니다. 야외 컷은 벽돌과 나무 문이 있는 건물 앞에서 촬영되어 클래식하고 차분한 분위기를 줍니다.,모델의 상반신을 중심으로 한 미디엄 샷 위주로 구성되어 있습니다. 옷의 핏과 퍼 디테일을 잘 보여주면서도 모델의 자연스러운 표정을 담아 라이프스타일 화보 같은 느낌을 줍니다.,자연스러운 헤어 스타일링과 옅은 메이크업으로 꾸안꾸(꾸민 듯 안 꾸민 듯한) 매력을 발산합니다. 카메라를 응시하며 환하게 웃거나 편안하게 서 있는 등 경직되지 않은 자연스러운 포즈가 특징입니다.,"차콜 그레이 바디에 밝은 그레이 컬러의 풍성한 퍼가 넥라인과 앞섬에 트리밍되어 있어 시각적으로 따뜻해 보입니다. 넉넉한 오버사이즈 실루엣으로 두꺼운 이너와 매치하기 좋으며, 소매와 밑단의 밴딩 처리가 캐주얼한 블루종 스타일을 연출합니다.","단순히 옷을 파는 것을 넘어 고객에게 정성스러운 경험을 제공하는 감성적인 브랜드로 보입니다. 리뷰에서 언급된 손편지와 꼼꼼한 포장, 그리고 빈티지한 무드의 룩북은 브랜드가 지향하는 따뜻하고 섬세한 가치를 잘 보여줍니다.",빈티지한 공간에서 촬영된 포근한 그레이 셜링 점퍼 착용 컷입니다. 오버사이즈 핏과 풍성한 퍼 디테일이 돋보이며 따뜻하고 사랑스러운 겨울 코디를 제안합니다.,"전체적으로 차분하면서도 따뜻한 온기가 느껴지는 빈티지 감성 무드입니다. 실내의 오렌지빛 조명과 커튼은 아늑함을, 야외의 자연광은 편안함을 주어 감성적인 겨울 일상을 표현하고 있습니다. 과하게 세련되거나 차가운 느낌보다는 친근하고 부드러운 톤앤매너를 유지합니다.",인위적인 스튜디오 조명보다는 자연광이나 은은한 실내광을 활용하여 옷의 텍스처를 부드럽게 표현했습니다. 모델의 정적인 포즈뿐만 아니라 웃거나 움직이는 순간을 포착하여 생동감을 더했습니다. 구도 역시 정형화된 쇼핑몰 컷보다는 화보처럼 자연스러운 앵글을 사용했습니다.,실내 촬영은 옐로우와 오렌지 톤의 커튼을 배경으로 하여 레트로하고 따뜻한 가정집 분위기를 연출했습니다. 야외 촬영은 오래된 벽돌 건물과 나무 문을 배경으로 하여 옷의 빈티지한 디자인과 어우러지는 클래식한 거리의 무드를 담았습니다. 배경이 인물을 방해하지 않고 옷의 분위기를 돋보이게 합니다.,모델은 팔짱을 끼거나 주머니에 손을 넣는 등 방한 아우터를 입었을 때 나오는 자연스러운 제스처를 취하고 있습니다. 카메라를 정면으로 응시하며 밝게 웃는 표정은 옷이 주는 포근하고 기분 좋은 착용감을 시각적으로 전달합니다. 전체적으로 경직됨 없이 편안하고 활동적인 느낌을 줍니다.,"제품의 메인 컬러인 딥한 그레이와 퍼의 라이트 그레이가 톤온톤으로 매치되어 세련된 느낌을 줍니다. 여기에 배경 요소로 웜톤의 오렌지, 베이지, 브라운 컬러가 더해져 차가운 회색 옷과 따뜻한 배경이 감각적인 밸런스를 이룹니다. 전반적으로 뮤트하고 소프트한 컬러들이 주를 이룹니다.","클래식한 에비에이터 무스탕을 여성스러운 오버핏 점퍼로 재해석한 디자인입니다. 목을 감싸는 풍성한 퍼 디테일은 보온성과 함께 얼굴을 작아 보이게 하는 효과를 주며, 둥근 어깨 라인과 넉넉한 소매통은 귀엽고 아방한 실루엣을 만들어냅니다. 캐주얼한 데님부터 페미닌한 스커트까지 다양하게 어울리는 믹스매치 아이템입니다.","노우드(NOEUD)의 'Soft Shearling Jumper (Gray)'는 한겨울에도 스타일과 보온성을 모두 챙길 수 있는 매력적인 아우터입니다. 짙은 그레이 컬러의 바디와 밝은 톤의 퍼 트리밍이 조화롭게 어우러져 흔하지 않으면서도 고급스러운 분위기를 자아냅니다. 특히 넉넉한 오버사이즈 핏으로 제작되어 두꺼운 니트나 이너를 껴입어도 불편함이 없으며, 둥글게 떨어지는 실루엣이 귀엽고 포근한 인상을 줍니다.

구매 고객들의 리뷰를 살펴보면, 제품의 퀄리티와 보온성에 대한 만족도가 매우 높습니다. '생각보다 더 예쁘고 따뜻하다', '털이 부드럽고 퀄리티가 좋다'는 평이 주를 이루며, 특히 브랜드 디렉터가 직접 쓴 손편지와 정성스러운 포장에 감동했다는 후기가 많아 브랜드의 진정성이 느껴집니다. 소매 부분은 누빔 처리가 되어 있어 활동성을 높이면서도 보온을 놓치지 않은 디테일이 돋보입니다.

이 제품은 캐주얼한 데일리룩을 즐겨 입으면서도 남들과 다른 빈티지한 감성을 추구하는 여성들에게 추천합니다. 30만 원대의 가격대이지만, 할인 혜택과 높은 퀄리티, 그리고 브랜드의 세심한 고객 관리를 고려했을 때 소장 가치가 충분한 아이템입니다. 예약 배송으로 진행될 만큼 인기가 많은 상품이므로, 겨울철 메인 아우터를 고민 중이라면 눈여겨볼 만합니다.",,,,
여성_의류/78_3364509.pdf,G CLASSIC LONG SLEEVE_3 Colors,글로니 (GLOWNY),여성의류,상의 (긴팔 티셔츠),45000,코튼 (Cotton),찬물에서 손세탁 하십시오. 표백제 및 건조기 사용을 금지합니다.,"XS,S,M,L,XL","총길이: 53.5(XS), 55.5(S), 57.5(M), 60.0(L), 62.0(XL) / 어깨 너비: 35.0(XS), 36.0(S), 37.5(M), 39.0(L), 40.0(XL) / 가슴 너비: 33.5(XS), 36.0(S), 38.0(M), 40.0(L), 42.0(XL) / 소매 길이: 63.0(XS), 65.0(S), 67.0(M), 69.5(L), 71.5(XL) / 밑단 너비: 34.5(XS), 37.0(S), 39.0(M), 41.0(L), 43.0(XL)","WHITE,MELANGE GRAY,BLACK","미니멀하고 깨끗한 분위기로, 군더더기 없는 심플함을 강조하고 있습니다. 자연스러운 조명 아래 편안하면서도 트렌디한 '꾸안꾸(꾸민 듯 안 꾸민 듯)' 스타일을 연출합니다.","전반적으로 밝고 화사한 쿨톤 베이스의 이미지가 주를 이룹니다. 흰색 배경과 흰색 상의가 어우러져 깨끗하고 순수한 인상을 주며, 그림자를 최소화하여 제품의 실루엣을 명확히 보여줍니다.",피사체에 온전히 집중할 수 있도록 단색의 밝은 그레이 또는 화이트 톤 배경을 사용했습니다. 복잡한 소품 없이 인물과 옷의 핏감만을 강조하여 제품의 본질적인 디자인을 부각하려는 의도가 보입니다.,모델의 상반신을 중심으로 한 클로즈업 샷과 무릎 위까지 보여주는 미디엄 샷이 혼합되어 있습니다. 정면뿐만 아니라 몸을 비틀거나 팔을 뻗는 등 다양한 각도에서 촬영하여 옷의 신축성과 활동성을 시각적으로 전달합니다.,모델은 머리를 깔끔하게 묶어 목선과 어깨 라인을 드러내며 제품의 넥 라인을 강조하고 있습니다. 카메라를 응시하는 강렬하고 자신감 있는 표정과 역동적인 포즈를 통해 힙하고 세련된 브랜드 이미지를 대변합니다.,"몸의 곡선을 따라 자연스럽게 흐르는 레귤러 핏의 긴팔 티셔츠입니다. 특히 소매 기장이 길게 제작되어 손등을 덮으며 여리여리한 느낌을 주는 것이 특징이며, 하단에 부착된 브랜드 라벨이 포인트가 됩니다.","글로니는 기본에 충실하면서도 핏과 소재에서 차별화를 두는 컨템포러리 캐주얼 브랜드로 보입니다. 단순한 베이직 아이템을 트렌디한 감성으로 재해석하여, MZ세대가 선호하는 힙하고 감각적인 라이프스타일을 제안하고 있습니다.",화이트 롱 슬리브 티셔츠를 입은 모델이 편안한 트레이닝 팬츠와 매치하여 힙한 데일리룩을 선보입니다. 깨끗한 배경 속에서 모델의 자신감 있는 포즈가 제품의 탄탄한 핏과 실루엣을 돋보이게 합니다.,"전체적으로 맑고 깨끗한 화이트 톤과 차분한 무채색이 조화를 이루어 모던하고 시크한 무드를 자아냅니다. 과한 장식 없이 인물과 옷의 핏에 집중하게 만드는 미니멀리즘 미학이 돋보이며, 세련된 도시적 감성을 전달합니다.",스튜디오 내에서 균일하고 부드러운 조명을 사용하여 옷의 주름이나 소재의 질감을 사실적으로 표현했습니다. 하이앵글이나 정면 앵글을 적절히 섞어 모델의 비율을 좋게 보이게 하면서도 옷의 전체적인 기장감과 핏을 왜곡 없이 담아냈습니다.,"배경은 스튜디오의 호리존이나 단색 벽면을 활용하여 공간감을 최소화하고 오직 스타일링에만 시선이 머물도록 했습니다. 이러한 배경 설정은 제품의 컬러감(화이트, 그레이, 블랙)을 가장 선명하게 보여주며, 브랜드가 추구하는 깔끔하고 정돈된 이미지를 강화합니다.","모델은 정적인 자세보다는 허리를 굽히거나 골반을 트는 등 과감하고 자유로운 포즈를 취하고 있습니다. 이는 옷의 신축성과 편안한 착용감을 시각적으로 증명하는 동시에, 단순한 기본 티셔츠도 스타일리시하게 연출할 수 있음을 보여줍니다.","상품의 핵심 컬러인 화이트, 멜란지 그레이, 블랙의 무채색 계열이 중심을 이룹니다. 룩북 이미지에서는 화이트 상의에 파스텔 톤의 블루 팬츠를 매치하여 청량하고 시원한 컬러 대비를 주었으며, 전반적으로 차분하고 안정적인 색감을 유지합니다.","이 제품은 '올 데이 에센셜'이라는 컨셉에 맞게 언제 어디서나 편하게 입을 수 있는 기본기에 충실한 디자인입니다. 누구나 입을 수 있는 5가지 사이즈 전개와 탄탄한 코튼 소재, 그리고 브랜드 아이덴티티를 보여주는 라벨 디테일은 유행을 타지 않으면서도 소장 가치가 있는 '프리미엄 베이직'을 지향하고 있습니다.","글로니의 'G CLASSIC LONG SLEEVE'는 브랜드의 시그니처 아이템으로, 기본에 충실하면서도 핏과 디테일에서 차별화를 둔 제품입니다. 리뷰와 상세 설명을 종합해 볼 때, 이 제품의 가장 큰 강점은 몸을 부드럽게 감싸는 탄탄한 코튼 소재와 날씬해 보이는 실루엣입니다. 특히 소매가 길게 제작되어 손등을 덮는 연출이 가능해 여리여리한 분위기를 선호하는 여성 고객들에게 큰 인기를 끌고 있으며, 단독 착용은 물론 이너로도 활용도가 매우 높습니다.

다양한 체형을 고려하여 XS부터 XL까지 폭넓은 사이즈 옵션을 제공하는 점도 매력적인 구매 포인트입니다. 고객 리뷰에서는 세탁 후에도 변형이 적고 목 늘어남이 없다는 내구성에 대한 칭찬이 많으며, 몸에 딱 붙지 않고 적당히 여유 있는 레귤러 핏이라 부담 없이 착용 가능하다는 평이 주를 이룹니다. 화이트, 멜란지 그레이, 블랙이라는 호불호 없는 컬러 구성으로 데일리 룩의 필수 아이템으로 자리 잡았으며, 트렌디한 '꾸안꾸' 룩을 완성하고 싶은 2030 여성들에게 강력히 추천할 만한 아이템입니다.",,,,
여성_의류/79_3681622.pdf,[6차] Sheer Touch Long Sleeve (Sky Blue),38컴온커먼 (38comeoncommon),여성의류 > 상의 > 긴소매 티셔츠,긴소매 티셔츠,32300,상세 혼용률 텍스트 미기재 (리뷰 및 상품명 'Sheer Touch'로 보아 얇고 부드러운 텐셀 혹은 울 혼방 소재로 추정됨),상세 세탁법 미기재 (얇은 소재 특성상 드라이클리닝 또는 약한 손세탁 권장),FREE,"상세 치수표 이미지 내 미포함 (리뷰 참조: 160cm~168cm, 44~66사이즈 착용자들 모두 '잘 맞아요' 또는 '낙낙해요'라고 평가함)","SKY BLUE,GREY,OLIVE,CHARCOAL,RED,PINK,BLUE,BEIGE",이미지는 전반적으로 미니멀하고 차분하며 깨끗한 분위기를 자아냅니다. 군더더기 없는 배경과 심플한 제품 배치는 'Quiet Comfort'라는 컬렉션 주제와 잘 어울립니다.,"채도가 살짝 낮아진 파스텔 톤의 스카이 블루를 중심으로, 전체적으로 부드럽고 은은한 쿨톤 무드를 형성하고 있습니다. 자극적이지 않고 눈이 편안한 색감입니다.",완전한 흰색 또는 매우 밝은 회색의 단색 배경을 사용하여 제품의 색감과 실루엣에만 집중하도록 연출했습니다. 이는 브랜드의 모던하고 깔끔한 정체성을 강조합니다.,제품의 전체적인 형태를 보여주는 정면 컷(누끼/플랫레이) 위주로 구성되어 있습니다. 모델 착용 컷보다는 옷 자체의 핏과 색상을 명확히 보여주는 데 집중한 구성입니다.,"해당 이미지 세트에는 모델의 얼굴이나 전신 착용 컷이 직접적으로 드러나지 않고 제품 단독 컷 위주입니다. 다만 룩북 설명의 맥락상, 자연스럽고 편안한 포즈를 취하는 모델링이 예상됩니다.","목 라인이 답답하지 않은 라운드 넥 디자인이며, 소매 기장이 손등을 덮을 정도로 여유 있게 내려오는 것이 특징입니다. 소재가 얇고 찰랑거리는 느낌(Sheer Touch)을 주어 여리여리한 실루엣을 연출합니다.","38컴온커먼은 일상 속에서 편안하게 입을 수 있는 베이직한 아이템을 감성적인 무드로 풀어내는 브랜드로 보입니다. 'Calm Layers'라는 문구에서 알 수 있듯, 과한 디테일보다는 소재감과 색감, 레이어링의 조화를 중요시하는 포지셔닝을 취하고 있습니다.",부드럽고 얇은 소재감의 스카이 블루 긴팔 티셔츠가 깨끗한 배경 위에 놓여 있습니다. 미니멀한 디자인과 차분한 색감이 어우러져 편안하고 감성적인 데일리웨어의 느낌을 줍니다.,"전체적인 톤 앤 무드는 '정적이고 차분한 편안함(Quiet Comfort)'입니다. 겨울 컬렉션임에도 무겁지 않고 산뜻한 파스텔 톤을 사용하여, 차가운 공기 속에서도 따뜻하고 포근한 감성을 전달하려는 의도가 엿보입니다. 과장되지 않은 자연스러운 색감이 주를 이룹니다.",그림자를 최소화한 부드러운 조명(Soft Lighting)을 사용하여 원단의 텍스처와 색상을 왜곡 없이 표현했습니다. 정면에서 바라본 평면적인 구도를 사용하여 옷의 전체적인 실루엣과 기장감을 한눈에 파악할 수 있도록 촬영되었습니다.,"룩북의 배경은 여백의 미를 살린 화이트 톤으로, '겨울의 긴 호흡'이라는 컨셉에 맞게 고요하고 정돈된 느낌을 줍니다. 복잡한 소품 없이 텍스트와 제품 이미지만을 배치하여 시선이 분산되지 않고 오직 옷의 분위기에만 집중하게 만듭니다.","직접적인 모델 컷은 없으나, 제품이 놓인 형태(소매가 자연스럽게 떨어지는 모양)를 통해 착용 시의 흐르는 듯한 핏을 시각화했습니다. 이는 인위적인 각을 잡기보다 자연스러운 드레이프성을 강조하는 포즈와 연출 방식을 따르고 있습니다.","메인 컬러인 스카이 블루(Sky Blue)는 쨍하지 않고 약간의 회색빛이 도는 차분한 블루입니다. 함께 제공되는 컬러 옵션들(올리브, 차콜, 베이지, 핑크 등) 또한 채도가 낮고 부드러운 톤으로 구성되어 있어 서로 레이어드하기 좋은 조화로운 팔레트를 보여줍니다.","이 제품은 '레이어링(Layering)'에 최적화된 디자인 컨셉을 가지고 있습니다. 단독으로 입었을 때는 여리여리한 느낌을 주고, 니트나 아우터 안에 입었을 때는 부드러운 착용감과 포인트 컬러 역할을 하도록 기획되었습니다. 'Sheer Touch'라는 이름처럼 얇지만 보온성을 갖춘 소재를 사용하여 겨울철 이너웨어로서의 기능성과 심미성을 동시에 잡았습니다.","38컴온커먼의 '[6차] Sheer Touch Long Sleeve'는 기본에 충실하면서도 감성적인 디테일을 놓치지 않은 제품입니다. 2025 윈터 컬렉션의 'Calm Layers, Quiet Comfort'라는 슬로건에 걸맞게, 몸을 부드럽게 감싸는 핏과 시각적으로 편안함을 주는 스카이 블루 컬러가 돋보입니다. 특히 리뷰에서 언급된 것처럼 얇지만 울이 함유된 듯한 부드러운 소재감은 이 제품이 단순한 티셔츠를 넘어 고급스러운 이너웨어로서의 가치를 지니고 있음을 보여줍니다.

디자인적으로는 루즈한 핏과 긴 소매 기장이 특징으로, 착용 시 자연스럽게 흐르는 실루엣이 여리여리한 분위기를 연출해 줍니다. 너무 달라붙지 않는 'FREE' 사이즈는 44부터 66사이즈까지 다양한 체형의 고객들에게 편안한 착용감을 제공하며, 이는 16개의 리뷰에서 '잘 맞아요'라는 평가가 지배적인 것에서도 확인할 수 있습니다. 단독 착용은 물론, 두꺼운 겨울 니트나 가디건 속에 포인트 이너로 활용하기에 최적화된 아이템입니다.

구매 포인트는 활용도 높은 컬러 구성과 합리적인 가격대입니다. 스카이 블루 외에도 그레이, 올리브, 핑크 등 다양한 컬러 옵션이 있어 취향에 맞게 선택하거나 여러 벌을 구비해 돌려 입기 좋습니다. 15% 할인된 3만원 초반대의 가격은 소재의 퀄리티와 브랜드의 감성을 고려했을 때 매력적인 제안이며, 데일리 룩에 은은한 포인트를 주고 싶은 소비자들에게 강력히 추천할 만한 상품입니다.",,,,
여성_의류/80_3049598.pdf,[BEST] Carrie tank top _6 Colors,부디무드라(BUDHI MUDRA),여성_의류,슬리브리스,65000,"Rayon 91%, Polyurethane 9%",상세페이지 내 별도 표기 확인 필요 (일반적으로 레이온 소재는 수축 방지를 위해 찬물 손세탁이나 드라이클리닝 권장),"XS,S,M,L","총길이: XS(45.0), S(47.0), M(49.0), L(51.0) / 가슴 너비: XS(29.0), S(31.0), M(33.0), L(35.0) / 밑단 너비: XS(29.0), S(31.0), M(33.0), L(35.0)","Hot Fudge,Black,Fennel Seed,Spring Lake,Rythmic Red,Sea Storm,Silver Cloud,Thistle,Quick Silver","자연스럽고 편안한 분위기를 자아내는 내추럴 무드입니다. 요가와 명상을 위한 옷답게 정적이고 차분한 감성이 느껴지며, 인위적인 연출보다는 소재의 질감과 색감을 있는 그대로 보여주는 데 집중하고 있습니다.","전반적으로 채도가 낮고 깊이감 있는 '얼씨(Earthy)' 톤과 웜톤 계열이 주를 이룹니다. 머스타드, 버건디, 브라운 등 자연에서 온 색감들이 따뜻하고 빈티지한 인상을 줍니다.","제품 컷은 깔끔한 흰색 배경을 사용하여 컬러 구분을 명확히 했으며, 모델 컷은 요가 매트가 깔린 실내 스튜디오를 배경으로 하여 실제 수련 환경을 연상시킵니다. 배경이 인물을 압도하지 않아 제품의 핏에 집중할 수 있습니다.","제품을 겹쳐 놓아 컬러 구성을 보여주는 정물 컷과, 모델이 실제로 착용하고 움직이는 모습을 담은 라이프스타일 컷으로 구성되어 있습니다. 특히 모델 컷은 상반신 클로즈업과 뒷모습 등을 통해 착용 시의 핏과 근육의 움직임을 상세히 보여줍니다.",모델은 탄탄한 근육이 돋보이는 건강한 체형을 가지고 있어 요가복으로서의 기능성을 잘 보여줍니다. 정적인 자세뿐만 아니라 역동적인 요가 동작을 취함으로써 옷의 신축성과 활동성을 시각적으로 강조하고 있습니다.,"군더더기 없는 깔끔한 라운드 넥 디자인의 탱크탑으로, 복부를 덮는 안정적인 기장감이 특징입니다. 레이온 혼방 소재 특유의 부드러운 드레이프성과 쫀쫀한 신축성이 눈으로도 느껴지며, 브라 패드를 넣을 수 있는 실용적인 구조를 갖추고 있습니다.","부디무드라는 요가를 단순한 운동이 아닌 삶의 가치로 여기는 진정성 있는 브랜드 이미지를 구축하고 있습니다. 화려함보다는 본질적인 편안함과 자연스러운 멋을 추구하며, 마니아층이 탄탄한 프리미엄 요가웨어 브랜드로 포지셔닝되어 있습니다.","다양한 어스 컬러의 탱크탑이 주는 차분함과 요가 동작을 하는 모델의 역동성이 조화를 이룹니다. 부드러운 소재감과 몸에 밀착되는 핏을 강조하여, 수련 시의 편안함과 스타일을 동시에 만족시키는 제품임을 보여줍니다.","전체적으로 차분하고 따뜻한 감성의 '젠(Zen)' 스타일과 내추럴한 무드가 지배적입니다. 자극적이지 않은 색감과 부드러운 조명을 사용하여 시각적인 피로도를 낮추고, 심리적인 안정감을 주는 톤 앤 매너를 유지하고 있습니다.","자연광에 가까운 부드러운 조명을 사용하여 소재의 텍스처를 섬세하게 표현했습니다. 모델의 움직임에 따라 옷에 생기는 자연스러운 주름과 핏을 포착하여, 실제 착용했을 때의 느낌을 현실감 있게 전달하는 촬영 방식을 택했습니다.","미니멀하고 정돈된 실내 공간을 배경으로 하여 요가 수련실의 고요한 분위기를 연출했습니다. 복잡한 소품을 배제하고 요가 매트와 같은 필수적인 요소만 배치함으로써, '수련'이라는 행위와 그에 필요한 '옷'에만 시선이 머물도록 했습니다.","단순히 옷을 보여주기 위한 정적인 포즈를 넘어, 실제 요가 아사나(동작)를 수행하는 모습을 담았습니다. 이는 제품이 격렬한 움직임에도 말려 올라가거나 불편하지 않다는 기능적인 장점을 자연스럽게 어필하는 효과가 있습니다.","블랙, 화이트의 기본 컬러 외에도 핫 퍼지(Hot Fudge), 펜넬 씨드(Fennel Seed), 리드믹 레드(Rythmic Red) 등 자연물에서 영감을 받은 독특한 네이밍의 컬러들이 돋보입니다. 전체적으로 채도가 살짝 빠진 빈티지한 색감들이 조화롭게 어우러져 있습니다.","클래식하고 베이직한 디자인을 바탕으로 소재의 퀄리티와 핏에 집중한 '에센셜 요가웨어' 컨셉입니다. 유행을 타지 않는 타임리스한 디자인에 부디무드라만의 감성적인 컬러를 입혀, 운동복뿐만 아니라 일상복으로도 활용 가능한 범용성을 갖추었습니다.","부디무드라의 'Carrie tank top'은 요가와 일상을 아우르는 편안함과 스타일을 동시에 추구하는 소비자들에게 최적화된 제품입니다. 레이온 91%와 폴리우레탄 9%의 혼방 소재는 피부에 닿는 감촉이 매우 부드럽고 신축성이 뛰어나, 요가와 같은 유연성이 필요한 운동 시 최상의 퍼포먼스를 지원합니다. 특히 복부를 덮는 적당한 기장감과 가슴 라인을 안정적으로 잡아주는 디자인은 노출에 대한 부담을 줄여주어 수련에 온전히 집중할 수 있게 합니다.

이 제품의 가장 큰 매력 중 하나는 부디무드라 특유의 감각적인 컬러 팔레트입니다. 일반적인 스포츠웨어에서 보기 힘든 깊이감 있는 어스(Earth) 톤의 컬러들은 소장 욕구를 자극하며, 리뷰에서도 '깔별로 쟁였다'는 반응이 많을 정도로 색감에 대한 만족도가 높습니다. 브라 패드가 포함되어 있지 않지만 별도의 포켓이 있어 개인의 체형에 맞게 패드를 추가할 수 있는 점도 실용적입니다.

사이즈는 XS부터 L까지 다양하게 구성되어 있으며, 리뷰를 종합해 볼 때 몸에 딱 맞게 입고 싶다면 정사이즈를, 조금 더 편안한 핏을 원한다면 한 사이즈 업하는 것이 좋습니다. 가격대는 65,000원으로 다소 높은 편이지만, 소재의 퀄리티와 브랜드가 주는 감성적인 만족감을 고려할 때 충분히 투자할 가치가 있는 아이템으로 평가됩니다. 요가 수련자뿐만 아니라 편안한 라운지웨어를 찾는 분들에게도 추천할 만한 베스트셀러입니다.",,,,
여성_의류/81_3451446.pdf,[29CM 단독] 솔리드 코어 V넥 니트 6Color,하네 (HANE),여성의류,니트/스웨터,47090,상세 소재 정보 텍스트 없음 (리뷰 및 이미지상 도톰하고 부드러운 니트 소재로 추정),상세 케어 정보 텍스트 없음 (일반적인 니트류 세탁법 권장),"S,M","상세 사이즈 표 텍스트 없음 (리뷰 참조: 160cm/44kg S사이즈 적당, 170cm/60kg M사이즈 잘 맞음 등)","Wine,Gray,Cream,Olive,Adriatic,Navy",차분하고 정적인 미니멀리즘 무드가 강하게 느껴집니다. 화려한 장식보다는 소재의 질감과 색감 자체에 집중하여 감성적이고 세련된 분위기를 자아냅니다.,전체적으로 채도가 낮고 차분한 웜톤과 뉴트럴 톤이 지배적입니다. 특히 메인 컬러인 와인색은 깊이감 있는 버건디 톤으로 표현되어 고급스럽고 따뜻한 인상을 줍니다.,"피사체에 온전히 집중할 수 있도록 옅은 회색빛이 도는 무채색의 단색 배경을 사용했습니다. 공간감이 느껴지지 않는 깔끔한 스튜디오 배경으로, 옷의 실루엣과 컬러를 돋보이게 하는 연출입니다.","모델의 상반신 위주로 촬영된 미디엄 샷과 클로즈업 샷이 주를 이룹니다. 정면을 응시하거나 자연스럽게 서 있는 구도를 통해 옷의 핏과 넥 라인, 소매 디테일을 명확하게 보여줍니다.",긴 웨이브 머리를 자연스럽게 늘어뜨린 여성 모델이 차분하고 무표정한 얼굴로 카메라를 응시합니다. 과한 포즈 없이 자연스럽게 서 있는 자세를 취해 편안하면서도 분위기 있는 '하네'만의 감성을 전달합니다.,적당한 깊이의 V넥 라인과 손목과 허리를 잡아주는 립(Rib) 조직이 돋보이는 니트입니다. 어깨 라인이 자연스럽게 떨어지는 드롭 숄더 디자인과 살짝 볼륨감 있는 소매가 여성스럽고 여유로운 실루엣을 완성합니다.,"'하네(HANE)'는 기본에 충실하면서도 감성적인 컬러감을 중요시하는 컨템포러리 브랜드로 보입니다. 유행을 크게 타지 않는 클래식한 디자인에 브랜드만의 고유한 무드를 더해, 일상에서 편안하게 입을 수 있는 데일리 웨어를 지향하는 것 같습니다.","깊이감 있는 와인 컬러의 V넥 니트를 입은 모델이 차분한 배경에서 서 있는 모습입니다. 군더더기 없는 깔끔한 디자인과 도톰한 니트의 질감이 잘 드러나며, 감성적인 가을/겨울 룩을 제안합니다.","전체적으로 차분하고 서정적인 '어텀(Autumn) 무드'와 '미니멀리즘'이 조화를 이루고 있습니다. 쨍한 원색보다는 와인, 올리브, 그레이 등 깊이 있고 부드러운 색감을 사용하여 안정감 있고 고급스러운 분위기를 연출합니다.",부드러운 확산광을 사용하여 그림자를 최소화하고 니트의 포근한 질감을 강조했습니다. 일부 컷에서는 의도적인 블러(Blur) 효과나 흔들림을 주어 몽환적이고 감성적인 느낌을 더하는 기법을 사용했습니다.,장식적인 요소가 완전히 배제된 깨끗한 그레이 톤의 스튜디오 배경을 활용했습니다. 이는 '솔리드 코어'라는 제품명처럼 옷의 본질적인 색감과 형태에만 시선이 머물도록 의도한 미니멀한 배경 연출입니다.,"모델은 역동적인 움직임보다는 정적이고 절제된 포즈를 취하고 있습니다. 양팔을 자연스럽게 내리거나 주머니에 손을 넣는 등 일상적인 제스처를 통해 편안한 착용감을 시각적으로 전달하며, 무심한 듯 시크한 표정이 특징입니다.","메인인 딥 와인(Deep Wine) 컬러를 중심으로 베이지, 그레이 등 뉴트럴 컬러가 받쳐주는 구성입니다. 우측 상단 컬러칩을 통해 네이비, 블루, 크림, 올리브 등 차분하면서도 포인트가 되는 6가지 색상 구성을 확인할 수 있습니다.","'솔리드 코어(Solid Core)'라는 이름에서 알 수 있듯이, 유행을 타지 않는 기본에 충실한 디자인을 추구합니다. 적당한 파임의 V넥은 단독 착용이나 레이어드에 모두 용이하며, 소매와 밑단의 시보리를 넓게 잡아 안정적인 실루엣을 만들어내는 것이 핵심 컨셉입니다.","이 상품은 29CM 단독으로 출시된 하네(HANE)의 '솔리드 코어 V넥 니트'로, 가을과 겨울철 데일리 아이템으로 활용도가 매우 높은 제품입니다. 특히 리뷰에서 가장 많이 언급되는 '와인' 컬러는 붉은 기가 과하지 않은 깊은 포도색 또는 버건디 컬러로, 얼굴 톤을 차분하게 밝혀주며 고급스러운 분위기를 자아냅니다. 전체적인 디자인은 베이직한 V넥 스타일이지만, 소매의 볼륨감과 짱짱한 시보리 디테일이 더해져 단순함을 피하고 여성스러운 실루엣을 살렸습니다.

소재 측면에서는 도톰하고 탄탄한 조직감이 특징이며, 맨살에 입어도 까슬거리지 않을 정도로 부드럽다는 평이 많습니다. 두께감이 있어 보온성이 뛰어나며, 흐물거리지 않고 핏이 딱 잡히는 스타일이라 체형 보정 효과도 기대할 수 있습니다. 사이즈는 S와 M 두 가지로 구성되어 있으며, 정사이즈 혹은 약간 여유 있는 핏으로 출시되어 편안하게 착용 가능합니다.

가격대는 정가 9만원대에서 할인가 4만원대로 형성되어 있어, 소재와 디자인 퀄리티 대비 가성비가 훌륭한 편입니다. 미니멀하고 감성적인 룩을 선호하는 2030 여성들에게 적합하며, 슬랙스나 데님, 스커트 등 다양한 하의와 매치하기 쉬워 실용적인 구매가 될 것입니다. 특히 29CM 단독 컬러 구성과 높은 할인율은 구매를 결정짓는 매력적인 포인트입니다.",,,,
여성_의류/82_2791806.pdf,캐시미어 발마칸 핸드메이드 코트_2colors,오스트카카 (OSTKAKA),여성_의류,롱코트,255360,"캐시미어, 울 (울 리치 블렌드, 울마크 인증)",울 및 캐시미어 혼방 소재이므로 형태 변형 방지와 소재 보호를 위해 드라이클리닝을 권장합니다.,Free,"상세 사이즈 표가 텍스트에 명시되지 않았으나, 리뷰에 따르면 160cm 기준 종아리 중간에서 발목 위까지 오는 롱 기장이며 품이 넉넉한 오버핏입니다.","CAMEL,NAVY",빈티지하면서도 내추럴한 감성이 돋보이는 미니멀 룩북 스타일입니다. 차분하고 정적인 분위기 속에서 핸드메이드 코트 특유의 고급스러운 소재감을 강조하는 연출을 보여줍니다.,"전체적으로 웜톤의 베이지와 브라운 계열이 지배적이며, 따뜻하고 부드러운 인상을 줍니다. 빛바랜 듯한 배경과 어우러져 아날로그 필름 사진 같은 감성을 자아냅니다.",질감이 살아있는 거친 콘크리트 벽면과 낡은 목재 가구를 배치하여 빈티지한 아틀리에 같은 공간을 연출했습니다. 이러한 배경은 코트의 클래식한 디자인과 자연스러운 멋을 부각시킵니다.,모델의 상반신 위주 클로즈업과 무릎 위까지 보여주는 미디엄 샷을 사용하여 코트의 카라 디테일과 어깨 라인을 강조했습니다. 인물을 중앙에 배치하거나 가구와 함께 자연스럽게 어우러지게 하여 라이프스타일 화보 같은 느낌을 줍니다.,"단발머리의 여성 모델이 차분하고 지적인 이미지를 풍기며, 과한 포즈 없이 자연스럽게 서 있거나 어딘가를 응시하는 모습입니다. 화려한 메이크업보다는 수수한 스타일링으로 옷 자체의 담백한 매력을 살리고 있습니다.","래글런 소매로 떨어지는 둥근 어깨 라인과 히든 버튼 혹은 미니멀한 단추 디테일이 돋보이는 발마칸 스타일의 코트입니다. 핸드메이드 봉제 특유의 고급스러운 마감 처리가 보이며, 카라를 세우거나 눕혀 다양한 스타일링이 가능해 보입니다.","오스트카카는 트렌디함보다는 시간이 지나도 변치 않는 클래식하고 절제된 미학을 추구하는 브랜드로 보입니다. 고품질의 소재(울마크, 캐시미어)를 강조하며, 감성적인 비주얼을 통해 차분하고 세련된 라이프스타일을 제안합니다.","빈티지한 공간에서 촬영된 따뜻한 색감의 룩북으로, 캐시미어 혼방 소재의 부드러움과 발마칸 코트의 클래식한 실루엣을 감성적으로 담아냈습니다. 모델의 자연스러운 모습과 목재 가구의 조화가 편안하면서도 고급스러운 분위기를 전달합니다.","전체적으로 채도가 낮고 따뜻한 어스 컬러(Earth Color) 톤이 주를 이루며, 차분하고 서정적인 무드를 형성합니다. 화려함보다는 소박하면서도 깊이 있는 고급스러움을 지향하는 '콰이어트 럭셔리'나 '내추럴 빈티지' 감성에 가깝습니다.","자연광을 활용한 듯한 부드러운 조명을 사용하여 그림자를 강하게 만들지 않고 은은하게 피사체를 비추고 있습니다. 텍스처가 있는 배경을 아웃포커싱하지 않고 함께 담아내어 공간감을 살리면서도, 인물에게 시선이 집중되도록 구도를 잡았습니다.",세월의 흔적이 느껴지는 페인트가 벗겨진 벽과 앤티크한 우드 가구가 있는 실내 공간을 배경으로 설정했습니다. 이는 핸드메이드 코트가 주는 아날로그적이고 따뜻한 감성과 완벽하게 매치되어 제품의 서사를 풍부하게 만듭니다.,"모델은 역동적인 움직임보다는 정적이고 편안한 자세를 취하고 있으며, 주머니에 손을 넣거나 가방을 가볍게 든 자연스러운 포즈를 보여줍니다. 시선을 카메라 정면이 아닌 측면이나 아래로 두어 사색에 잠긴 듯한 분위기를 연출하여 옷의 무드에 집중하게 합니다.","코트의 메인 컬러인 카멜(Camel)과 베이지(Beige)를 중심으로, 이너웨어의 다크 브라운, 배경의 회색빛 도는 화이트와 우드 브라운이 조화를 이룹니다. 전체적으로 톤온톤(Tone-on-Tone) 배색을 사용하여 안정감 있고 세련된 컬러 팔레트를 구성했습니다.","클래식한 발마칸 코트의 원형을 유지하면서도 현대적인 감각으로 재해석한 미니멀리즘 디자인입니다. 불필요한 장식을 배제하고 소재의 퀄리티와 실루엣에 집중하였으며, 넉넉한 핏으로 편안함과 스타일을 동시에 추구하는 '에포트리스 시크' 컨셉을 보여줍니다.","오스트카카의 캐시미어 발마칸 핸드메이드 코트는 울마크 인증을 받은 울 리치 블렌드와 캐시미어 소재를 사용하여 보온성과 가벼운 착용감을 동시에 잡은 제품입니다. 클래식한 래글런 소매 디자인으로 어깨 라인이 자연스럽게 떨어지며, 넉넉한 오버핏 실루엣 덕분에 두꺼운 이너를 입어도 활동성이 좋습니다. 룩북 이미지는 빈티지하고 내추럴한 무드를 통해 제품의 고급스러운 소재감과 차분한 감성을 효과적으로 전달하고 있습니다.

실제 구매 고객들의 리뷰를 분석해보면, 가장 큰 장점은 '가벼움'과 '보온성'입니다. 핸드메이드 코트 특유의 유연함과 부드러운 터치감에 대한 만족도가 높으며, 160cm 초반대 고객들에게는 종아리를 덮는 롱한 기장감으로 멋스러운 연출이 가능하다는 평이 많습니다. 다만, 체구가 매우 작은 고객에게는 품이 다소 클 수 있다는 의견도 있어 평소 오버핏을 선호하는지 고려할 필요가 있습니다.

색상은 카멜과 네이비 두 가지로 구성되어 있으며, 네이비의 경우 블랙에 가까운 짙은 컬러로 고급스럽다는 평이 있습니다. 유행을 타지 않는 베이직한 디자인에 좋은 소재를 사용한 코트로, 데일리 아우터로서 활용도가 매우 높습니다. 합리적인 가격대에 퀄리티 높은 핸드메이드 코트를 찾는 2030 여성들에게 특히 추천할 만한 아이템입니다.",,,,
여성_의류/83_2904994.pdf,[8차 리오더] Heavy Mix Fur Jacket (Ivory),시눈 (SINOON),여성의류_아우터,퍼 재킷,308000,"에코 퍼 (Eco Fur), 폴리에스터 혼방 (상세 혼용률 텍스트 부재, 제품명 및 리뷰의 '에코퍼' 참조)","드라이클리닝 권장 (퍼 소재 특성상 물세탁 불가, 상세 텍스트 부재로 일반적인 퍼 관리법 기재)",FREE,"상세 사이즈 표 텍스트 없음 (리뷰 참조: 155cm~169cm 다양한 체형이 착용, 엉덩이를 덮는 기장감)",IVORY,"빈티지하면서도 로맨틱한 무드가 강하게 느껴집니다. 따뜻하고 포근한 겨울 감성을 베이스로 하여, 사랑스럽고 소녀스러운 분위기를 자아냅니다.","따뜻한 웜톤의 아이보리 및 크림 색상이 주를 이룹니다. 차가운 화이트가 아닌, 은은한 브라운 톤이 섞인 듯한 부드러운 색감으로 포근한 인상을 줍니다.",제품의 텍스처와 색감을 돋보이게 하기 위해 깔끔한 스튜디오 배경이나 따뜻한 자연광이 들어오는 실내 공간으로 연출되었을 것입니다. 배경은 인물을 방해하지 않는 차분한 톤으로 설정되어 있습니다.,제품의 풍성한 털 질감을 보여주는 클로즈업 샷과 전체적인 핏을 보여주는 전신 샷이 조화롭게 구성되어 있습니다. 모델이 자연스럽게 움직이거나 주머니에 손을 넣는 등의 라이프스타일 컷도 포함되어 있을 것입니다.,"시눈 브랜드 특유의 자연스럽고 몽환적인 분위기를 가진 모델이 착용했을 것입니다. 과한 포즈보다는 편안하고 사랑스러운 느낌을 강조하며, 퍼 재킷의 부피감을 부담스럽지 않게 소화하는 모습을 보여줍니다.","풍성하고 밀도 높은 '헤비 믹스 퍼' 텍스처가 가장 큰 시각적 특징입니다. 일반적인 단색 퍼가 아니라 깊이감 있는 아이보리 컬러로 고급스러움을 더했으며, 부해 보이지 않도록 핏을 조절한 디자인이 돋보입니다.","시눈은 빈티지한 감성을 현대적으로 재해석하여 2030 여성들에게 강력한 팬덤을 보유한 브랜드입니다. 8차 리오더가 진행될 만큼 트렌디하면서도 소장 가치가 있는 디자인을 선보이며, '사랑스러움'을 대표하는 브랜드로 포지셔닝하고 있습니다.",풍성한 텍스처와 따뜻한 아이보리 컬러가 돋보이는 에코 퍼 재킷 이미지입니다. 빈티지하고 로맨틱한 겨울 룩을 완성시켜주는 아이템으로 묘사됩니다.,"전체적으로 따스하고 몽글몽글한 '소프트 웜(Soft Warm)' 톤이 지배적입니다. 겨울의 차가운 공기와 대비되는 포근한 온기를 시각화하였으며, 빈티지한 필름 카메라 감성의 부드러운 무드가 느껴집니다. 과하게 화려하기보다는 은은하고 감성적인 분위기를 연출합니다.","퍼(Fur) 소재의 결을 생생하게 살리기 위해 부드러운 조명을 사용하여 털의 질감을 입체적으로 표현했습니다. 빛 반사를 적절히 활용하여 아이보리 컬러가 밋밋해 보이지 않게 촬영했으며, 모델의 감성적인 표정과 제품의 디테일을 놓치지 않는 앵글을 사용했습니다.","룩북은 차가운 겨울 야외보다는 아늑한 실내나 따뜻한 색감의 배경지 앞에서 촬영되었을 가능성이 높습니다. 이는 제품이 주는 '보온성'과 '안락함'을 시각적으로 연결하기 위함이며, 미니멀하면서도 감성적인 소품을 활용해 브랜드의 아이덴티티를 강조합니다.","모델은 정적인 차렷 자세보다는 살짝 몸을 틀거나 어깨를 움츠리는 등 자연스러운 움직임을 통해 옷의 유연함을 보여줍니다. 턱을 괴거나 옷깃을 잡는 등의 제스처를 통해 소녀스럽고 귀여운 매력을 발산하며, 옷이 몸을 포근하게 감싸는 느낌을 강조합니다.","메인 컬러는 '크리미 아이보리(Creamy Ivory)'이며, 여기에 옅은 베이지와 샌드 브라운이 미세하게 섞여 깊이감을 줍니다. 전체적으로 저채도의 뉴트럴 컬러 팔레트를 사용하여 어떤 이너와도 잘 어울리는 편안한 색감을 구성하고 있습니다.","이 제품은 '빈티지 퍼 코트'의 감성을 에코 퍼로 재현하되, 현대적인 핏으로 웨어러블하게 풀어낸 것이 핵심 컨셉입니다. 'Heavy Mix'라는 명칭에서 알 수 있듯, 털의 밀도와 믹스된 컬러감을 통해 리얼 퍼 못지않은 퀄리티를 추구했습니다. 특히 퍼 재킷의 단점인 '부해 보임'을 최소화하여 귀여우면서도 슬림한 실루엣을 연출하도록 디자인되었습니다.","이 상품은 시눈(SINOON)의 스테디셀러인 'Heavy Mix Fur Jacket'으로, 무려 8차 리오더까지 진행될 정도로 폭발적인 인기를 끌고 있는 겨울 아우터입니다. 가장 큰 특징은 '에코 퍼'임에도 불구하고 저렴해 보이지 않는 고급스러운 텍스처와 색감입니다. 리뷰에 따르면 단순한 흰색이 아니라 차분한 브라운 톤이 감도는 아이보리 컬러라 더욱 분위기 있고 빈티지한 매력을 줍니다. 털 빠짐이 적고 터치감이 부드러워 만족도가 매우 높습니다.

핏과 사이즈 측면에서는 '프리 사이즈'로 출시되었으며, 155cm부터 169cm까지 다양한 신장의 구매자들이 착용하고 있습니다. 많은 리뷰어들이 '퍼 재킷 특유의 덩치 커 보이는 현상(부함)이 덜하다'는 점을 최고의 장점으로 꼽습니다. 적당한 기장감으로 치마나 바지 어디에나 잘 어울리며, 한겨울 한파에도 입을 수 있을 만큼 보온성이 뛰어나다는 평가가 지배적입니다.

다만, 구매 시 고려해야 할 몇 가지 포인트도 존재합니다. 여밈 방식이 고리(Hook) 형태라 처음에는 끼우기 어렵다는 의견이 있으며, 목 부분이 피부에 직접 닿을 때 예민한 사람은 약간의 간지러움을 느낄 수 있어 터틀넥 착용을 권장하는 후기도 있습니다. 하지만 이러한 사소한 단점을 상쇄할 만큼 디자인과 색감이 예뻐서 '사진보다 실물이 더 예쁘다', '고민은 배송만 늦출 뿐'이라는 극찬이 이어지고 있습니다.

결론적으로 이 재킷은 트렌디한 디자인과 실용적인 보온성을 모두 갖춘 겨울철 필수 아이템입니다. 사랑스럽고 빈티지한 무드를 선호하는 2030 여성들에게 강력히 추천하며, 데이트 룩이나 연말 모임 룩으로 활용하기에 제격입니다. 높은 가격대임에도 불구하고 퀄리티와 디자인 만족도가 높아 소장 가치가 충분한 제품입니다.",,,,
여성_의류/84_3599048.pdf,[가혜 PICK] wool double-breasted coat (deep charcoal),르 (LE),여성의류 > 아우터 > 롱코트,롱코트,172210,"shell : wool 100%, lining : polyester 100%",dry clean only / 반드시 세탁 전문전에서 드라이크리닝,Free,"어깨 50cm , 가슴 59cm , 암홀 27cm , 소매기장 60cm , 소매너비 16.5cm , 밑단너비 65.5cm , 총기장 115.5cm",DEEP CHARCOAL,"전반적으로 미니멀하고 시크한 도시적인 분위기를 자아냅니다. 스튜디오 컷은 정제되고 차분한 느낌을 주며, 야외 컷은 자연스러운 일상 속의 세련됨을 강조합니다.","딥 차콜이라는 제품 색상에 맞춰 전체적으로 채도가 낮고 차분한 쿨톤과 무채색 계열이 주를 이룹니다. 그레이, 블랙, 화이트 톤이 조화롭게 어우러져 고급스러운 인상을 줍니다.",스튜디오 촬영은 군더더기 없는 밝은 그레이 톤의 단색 배경을 사용하여 제품의 실루엣에 집중하게 합니다. 반면 야외 컷은 유럽의 거리나 공원을 연상시키는 돌바닥과 벤치를 배경으로 하여 계절감과 라이프스타일을 보여줍니다.,"모델의 전신을 담아 코트의 긴 기장감과 전체적인 핏을 확인할 수 있는 풀샷 위주로 구성되어 있습니다. 정면과 측면, 그리고 앉아 있는 포즈 등을 다양하게 배치하여 활동성과 핏의 변화를 보여줍니다.",스튜디오 모델은 무심한 듯 시크한 표정과 포즈로 모던한 감성을 표현하고 있습니다. 반면 야외 컷의 모델(윤가혜)은 벤치에 앉아 다리를 꼬고 미소를 짓는 등 좀 더 자연스럽고 친근하면서도 스타일리시한 인플루언서의 면모를 보여줍니다.,"무릎을 덮는 맥시한 기장감과 더블 브레스티드 버튼 디테일이 클래식한 멋을 줍니다. 어깨 패드가 있어 구조적인 실루엣을 유지하며, 울 100% 소재 특유의 부드러운 텍스처와 고급스러운 광택감이 시각적으로 느껴집니다.","'르(LE)'는 트렌디하면서도 기본에 충실한 미니멀리즘을 지향하는 브랜드로 보입니다. 과한 장식보다는 좋은 소재와 핏에 집중하여, 시간이 지나도 입을 수 있는 '타임리스 클래식'을 제안하는 포지셔닝을 취하고 있습니다.","딥 차콜 컬러의 롱 코트를 입은 모델이 스튜디오와 야외에서 각각 다른 매력을 발산하고 있습니다. 미니멀한 배경에서는 코트의 구조적인 핏을, 야외 배경에서는 겨울철 데일리 룩으로서의 활용도를 강조합니다.","전체적으로 차분하고 도시적인 '어반 시크(Urban Chic)' 무드가 지배적입니다. 채도가 낮은 모노톤의 색감 배치는 세련되고 지적인 이미지를 전달하며, 겨울철의 차가운 공기와 잘 어울리는 무게감 있는 분위기를 형성합니다.","스튜디오 컷은 부드러운 확산광을 사용하여 그림자를 최소화하고 옷의 디테일과 질감을 명확하게 보여줍니다. 야외 스냅 컷은 자연광 아래에서 촬영되어 실제 착용했을 때의 색감과 분위기를 리얼하게 전달하며, 인물 중심의 구도로 트렌디함을 더했습니다.",스튜디오 배경은 미니멀리즘을 극대화하기 위해 장식을 배제한 심플한 공간으로 연출되었습니다. 야외 배경은 낙엽이 떨어진 돌바닥과 나무 벤치 등을 통해 늦가을에서 겨울로 넘어가는 계절의 정취와 낭만적인 분위기를 담아냈습니다.,서 있을 때는 주머니에 손을 넣거나 자연스럽게 팔을 늘어뜨려 코트의 툭 떨어지는 H라인 핏을 강조했습니다. 앉아 있는 포즈에서는 다리를 꼬거나 상체를 살짝 기울여 코트의 활동성과 구겨짐이 자연스러운 멋으로 승화되는 모습을 보여줍니다.,"메인 컬러인 딥 차콜(Deep Charcoal)을 중심으로 블랙, 그레이, 화이트가 서브 컬러로 사용되었습니다. 이러한 무채색 조합은 시각적인 안정감을 주며, 어떤 이너웨어와도 매치하기 쉬운 범용성을 시각적으로 증명합니다.","클래식한 피크드 칼라와 더블 버튼 디자인을 현대적인 오버핏 실루엣으로 재해석했습니다. 남성복에서 볼 수 있는 견고한 테일러링 요소를 여성복에 적용하여 '매니시(Mannish)'하면서도 세련된 느낌을 주며, 맥시한 기장은 보온성과 스타일을 동시에 잡으려는 의도가 엿보입니다.","이 제품은 르(LE) 브랜드의 시그니처 감성이 돋보이는 울 100% 더블 브레스티드 코트입니다. 가장 큰 특징은 군더더기 없이 떨어지는 맥시한 기장감과 어깨 패드를 활용한 구조적인 실루엣으로, 클래식함과 트렌디함을 동시에 갖추고 있습니다. 딥 차콜 컬러는 블랙보다 부드러우면서도 깊이감이 있어 다양한 겨울철 이너웨어와 손쉽게 매치할 수 있는 장점이 있습니다.

타겟층은 유행을 타지 않는 고품질의 아우터를 찾는 20대 후반에서 30대 여성으로 보입니다. 특히 오피스 룩부터 주말의 캐주얼한 데이트 룩까지 폭넓게 활용 가능한 아우터를 선호하는 고객에게 적합합니다. 리뷰를 살펴보면 '생각보다 가볍다'는 의견과 '무게감이 있다'는 의견이 공존하지만, 울 100% 소재가 주는 보온성과 고급스러운 핏에 대한 만족도는 전반적으로 높습니다.

구매 포인트는 현재 60% 이상의 높은 할인율이 적용되어 합리적인 가격에 울 100% 코트를 소장할 수 있다는 점입니다. 또한, 인플루언서 윤가혜의 픽(PICK)으로 소개된 만큼 스타일링에 대한 신뢰도가 높으며, 스니커즈나 부츠 등 다양한 신발과 매치하여 여러 가지 무드를 연출할 수 있는 활용도 높은 아이템입니다. 다만, 오버핏과 긴 기장으로 인해 키가 작은 체형의 경우 상세 사이즈를 꼼꼼히 확인하는 것이 좋습니다.",,,,
여성_의류/85_2986530.pdf,[29CM 단독] (uni)미드나잇인파리 스트라이프 파자마 블루아워,비비홈 (VIVIHOME),남성의류_홈웨어,파자마 세트,64500,60수 고밀도 면 100%,"상세 페이지에 명시되지 않았으나, 100% 면 소재 특성상 미온수 세탁 및 자연 건조를 권장하며 건조기 사용 시 수축에 주의해야 합니다.","M,L","상세 사이즈 표는 텍스트에 없으나, 리뷰 및 옵션 정보에 따르면 M, L 사이즈가 존재합니다. 리뷰에서는 '여유로운 핏', '크게 입으려면 L' 등의 언급이 있어 넉넉하게 제작된 것으로 보입니다.",블루아워,전반적으로 아늑하고 로맨틱한 '프렌치 시크' 무드를 지향하고 있습니다. 파리의 밤이나 나른한 주말 아침을 연상시키는 편안하면서도 감성적인 분위기가 특징입니다.,따뜻한 웜톤의 조명과 자연광이 어우러져 부드럽고 포근한 인상을 줍니다. 채도가 높지 않은 차분한 블루와 크림색이 주를 이루어 눈이 편안한 색감을 보여줍니다.,빈티지한 욕실의 거울 앞이나 화이트 침구가 깔린 침실 등 실제 집과 같은 공간을 배경으로 사용했습니다. 이는 '홈웨어'라는 제품의 본질을 강조하면서도 스타일리시한 라이프스타일을 연출하려는 의도입니다.,모델이 거울을 보며 찍은 셀피 구도와 침대 위에서 자연스럽게 활동하는 라이프스타일 컷이 혼합되어 있습니다. 특히 커플이 함께 있는 구도를 통해 유니섹스 제품임과 커플 아이템으로서의 활용도를 강조합니다.,모델들은 꾸미지 않은 듯한 자연스러운 헤어스타일과 편안한 표정으로 제품을 착용하고 있습니다. 침대에서 음료를 마시거나 양치를 하는 등 일상적인 행동을 연출하여 옷의 편안함을 시각적으로 전달합니다.,클래식한 카라 디자인과 가슴 포켓이 있는 셔츠형 파자마 세트입니다. 크림색 바탕에 차분한 블루 톤의 스트라이프 패턴이 들어가 있어 세련되면서도 질리지 않는 디자인을 보여줍니다.,"비비홈은 단순한 잠옷이 아닌, 일상의 휴식을 특별하게 만드는 라이프스타일 브랜드를 지향하는 것으로 보입니다. '미드나잇 인 파리'와 같은 감성적인 스토리텔링과 고밀도 면 소재를 강조하여 품질과 감성을 동시에 잡으려는 포지셔닝을 취하고 있습니다.",파리의 감성을 담은 스트라이프 패턴의 파자마를 입고 휴식을 취하는 모델들의 모습을 담았습니다. 따뜻하고 빈티지한 공간에서 촬영되어 제품의 아늑함과 세련된 디자인을 동시에 보여줍니다.,"전체적인 톤 앤 무드는 '빈티지', '코지(Cozy)', '로맨틱'으로 요약할 수 있습니다. 따뜻한 아이보리 빛이 감도는 색감과 자연스러운 생활감이 묻어나는 연출을 통해 편안하면서도 감각적인 분위기를 자아냅니다.",인위적인 스튜디오 조명보다는 자연광이나 은은한 실내 조명을 활용하여 부드러운 질감을 표현했습니다. 거울 셀카나 클로즈업 샷을 통해 소재의 바스락거리는 느낌과 핏을 소비자가 직관적으로 느낄 수 있도록 촬영되었습니다.,"유럽의 가정집이나 부티크 호텔을 연상시키는 인테리어가 배경이 되어 '파리'라는 컨셉을 시각적으로 뒷받침합니다. 골드 톤의 소품이나 화이트 도어, 침구 등이 어우러져 고급스럽고 차분한 무드를 형성합니다.",정형화된 패션 모델 포즈보다는 침대에 걸터앉거나 서로 마주 보는 등 자연스러운 생활 연기를 보여줍니다. 이는 잠옷이라는 제품 특성상 활동성과 착용감을 강조하기 위한 포즈 설정으로 보입니다.,"제품의 핵심 컬러인 '블루아워(차분한 블루)'와 베이스인 '크림/아이보리'가 주를 이룹니다. 배경에는 웜 그레이, 베이지, 우드 톤이 사용되어 전체적으로 따뜻하고 안정감 있는 컬러 팔레트를 구성합니다.","'미드나잇 인 파리'라는 컬렉션 명칭에서 알 수 있듯이, 파리의 밤이 주는 낭만적이고 우아한 감성을 디자인에 녹여냈습니다. 유행을 타지 않는 클래식한 스트라이프 패턴에 여유로운 실루엣을 더해, 집에서도 스타일을 잃지 않는 프렌치 감성의 홈웨어를 제안합니다.","이 상품은 비비홈의 '미드나잇 인 파리' 컬렉션으로 출시된 스트라이프 파자마 세트로, 29CM 단독 판매 상품입니다. 60수 고밀도 면 100% 소재를 사용하여 피부에 닿는 촉감이 부드러우면서도 기분 좋은 바스락거림을 주는 것이 가장 큰 특징입니다. 리뷰에 따르면 소재의 퀄리티에 대한 만족도가 매우 높으며, 사계절 내내 입기 좋은 두께감이라는 평이 많습니다.

디자인적으로는 클래식한 스트라이프 패턴과 차분한 블루 컬러가 어우러져 남녀 모두에게 잘 어울리는 유니섹스 스타일입니다. 이로 인해 커플 잠옷이나 신혼부부 선물용으로 인기가 높으며, 넉넉하고 여유로운 핏으로 제작되어 수면 시 움직임이 편안하다는 장점이 있습니다. 사이즈는 M, L로 구성되어 있어 체형에 맞게 선택할 수 있으나, 리뷰상 사이즈가 다소 넉넉하게 나왔다는 의견이 있으므로 상세 사이즈 확인이 필요합니다.

브랜드가 추구하는 '프렌치 감성'과 '우아한 휴식'이라는 컨셉이 제품 사진과 설명에 잘 녹아있어 감성적인 홈웨어를 찾는 소비자들에게 매력적으로 다가갑니다. 특히 집에서의 시간도 소중하게 생각하는 2030 세대나, 인테리어와 조화되는 예쁜 홈웨어를 찾는 분들에게 추천할 만한 제품입니다. 가격대는 정가 71,000원에서 할인된 6만원대 중반으로, 소재와 디자인 퀄리티를 고려할 때 합리적인 선물 아이템으로도 적합해 보입니다.",,,,
여성_의류/86_3630644.pdf,Button point top - Ivory,비뮤즈맨션 (BEMUSE MANSION),여성_의류,니트/탑,43520,"니트 소재 (상세 혼용률 미기재, 리뷰 상 부드럽고 보풀이 일어날 수 있는 소재로 언급됨)",상세 페이지 내 미기재 (니트 소재 특성상 드라이클리닝 권장),Free,상세 사이즈 표 텍스트 없음 (리뷰 및 Q&A 참조 시 Free 사이즈 단일 구성),IVORY,"전반적으로 차분하고 서정적인 분위기를 자아내며, 빈티지하면서도 페미닌한 감성이 돋보입니다. 따뜻한 조명과 자연스러운 연출을 통해 편안하고 감성적인 라이프스타일을 제안하는 듯한 느낌을 줍니다.","따뜻한 웜톤(Warm Tone) 계열의 아이보리와 베이지, 브라운 색상이 주를 이룹니다. 채도가 낮고 부드러운 색감을 사용하여 눈이 편안하며, 아늑하고 포근한 인상을 전달합니다.",배경은 주로 따뜻한 베이지색 벽이나 은은한 실내 공간으로 연출되어 있습니다. 튀지 않는 무채색 및 어스 컬러(Earth color) 배경을 사용하여 아이보리 색상의 제품이 자연스럽게 돋보이도록 의도했습니다.,"모델의 상반신을 중심으로 한 클로즈업 샷과 허벅지 라인까지 보여주는 미디엄 샷으로 구성되어 있습니다. 정면뿐만 아니라 측면, 기대어 있는 포즈 등을 통해 옷의 핏과 단추 디테일을 다각도에서 보여줍니다.","모델은 자연스러운 웨이브 헤어와 옅은 메이크업으로 꾸미지 않은 듯한 수수한 매력을 보여줍니다. 카메라를 응시하거나 먼 곳을 바라보는 시선 처리가 차분하며, 브랜드가 추구하는 내추럴한 무드를 잘 소화하고 있습니다.","라운드 넥 라인을 따라 내려오는 콩단추(싸개단추) 디테일과 루프 잠금 방식이 가장 큰 디자인적 특징입니다. 소재는 약간의 헤어리한 텍스처가 느껴지는 니트 원단으로 보이며, 가슴 부분에 절개 라인이 있어 밋밋하지 않은 포인트를 줍니다.","비뮤즈맨션은 트렌디함보다는 브랜드 고유의 서정적이고 빈티지한 무드를 중시하는 것으로 보입니다. 일상 속에서 편안하게 입을 수 있으면서도 여성스러운 디테일을 놓치지 않는 디자인을 선보이며, 감성적인 비주얼 스토리텔링에 강점이 있습니다.","따뜻한 아이보리 컬러의 니트 탑을 입은 모델이 차분한 배경에서 포즈를 취하고 있습니다. 전면의 유니크한 단추 디테일과 부드러운 소재감이 돋보이며, 전체적으로 감성적이고 페미닌한 룩북 이미지를 연출합니다.","전체적인 톤 앤 무드는 '소프트 빈티지'와 '코지 내추럴'로 정의할 수 있습니다. 빛바랜 듯한 따뜻한 색감의 필터를 씌운 듯한 연출이 돋보이며, 이는 제품의 포근한 니트 소재와 어우러져 감성적인 깊이를 더해줍니다.",부드러운 확산광을 사용하여 그림자를 최소화하고 인물의 피부 톤과 옷의 질감을 부드럽게 표현했습니다. 심도(Depth of field)를 얕게 조절하여 배경을 흐릿하게 처리함으로써 피사체인 모델과 옷에 시선이 집중되도록 촬영되었습니다.,"촬영 배경은 스튜디오 내부에 마련된 빈티지한 가정집이나 카페 같은 공간을 연상시킵니다. 베이지 톤의 벽과 흐릿하게 보이는 가구, 꽃병 등의 소품이 어우러져 정적이고 아늑한 실내 분위기를 조성합니다.","모델은 경직된 자세보다는 벽에 기대거나 팔을 자연스럽게 내리는 등 편안한 포즈를 취하고 있습니다. 이러한 포즈는 옷의 착용감이 편안함을 암시하며, 일상생활 속 자연스러운 순간을 포착한 듯한 느낌을 줍니다.","주요 컬러는 제품의 '아이보리(Ivory)', 스타일링 된 하의의 '브라운(Brown)', 그리고 배경의 '베이지(Beige)'입니다. 전체적으로 톤 온 톤(Tone on Tone) 배색을 사용하여 안정감 있고 고급스러운 컬러 팔레트를 구성하고 있습니다.","이 제품은 기본 티셔츠와 블라우스의 경계에 있는 디자인으로, '꾸안꾸(꾸민 듯 안 꾸민 듯)' 룩에 적합합니다. 넥 라인의 버튼 포인트는 자칫 평범할 수 있는 아이보리 탑에 로맨틱한 요소를 더해주며, 슬림하면서도 너무 타이트하지 않은 핏은 여성스러운 실루엣을 강조합니다.","비뮤즈맨션의 'Button point top - Ivory'는 데일리하게 착용하기 좋으면서도 확실한 포인트가 있는 상의를 찾는 고객에게 적합한 제품입니다. 전면부의 촘촘한 단추 디테일과 부드러운 아이보리 컬러가 어우러져 청순하고 빈티지한 분위기를 연출합니다. 리뷰에 따르면 소재가 부드럽고 따뜻하다는 평이 많으나, 니트 특성상 보풀이 발생할 수 있다는 점은 구매 시 고려해야 할 부분입니다.

사이즈는 Free 사이즈 하나로 출시되었으며, 159cm부터 168cm까지 다양한 체형의 고객들이 '잘 맞아요'라고 평가한 것으로 보아 신축성이 있거나 스탠다드한 핏으로 제작된 것으로 보입니다. 두께감은 아주 두껍지는 않지만 보온성이 있어 간절기 단독 착용이나 겨울철 이너로 활용도가 높습니다. 특히 브라운, 베이지 계열의 하의와 매치했을 때 브랜드 특유의 감성적인 무드가 극대화됩니다.

현재 36% 할인된 가격대인 4만원 중반대에 판매되고 있어 가격 접근성도 좋은 편입니다. 다만 배송이 다소 오래 걸렸다는 일부 리뷰가 있으므로 급하게 필요한 경우 배송 일정을 확인하는 것이 좋습니다. 전체적으로 디자인과 핏에 대한 만족도가 높아, 기본 아이템에 질린 분들에게 추천할 만한 소장 가치 있는 아이템입니다.",,,,
여성_의류/87_3730264.pdf,G GENTLE WIDE LEG PINSTRIPE PANTS (GRAY),GLOWNY,여성_의류,와이드 팬츠,168000,"SHELL: 69% POLYESTER / 29% RAYON / 2% SPANDEX, POCKET LINING: 100% POLYESTER","상세 텍스트에 명시되지 않았으나, 폴리에스터와 레이온 혼방 소재의 특성상 형태 유지와 원단 보호를 위해 드라이클리닝을 권장합니다.","S,M,L","총길이(103.5/105.5/108.0), 허리 너비(35.5/37.5/39.5), 엉덩이 너비(48.5/50.5/52.5), 밑위 너비(29.5/30.5/31.5), 허벅지 너비(31.5/33.0/34.5), 밑단 너비(24.5/25.0/26.0)",GRAY,전반적으로 미니멀하면서도 시크한 'Effortless Chic' 무드를 지향합니다. 군더더기 없는 배경과 모델의 절제된 포즈가 어우러져 세련되고 도시적인 감성을 자아냅니다. 과한 장식 없이 실루엣과 핏에 집중한 모던한 분위기입니다.,차분한 웜톤의 베이지 배경과 대비되는 쿨한 그레이 톤의 팬츠가 조화를 이룹니다. 전체적으로 채도가 낮고 명도가 정돈되어 있어 고급스럽고 안정적인 인상을 줍니다. 자연광에 가까운 부드러운 조명을 사용하여 인위적이지 않은 색감을 보여줍니다.,클래식한 몰딩 장식이 있는 크림색 벽과 헤링본 패턴의 우드 바닥이 배경입니다. 이는 유럽의 아파트나 스튜디오 같은 이국적이면서도 빈티지한 공간감을 연출합니다. 배경이 인물과 옷을 방해하지 않으면서도 브랜드가 추구하는 클래식한 감성을 뒷받침합니다.,모델의 전신을 담은 풀 샷 위주로 구성되어 바지의 전체적인 실루엣과 기장감을 명확히 보여줍니다. 정면 샷과 약간의 측면 앵글을 사용하여 와이드 팬츠의 입체적인 핏을 강조했습니다. 여백을 적절히 두어 시선이 자연스럽게 제품으로 모이도록 유도했습니다.,모델은 선글라스를 착용하고 블랙 슬리브리스 탑을 매치하여 쿨하고 도도한 이미지를 연출했습니다. 과장된 포즈보다는 자연스럽게 서 있거나 주머니에 손을 넣는 등의 제스처로 편안하면서도 멋스러운 태도를 보여줍니다. 마른 체형의 모델이 와이드 팬츠를 착용하여 루즈하고 여유로운 핏감을 극대화했습니다.,"핀스트라이프 패턴이 들어간 차콜 그레이 톤의 와이드 슬랙스로, 세로 선이 다리를 길어 보이게 하는 효과가 있습니다. 허리에서부터 밑단까지 툭 떨어지는 여유로운 실루엣이 특징이며, 포멀함과 캐주얼함을 동시에 갖추고 있습니다. 지퍼와 단추 여밈, 사이드 포켓 등 기본적인 디테일에 충실하여 깔끔한 마감을 보여줍니다.","글로니(GLOWNY)는 클래식한 아이템을 현대적인 감각으로 재해석하여 트렌디하면서도 오래 입을 수 있는 옷을 만드는 브랜드로 보입니다. 'Sharp lines, effortless balance'라는 문구처럼 구조적인 디자인과 편안한 착용감 사이의 균형을 중시하는 것 같습니다. 감각적인 비주얼 디렉팅을 통해 2030 여성들이 선호하는 힙하고 세련된 라이프스타일을 제안합니다.","클래식한 몰딩 배경 앞에서 핀스트라이프 와이드 팬츠를 입은 모델이 시크한 포즈를 취하고 있습니다. 블랙 탑과 선글라스를 매치하여 모던하고 도시적인 룩을 완성했으며, 바지의 길고 여유로운 실루엣이 돋보입니다.","전체적으로 차분하고 정제된 '어반 시크(Urban Chic)'와 '미니멀 클래식'이 공존하는 무드입니다. 베이지와 우드 톤의 따뜻한 배경 속에 무채색(블랙, 그레이) 의상을 배치하여 세련된 대비감을 주었습니다. 이는 오피스룩으로도 손색없으면서 퇴근 후에도 어울리는 쿨한 감성을 전달합니다.",자연광을 모방한 부드러운 확산광을 사용하여 그림자를 최소화하고 옷의 텍스처와 패턴을 부드럽게 표현했습니다. 카메라 앵글은 아이 레벨(Eye-level) 혹은 약간 낮은 앵글에서 촬영하여 모델의 비율을 더욱 좋아 보이게 하고 바지의 기장감을 강조했습니다. 심도 깊은 포커싱으로 배경과 인물 모두 적절히 선명하게 담아냈습니다.,"유럽의 오래된 맨션이나 아틀리에를 연상시키는 웨인스코팅(몰딩) 벽면과 헤링본 바닥이 특징입니다. 이러한 배경은 제품에 클래식하고 고급스러운 깊이감을 더해주며, 단순히 옷을 보여주는 것을 넘어 공간의 분위기까지 소비하게 만듭니다. 빈티지한 건축 요소가 모던한 의상과 어우러져 독특한 분위기를 형성합니다.","모델은 정적인 자세를 유지하되, 골반을 살짝 틀거나 한쪽 다리에 중심을 두어 와이드 팬츠의 흐르는 듯한 핏을 자연스럽게 보여줍니다. 무표정한 얼굴에 선글라스를 착용하여 감정을 절제하고 시크함을 강조했으며, 이는 옷 자체의 실루엣에 집중하게 만드는 효과가 있습니다. 손의 위치를 자연스럽게 두어 'Effortless(애쓰지 않은)' 멋을 표현했습니다.","주요 컬러는 차콜 그레이(Pants), 블랙(Top, Shoes, Sunglasses), 그리고 배경의 크림 베이지와 브라운(Floor)입니다. 전반적으로 채도가 낮은 뉴트럴 컬러와 무채색의 조합으로 구성되어 있어 눈이 편안하고 고급스러운 느낌을 줍니다. 포인트 컬러 없이 톤온톤이나 무채색 대비를 활용하여 미니멀한 감성을 유지합니다.","'Sharp lines, effortless balance'라는 슬로건에서 알 수 있듯이, 날렵한 핀스트라이프 패턴의 시각적 긴장감과 와이드 핏의 여유로움을 조화시킨 디자인입니다. 남성복의 테일러링 요소인 핀스트라이프를 여성복 와이드 팬츠에 적용하여 매니시하면서도 페미닌한 무드를 동시에 연출합니다. 데일리 오피스룩부터 힙한 스트릿 패션까지 아우를 수 있는 범용성 높은 디자인을 의도했습니다.","글로니의 'G GENTLE WIDE LEG PINSTRIPE PANTS'는 클래식한 핀스트라이프 패턴과 트렌디한 와이드 실루엣이 완벽하게 결합된 제품입니다. 폴리에스터와 레이온 혼방 소재를 사용하여 구김이 적고 찰랑거리는 핏을 선사하며, 스판덱스가 함유되어 활동성 또한 뛰어납니다. 세로로 뻗은 스트라이프 패턴은 시각적으로 다리를 길어 보이게 하는 효과를 주어 체형 보완에도 탁월한 아이템입니다.

이 제품의 가장 큰 매력은 'Effortless Chic'라는 브랜드의 지향점을 잘 보여준다는 것입니다. 모델 컷에서 볼 수 있듯이 심플한 블랙 슬리브리스나 기본 티셔츠와 매치하는 것만으로도 충분히 스타일리시한 룩을 완성할 수 있습니다. 격식 있는 오피스룩으로 활용하기에도 손색이 없으며, 스니커즈나 샌들과 매치하여 쿨한 캐주얼룩으로 연출하기에도 좋습니다.

룩북 이미지는 유럽의 빈티지한 공간을 연상시키는 배경에서 촬영되어 제품의 고급스러움을 한층 더해줍니다. 모델의 시크한 스타일링과 절제된 포즈는 이 바지가 가진 모던하고 도시적인 감성을 잘 대변합니다. 168,000원이라는 가격대는 디자이너 브랜드로서의 퀄리티와 감성을 고려했을 때 합리적인 편이며, 유행을 타지 않는 디자인이라 소장 가치가 높습니다.

종합적으로 이 팬츠는 기본에 충실하면서도 감각적인 디테일을 놓치지 않은 웰메이드 슬랙스입니다. 평소 미니멀한 룩을 즐기거나, 출근용과 데일리용으로 모두 활용 가능한 만능 팬츠를 찾는 2030 여성들에게 강력히 추천합니다. 사이즈가 S, M, L로 세분화되어 있고 상세 치수가 명확히 제공되므로 자신의 체형에 맞는 핏을 선택하기 용이합니다.",,,,
여성_의류/88_3718179.pdf,[29CM 단독]Draped String T-shirt SW6SE641_3color,루에브르 (LOEUVRE),여성의류,긴소매 티셔츠,67150,면 (리뷰 참조: 도톰한 면 소재),"상세 페이지에 명시되지 않았으나, 일반적인 면 소재 의류의 특성상 단독 세탁 또는 드라이클리닝을 권장합니다.","S,M","상세 사이즈 표 텍스트 없음 (리뷰 및 옵션 상 S, M 사이즈 존재)","LIGHT GREY,MELANGE GREY,WHITE,BLACK",자연스럽고 차분한 분위기 속에서 세련된 감성을 자아내는 미니멀 무드입니다. 나무 계단과 흰 벽의 조화가 따뜻하면서도 모던한 느낌을 줍니다.,전반적으로 뉴트럴하고 소프트한 톤으로 구성되어 있습니다. 그레이 색상의 상의와 우드 톤의 배경이 어우러져 편안하고 안정적인 시각적 인상을 줍니다.,실내의 나무 계단과 흰색 벽을 배경으로 사용하여 가정집이나 스튜디오 같은 아늑한 공간감을 연출했습니다. 복잡하지 않은 배경은 모델과 제품의 디테일에 집중하게 만듭니다.,"모델의 전신 및 상반신을 포착한 앵글로, 제품의 핏과 전체적인 스타일링을 보여줍니다. 계단의 사선 라인을 활용하여 구도에 깊이감을 더했습니다.",모델은 자연스러운 헤어스타일과 최소한의 메이크업으로 꾸미지 않은 듯한 멋스러움을 연출하고 있습니다. 무심한 듯 시크한 표정과 편안한 포즈는 브랜드가 추구하는 프렌치 시크 감성을 잘 대변합니다.,"기본적인 긴소매 티셔츠에 드레이프 디테일과 허리 스트랩을 더해 유니크한 실루엣을 완성했습니다. 랩 스타일로 교차되는 앞면 디자인이 여성스러운 라인을 강조하며, 허리 끈으로 핏 조절이 가능해 보입니다.",루에브르는 베이직한 아이템에 예술적인 터치를 가미하여 감각적인 데일리룩을 제안하는 브랜드로 보입니다. 과하지 않은 디테일로 고급스러움을 추구하는 2030 여성들을 타겟팅하고 있습니다.,나무 계단을 배경으로 그레이 색상의 드레이프 티셔츠와 와이드 데님 팬츠를 입은 모델이 서 있습니다. 자연광 아래에서 제품의 소재감과 핏이 돋보이는 룩북 이미지입니다.,"전체적으로 차분하고 서정적인 '에포트리스 시크(Effortless Chic)' 무드가 지배적입니다. 따뜻한 우드 톤과 쿨한 그레이/데님 톤이 조화를 이루어, 편안하면서도 감각적인 라이프스타일을 지향하는 브랜드의 정체성을 보여줍니다.",인위적인 조명보다는 자연광을 활용하여 부드러운 그림자와 질감을 표현했습니다. 모델을 정면이나 45도 각도에서 촬영하여 옷의 드레이프 주름과 핏이 왜곡 없이 잘 드러나도록 연출했습니다.,"모던하면서도 빈티지한 느낌을 주는 나무 계단이 있는 실내 공간입니다. 이는 일상적이면서도 감각적인 공간에서의 착용을 암시하며, 옷이 주는 편안함과 스타일리시함을 동시에 강조하는 배경입니다.",모델은 과도한 포즈를 취하기보다 자연스럽게 서 있거나 계단 난간에 기대는 등 정적인 포즈를 취하고 있습니다. 이러한 절제된 포즈는 옷의 흐르는 듯한 실루엣과 드레이프 디테일을 더욱 돋보이게 합니다.,"주요 컬러는 소프트한 그레이(상의)와 미디엄 블루(데님)이며, 배경의 웜 브라운(나무)과 화이트(벽)가 이를 받쳐줍니다. 우측 하단의 컬러 칩을 통해 화이트와 블랙 옵션도 존재함을 알 수 있어 뉴트럴 컬러 중심의 팔레트입니다.","단순한 티셔츠가 아닌, 블라우스의 우아함과 티셔츠의 편안함을 결합한 하이브리드 디자인입니다. 비대칭적인 드레이프와 허리를 감싸는 스트링 디테일은 체형을 보완하면서도 룩에 리듬감을 부여하는 핵심 디자인 요소입니다.","이 상품은 루에브르(LOEUVRE)의 감성이 돋보이는 드레이프 스트링 티셔츠로, 29CM 단독으로 출시된 제품입니다. 일반적인 티셔츠와 달리 앞면의 랩 스타일 드레이프와 허리 끈 디테일이 있어, 단품으로 착용해도 충분히 갖춰 입은 듯한 느낌을 줍니다. 리뷰에 따르면 소재가 얇지 않고 도톰한 면으로 되어 있어 형태가 잘 잡히고 비침 걱정이 덜하다는 점이 큰 장점입니다.

스타일링 측면에서는 모델처럼 와이드 데님과 매치하여 캐주얼하면서도 페미닌한 무드를 연출하기 좋습니다. 목선이 자연스럽게 드러나는 디자인이라 목걸이 등 액세서리와 함께 매치하면 더욱 세련된 룩이 완성될 것입니다. 컬러는 라이트 그레이와 멜란지 그레이 등 차분한 톤으로 구성되어 있어 다양한 하의와 매치하기 쉬운 활용도 높은 아이템입니다.

구매 고객들의 리뷰를 종합해보면, '생각보다 소재가 탄탄하다', '드레이프가 뱃살을 커버해준다', '여리여리해 보인다'는 긍정적인 반응이 주를 이룹니다. 다만 컬러 명칭(라이트 그레이 vs 멜란지 그레이)에 대한 혼동이 있을 수 있으므로 상세 이미지를 꼼꼼히 확인하는 것이 좋겠습니다. 사이즈는 S와 M으로 나뉘어 있어 자신의 체형에 맞춰 핏을 선택할 수 있다는 점도 매력적입니다.

결론적으로 이 제품은 편안한 착용감을 원하면서도 스타일을 포기하고 싶지 않은 분들에게 추천합니다. 출근룩부터 주말 데이트룩까지 폭넓게 활용 가능하며, 디자이너 브랜드 특유의 섬세한 디테일이 살아있어 소장 가치가 충분한 아이템입니다.",,,,
여성_의류/89_3440399.pdf,[25FW]_[묵화 PICK] 소프트 코튼 V넥 니트 탑 MDKT127_7 Colors,몽돌 (MONGDOL),여성_의류,니트웨어 (브이넥 니트),47200,"소프트 코튼 (상세 혼용률 텍스트 미기재, 상품명 참조)",단독 세탁 권장 (리뷰 내 털빠짐/이염 언급 및 니트 소재 특성 고려),Free,"상세 사이즈 표 텍스트 없음 (리뷰 참조: 150~170cm 다양한 체형 착용, 170cm 이상은 기장이 짧을 수 있음)","BLACK,BROWN,CHARCOAL,CREAM,NAVY,PINK,GRAY",이미지는 전반적으로 차분하고 내추럴한 데일리 룩의 무드를 보여줍니다. 과하게 꾸미지 않은 편안함과 모던한 감성이 어우러져 있어 일상적인 분위기를 자아냅니다.,네이비와 블랙 등 어두운 계열의 의상을 중심으로 쿨톤과 뉴트럴 톤이 지배적입니다. 배경 또한 그레이나 화이트로 처리되어 차분하고 정돈된 인상을 줍니다.,첫 번째 이미지는 질감이 살아있는 그레이 톤의 벽을 배경으로 하여 카페 같은 트렌디한 공간을 연출했습니다. 두 번째 이미지는 깔끔한 화이트 배경의 스튜디오 컷으로 제품의 핏에 집중하게 합니다.,"모델의 상반신 위주로 촬영된 미디엄 샷과 니 샷(Knee shot)으로 구성되어 있습니다. 제품의 넥 라인, 소매 핏, 그리고 전체적인 실루엣을 잘 보여주는 구도입니다.",모델들은 자연스러운 메이크업과 편안한 포즈로 일상 속에서 쉽게 입을 수 있는 옷임을 강조합니다. 선글라스를 머리에 얹거나 주머니에 손을 넣는 등 무심한 듯 시크한 연출이 돋보입니다.,적당한 깊이의 브이넥 디자인과 어깨 라인이 자연스럽게 떨어지는 래글런 소매가 특징입니다. 하단에는 브랜드의 아이덴티티를 보여주는 작은 금속 로고 장식이 부착되어 있어 심플함 속에 포인트를 줍니다.,몽돌은 트렌디하면서도 기본에 충실한 아이템을 합리적인 가격에 제안하는 브랜드로 보입니다. 인플루언서(묵화 등)와의 협업이나 PICK을 통해 대중적인 취향과 스타일을 잘 공략하고 있습니다.,심플한 브이넥 니트를 입은 모델이 편안하고 세련된 포즈를 취하고 있습니다. 일상적인 공간과 스튜디오 배경을 오가며 제품의 활용도와 핏을 강조합니다.,전체적으로 채도가 낮고 차분한 톤 앤 매너를 유지하여 가을/겨울 시즌의 분위기를 잘 살렸습니다. 따뜻하면서도 도시적인 세련미가 느껴지는 무드입니다.,"자연광을 활용한 듯한 부드러운 조명으로 니트의 질감을 표현하려 했으나, 어두운 컬러 제품이라 디테일보다는 실루엣 위주로 촬영되었습니다. 라이프스타일 컷과 스튜디오 컷을 적절히 섞어 연출했습니다.",거친 질감의 회색 벽면은 빈티지하면서도 모던한 카페 분위기를 자아내어 2030 세대의 감성을 자극합니다. 반면 화이트 배경은 군더더기 없는 미니멀리즘을 강조하여 제품 자체에 집중하게 만듭니다.,모델은 정면을 응시하거나 턱을 괴는 등 정적이지만 지루하지 않은 포즈를 취하고 있습니다. 특히 앉아있거나 자연스럽게 서 있는 자세를 통해 옷의 편안한 착용감을 시각적으로 전달합니다.,"이미지상으로는 딥 네이비, 블랙, 그레이, 화이트가 주를 이루는 모노톤 및 다크 톤 팔레트입니다. 텍스트상으로는 핑크, 크림 등 다양한 컬러가 존재하지만 사진에서는 시크한 어두운 계열이 강조됩니다.","베이직한 디자인에 소재감과 핏으로 승부하는 '에센셜 아이템' 컨셉입니다. 유행을 타지 않는 브이넥과 래글런 디자인을 채택하여 데일리 웨어로 활용도를 높였으며, 금속 펜던트로 브랜드만의 디테일을 더했습니다.","이 제품은 몽돌의 25FW 시즌 주력 상품 중 하나로, 인플루언서 '묵화'가 픽한 소프트 코튼 브이넥 니트입니다. 베이직한 디자인에 래글런 소매와 브이넥 라인을 적용하여 누구나 부담 없이 착용할 수 있는 데일리 아이템입니다. 특히 하단의 금속 로고 장식이 심플한 디자인에 고급스러운 포인트를 더해줍니다.

리뷰를 종합해보면 가격 대비 핏이 예쁘고 색감이 좋다는 긍정적인 평가가 많습니다. 다양한 컬러 옵션(7가지)이 있어 선택의 폭이 넓으며, 청바지나 슬랙스 등 다양한 하의와 매치하기 좋습니다. 다만, 배송이 매우 지연된다는 불만이 다수 존재하며, 일부 블랙 컬러 등에서 털 빠짐이나 먼지 붙음 현상이 있다는 의견이 있으므로 관리에 유의가 필요해 보입니다.

전반적으로 가성비가 좋고 핏이 예쁜 기본 니트를 찾는 2030 여성들에게 적합한 상품입니다. 소재가 탄탄하다는 평과 거칠다는 평이 공존하므로 피부가 예민한 경우 이너 착용을 권장합니다. 배송 기간을 넉넉히 고려하고 구매한다면 데일리 룩으로 활용도가 높은 아이템이 될 것입니다.",,,,
여성_의류/90_3164206.pdf,벨롯 투톤 레이어 니트,트위 (TWEE),여성_의류,니트/스웨터,30810,상세 혼용률 미기재 (리뷰상 부드럽고 얇은 니트 소재),상세 세탁법 미기재 (니트 소재 특성상 드라이클리닝 또는 손세탁 권장),Free,"상세 치수 텍스트 부재 (리뷰상 44~66 추천, 슬림핏)","BLACK,CHARCOAL,PINK",차분하면서도 트렌디한 데일리 캐주얼 무드입니다. 안경과 헤어밴드 같은 액세서리를 활용해 너드미(Nerd beauty)와 키치한 감성을 동시에 연출하고 있습니다.,전체적으로 차분한 뉴트럴 톤과 블랙 앤 화이트의 대비가 돋보입니다. 배경의 웜톤 아이보리 컬러가 인물의 피부톤을 부드럽게 감싸주어 따뜻한 인상을 줍니다.,장식 요소가 배제된 심플한 아이보리색 벽과 콘크리트 바닥을 배경으로 사용했습니다. 이는 인물과 옷의 디테일에 시선이 집중되도록 의도한 미니멀한 스튜디오 배경입니다.,모델의 상반신 위주로 촬영된 미디엄 샷과 클로즈업 샷으로 구성되어 있습니다. 정면을 응시하거나 시선을 살짝 피하는 등 인물의 표정과 상의의 레이어드 디테일을 잘 보여주는 구도입니다.,굵은 웨이브 헤어에 검은색 헤어밴드와 뿔테 안경을 착용하여 레트로하고 지적인 이미지를 연출했습니다. 팔짱을 끼거나 뒷짐을 지는 등 자연스럽고 편안한 포즈를 취하며 20대 여성의 발랄함을 표현합니다.,셔츠와 니트를 겹쳐 입은 듯한 페이크 레이어드 디자인이 가장 큰 특징입니다. 깊게 파인 U넥 니트 안에 화이트 셔츠 카라가 배색되어 있어 단정하면서도 스타일리시한 룩을 완성해 줍니다.,트위(TWEE)는 트렌디한 디자인을 합리적인 가격에 제안하는 영 캐주얼 브랜드로 보입니다. 일상에서 쉽게 입을 수 있으면서도 확실한 포인트가 있는 아이템을 통해 2030 여성들의 니즈를 공략하고 있습니다.,블랙 니트와 화이트 셔츠가 레이어드된 상의를 입은 모델이 안경과 헤어밴드로 포인트를 준 룩북 이미지입니다. 심플한 배경에서 제품의 핏과 배색 디테일을 명확하게 보여줍니다.,전반적으로 차분하고 정적인 분위기 속에 키치한 액세서리로 생동감을 더했습니다. 흑백의 의상 대비와 부드러운 조명이 어우러져 모던하면서도 빈티지한 감성을 자아냅니다. 과하지 않은 자연스러운 색감으로 데일리 룩의 편안함을 강조하고 있습니다.,인공적인 강한 조명보다는 부드럽게 확산되는 조명을 사용하여 그림자를 최소화하고 옷의 질감을 살렸습니다. 모델의 눈높이에서 촬영하여 소비자가 실제로 마주 보는 듯한 친근한 앵글을 설정했습니다. 배경과 피사체의 거리를 적절히 두어 깊이감을 주지 않고 평면적으로 연출해 깔끔함을 더했습니다.,"별도의 소품 없이 깨끗한 벽면과 바닥만을 노출시켜 미니멀리즘을 지향했습니다. 이러한 배경은 '꾸안꾸(꾸민 듯 안 꾸민 듯)' 스타일링을 돋보이게 하며, 쇼핑몰 상세 페이지에서 제품 자체에 집중하게 만드는 효과적인 배경입니다. 차가운 콘크리트 바닥과 따뜻한 벽면의 조화가 세련된 느낌을 줍니다.","모델은 정형화된 패션 모델의 포즈보다는 일상적인 스냅 사진처럼 자연스러운 움직임을 보여줍니다. 팔짱을 끼어 자신감 있는 태도를 보이거나, 뒷짐을 지고 몸을 살짝 비틀어 허리 라인과 옷의 핏을 강조하는 영리한 포즈를 취하고 있습니다. 무심한 듯 시크한 표정이 룩의 분위기를 완성합니다.","주요 컬러는 블랙(니트)과 화이트(셔츠 배색)이며, 여기에 데님 팬츠의 라이트 블루가 더해져 청량감을 줍니다. 모델의 브라운 헤어와 배경의 웜 그레이/아이보리 톤이 전체적인 색감을 중화시켜 조화로운 팔레트를 형성합니다.","'레이어드 룩'의 번거로움을 해결해 주는 실용적인 디자인 컨셉입니다. 클래식한 셔츠와 니트 조합을 하나의 옷으로 구현하여, 입었을 때 옷매무새를 정리할 필요 없이 완벽한 스타일링을 제공합니다. 깊은 U넥 라인은 목선을 길어 보이게 하며, 페미닌함과 단정함을 동시에 잡은 스마트한 디자인입니다.","이 상품은 셔츠와 니트를 겹쳐 입은 듯한 효과를 주는 '벨롯 투톤 레이어 니트'로, 스타일링의 고민을 덜어주는 실용적인 아이템입니다. 블랙, 차콜, 핑크 등 다양한 컬러 옵션이 있어 취향에 맞게 선택할 수 있으며, 특히 블랙 컬러는 화이트 배색 카라와 대비되어 깔끔하고 단정한 인상을 줍니다. 리뷰에 따르면 얇고 부드러운 소재감으로 봄, 가을 간절기에 단독으로 착용하기 좋으며, 슬림한 핏이 날씬해 보이는 효과를 줍니다.

룩북 이미지는 안경과 헤어밴드를 활용한 '너드 시크(Nerd Chic)' 룩을 제안하고 있어, 단순한 출근룩을 넘어 트렌디한 데일리룩으로 활용 가능함을 보여줍니다. 청바지와 매치하면 캐주얼하게, 슬랙스와 매치하면 격식 있는 오피스룩으로 연출할 수 있는 범용성이 큰 장점입니다. 가격대 또한 할인가 3만 원대 초반으로 형성되어 있어 가성비가 뛰어난 제품으로 평가됩니다.

다만, 리뷰에서 언급된 것처럼 니트 소재 특성상 마찰이 잦은 부위에 보풀이 발생할 수 있으므로 세탁 및 관리에 주의가 필요합니다. 또한 얇은 두께감으로 인해 한겨울에는 이너로 활용하거나 히트텍 등을 겹쳐 입는 것이 좋습니다. 전반적으로 가격 대비 디자인과 핏 만족도가 높아 2030 여성들에게 추천할 만한 기본 아이템입니다.",,,,
여성_의류/91_3595232.pdf,V-neck Button Long Sleeve [Charcoal],로제프란츠 (RoséFrantz),여성_의류,긴소매 티셔츠,58000,"Cotton 95%, Span 5%","첫 세탁은 드라이클리닝 권장. 비틀어 짜기 금지. 기계 세탁 및 건조기 사용 시 변형, 이염, 변색, 탈색 가능성 있음.",OS,Length 50 / Shoulder 35 / Chest 34.5 / Sleeve 63 / Hem 35,CHARCOAL,"자연스럽고 편안한 '집'이라는 공간을 배경으로 한 코지(Cozy)하고 내추럴한 무드입니다. 침대 위에서 촬영하여 일상적이면서도 감성적인 분위기를 자아내며, 인위적이지 않은 나른한 느낌을 줍니다.","전체적으로 채도가 낮고 차분한 쿨톤과 뉴트럴 톤이 섞여 있습니다. 화이트 침구 배경이 반사판 역할을 하여 모델의 피부톤을 밝게 살려주지만, 의상의 차콜 색상은 묵직하게 잡아주어 대비를 이룹니다.","구겨진 하얀색 이불과 베개가 있는 침대 위를 배경으로 설정하여, 방금 일어난 듯한 자연스러운 라이프스타일 컷을 연출했습니다. 깨끗하지만 정돈되지 않은 텍스처가 빈티지하고 감성적인 느낌을 더해줍니다.",모델의 상반신을 중심으로 한 미디엄 샷과 클로즈업 샷이 주를 이룹니다. 정면보다는 약간 측면이나 고개를 돌린 각도를 사용하여 의상의 핏과 넥 라인 디테일을 자연스럽게 보여주는 구도입니다.,금발의 모델이 몽환적이고 나른한 표정으로 카메라를 응시하거나 다른 곳을 바라보며 감성적인 분위기를 연출합니다. 머리카락을 자연스럽게 늘어뜨리고 과한 포즈보다는 편안하게 앉아있는 자세를 취해 의상의 편안함을 강조합니다.,"깊게 파인 V넥 라인과 중앙의 버튼 디테일이 돋보이는 골지 소재의 긴팔 티셔츠입니다. 몸에 슬림하게 밀착되는 핏으로 여성스러운 실루엣을 강조하며, 소매가 길게 내려와 여리여리한 느낌을 줍니다. 하단에는 브랜드 로고 패치가 부착되어 포인트가 됩니다.",로제프란츠는 베이직한 아이템에 빈티지하고 페미닌한 감성을 한 스푼 더한 브랜드로 보입니다. 일상에서 편하게 입을 수 있으면서도 핏과 디테일로 멋을 낼 수 있는 '꾸안꾸(꾸민 듯 안 꾸민 듯)' 스타일을 지향하는 것으로 분석됩니다.,"화이트 침구 위에서 차콜 색상의 골지 티셔츠를 입은 모델이 나른하고 감성적인 분위기를 연출하고 있습니다. 이너로 홀터넥을 레이어드하여 스타일링 팁을 보여주며, 슬림한 핏과 버튼 디테일이 돋보이는 컷입니다.","전반적으로 차분하고 정적인 '레이지 모닝(Lazy Morning)' 컨셉의 톤 앤 무드입니다. 화이트와 그레이, 차콜 컬러가 주를 이루어 시각적으로 편안함을 주며, 쨍한 조명보다는 은은한 자연광 느낌을 살려 부드러운 감성을 전달합니다.","스튜디오의 호리존이 아닌 침실 컨셉의 세트장에서 촬영하여 라이프스타일 화보 같은 느낌을 줍니다. 심도가 얕은 아웃포커싱보다는 전체적으로 부드럽게 포커스를 맞추어 인물과 옷의 질감을 동시에 살렸으며, 하이앵글보다는 눈높이 수준의 앵글로 친근함을 줍니다.",룩북의 배경은 전형적인 '소녀의 방' 혹은 '나만의 휴식 공간'을 연상시키는 화이트 톤의 침실입니다. 구겨진 린넨 소재의 침구류가 주는 텍스처감이 의상의 골지 소재와 어우러져 따뜻하고 포근한 계절감을 암시합니다.,모델은 경직된 패션 모델 포즈보다는 일상 속의 자연스러운 움직임을 포착한 듯한 포즈를 취합니다. 목을 살짝 만지거나 팔을 편안하게 두는 등 상체의 움직임을 최소화하면서도 쇄골 라인과 허리 라인이 잘 드러나도록 자세를 잡고 있습니다.,"주요 컬러는 배경의 '화이트(White)', 의상의 '차콜(Charcoal)', 그리고 모델의 피부톤인 '페일 베이지(Pale Beige)'로 구성됩니다. 무채색 위주의 컬러 팔레트에 모델의 립 컬러나 헤어 컬러가 은은한 생기를 더해주는 구성입니다.","90년대 빈티지 캐주얼 무드를 현대적으로 재해석한 디자인입니다. 기본적인 헨리넥 스타일을 변형하여 깊은 V넥으로 여성성을 강조했고, 크롭 기장과 긴 소매의 비율로 트렌디한 Y2K 실루엣을 반영했습니다. 단독 착용뿐만 아니라 레이어드 룩을 고려한 디자인 설계가 돋보입니다.","로제프란츠의 'V-neck Button Long Sleeve'는 베이직하면서도 디테일이 살아있는 데일리 아이템을 찾는 2030 여성들을 타겟으로 한 제품입니다. 코튼과 스판 혼방 소재를 사용하여 몸에 부드럽게 감기는 착용감을 제공하며, 신축성이 좋아 활동성 또한 우수할 것으로 보입니다. 특히 깊은 V넥 라인은 목선을 길어 보이게 하여 슬림한 효과를 주며, 모델 컷처럼 홀터넥이나 다른 이너와 레이어드하여 다양한 스타일링을 연출하기에 적합합니다.

리뷰 데이터를 분석해보면, 많은 구매자들이 '생각보다 많이 파이지 않아 부담스럽지 않다'는 점과 '날씬해 보인다'는 점을 긍정적으로 평가하고 있습니다. 다만, 모델 컷에서 연출된 홀터넥 나시가 세트 상품인 줄 알고 구매했다가 단품임을 알고 아쉬워하는 의견이 있어 구매 시 구성품 확인이 필요합니다. 또한 컬러가 진한 차콜보다는 약간 물 빠진 듯한 빈티지한 색감이라는 평이 있으므로, 쨍한 블랙에 가까운 차콜을 기대하는 고객은 상세 이미지를 꼼꼼히 확인해야 합니다.

전반적으로 이 제품은 '꾸안꾸' 룩을 선호하는 분들에게 강력 추천할 만한 아이템입니다. 청바지나 카고 팬츠와 매치하면 힙한 무드를, 스커트와 매치하면 페미닌한 무드를 연출할 수 있어 활용도가 매우 높습니다. 29CM 내에서의 브랜드 포지셔닝과 가격대를 고려했을 때, 트렌디한 디자인과 무난한 퀄리티를 갖춘 가성비 좋은 상의로 판단됩니다.",,,,
여성_의류/92_2554123.pdf,(w) 원마일 트렁크 팬츠 10colors,오프아워 (OFFHOUR),여성의류_홈웨어_하의,트렁크 팬츠 (파자마/반바지),14160,폴리에스테르 (리뷰 텍스트 기반: 면 재질이 아니라 폴리 소재로 하늘하늘하고 시원함),"상세 세탁 라벨 참조 (일반적으로 폴리 소재는 미온수 세탁 권장, 건조기 사용 주의)","FREE,XL","상세 사이즈표 텍스트 부재 (리뷰 참조: FREE는 44~66 적당, XL는 180cm 남성도 착용 가능할 정도로 넉넉하고 기장이 무릎 위까지 옴)","시에나,자이푸르,버터크림,레몬팝,블러시,버티컬 올리브,버티컬 네이비,마일드 네이비,그로브,버티컬 브라운","이미지는 전반적으로 밝고 경쾌하며, 집 안에서의 편안함을 추구하는 '코지(Cozy)'하고 '내추럴'한 무드를 담고 있습니다. 꾸미지 않은 듯 자연스러운 멋을 추구하는 '꾸안꾸' 스타일이 돋보입니다.",화이트와 파스텔 톤이 주를 이루는 '라이트(Light)'하고 '소프트(Soft)'한 톤입니다. 쨍한 색감보다는 눈이 편안한 저채도의 색상들이 사용되어 부드럽고 따뜻한 인상을 줍니다.,"배경은 군더더기 없는 깔끔한 회색빛이 감도는 흰색 호리존(Studio Background)입니다. 이는 시선을 분산시키지 않고 모델과 제품의 핏, 색감에만 집중하게 하는 연출 의도가 반영되어 있습니다.",모델의 전신을 담거나 무릎 위까지 보여주는 미디엄 샷 위주로 구성되어 있습니다. 제품의 기장감과 활동성을 보여주기 위해 모델이 움직이는 순간을 포착한 듯한 구도를 취하고 있습니다.,모델은 자연스럽게 풀어헤친 긴 머리에 컬러풀한 헤어핀으로 포인트를 주어 키치하고 발랄한 느낌을 연출했습니다. 화이트 셔츠와 탱크탑을 레이어드하여 홈웨어지만 외출복으로도 손색없는 스타일링을 보여줍니다.,"남성용 트렁크 속옷에서 영감을 받은 듯한 박시하고 넉넉한 실루엣이 특징입니다. 허리 밴딩에 브랜드 로고 라벨이 부착되어 있어 스포티한 디테일을 살렸으며, 세로 스트라이프 패턴이 시원해 보이는 시각적 효과를 줍니다.",오프아워는 'OFFHOUR'라는 이름처럼 휴식 시간의 편안함과 스타일을 동시에 제안하는 라이프스타일 브랜드로 보입니다. 단순히 잠옷에 머무르지 않고 집 근처 외출까지 가능한 '원마일 웨어'로서의 실용성을 강조하고 있습니다.,편안한 화이트 셔츠와 매치된 옐로우 스트라이프 트렁크 팬츠를 입은 모델이 발랄한 포즈를 취하고 있습니다. 집에서의 휴식과 가벼운 외출의 경계를 허무는 자유롭고 편안한 라이프스타일을 시각화했습니다.,전체적으로 채도가 높지 않은 파스텔 옐로우와 화이트가 어우러져 화사하면서도 차분한 봄/여름의 낮 시간을 연상시킵니다. 깨끗하고 맑은 조명을 사용하여 제품의 가벼운 소재감과 산뜻한 분위기를 극대화했습니다. 젊고 트렌디한 감성을 자극하는 밝고 긍정적인 에너지가 느껴집니다.,"스튜디오 내에서 부드러운 확산광을 사용하여 그림자를 최소화하고 제품의 패턴과 색상을 선명하게 표현했습니다. 정적인 포즈보다는 한쪽 다리를 들거나 몸을 비트는 등의 동적인 움직임을 포착하여, 옷의 편안한 착용감과 활동성을 강조하는 촬영 방식을 택했습니다.","배경은 피사체를 돋보이게 하는 무채색의 미니멀한 공간으로 설정되어 있습니다. 별도의 소품 없이 오직 모델과 의상만으로 공간을 채워, 복잡함을 배제하고 심플하고 모던한 홈웨어 룩북의 정석을 보여줍니다. 이는 제품 본연의 디자인과 핏에 집중하게 만듭니다.","모델은 경직된 자세가 아닌, 마치 집에서 춤을 추거나 장난을 치는 듯한 자유분방한 포즈를 취하고 있습니다. 한 발로 서서 양말을 신는 듯한 제스처나 팔을 뻗는 동작은 제품의 신축성과 넉넉한 통을 자연스럽게 보여주며, 브랜드가 추구하는 '자유로움'을 대변합니다.","메인 컬러는 부드러운 '버터 옐로우'와 시원한 '스카이 블루' 스트라이프이며, 이를 받쳐주는 베이스 컬러는 '퓨어 화이트'입니다. 포인트로 들어간 헤어핀의 핑크와 옐로우가 전체적인 룩에 생기를 더하며, 전반적으로 파스텔 톤의 조화가 돋보이는 팔레트입니다.","이 제품은 '보여주고 싶은 속옷' 혹은 '속옷 같은 겉옷'이라는 트렌디한 '트렁크 룩' 컨셉을 차용했습니다. 남성 언더웨어의 편안함은 가져오되, 여성의 체형에 맞게 핏을 수정하고 감각적인 컬러와 패턴을 입혀 홈웨어와 외출복의 경계를 넘나드는 하이브리드 아이템으로 디자인되었습니다.","이 상품은 집에서의 휴식 시간과 집 근처 가벼운 외출을 모두 아우르는 '원마일 웨어'의 정석을 보여주는 트렁크 팬츠입니다. 남성용 트렁크 팬티에서 영감을 받은 디자인으로, 통기성이 좋고 몸에 달라붙지 않는 넉넉한 핏이 가장 큰 장점입니다. 리뷰에 따르면 면이 아닌 폴리 소재를 사용하여 여름철에 특히 시원하고 가슬가슬한 촉감을 제공하며, 세탁 후 건조가 빠른 실용성까지 갖추고 있습니다.

디자인적으로는 10가지의 다양한 컬러와 스트라이프 패턴 옵션을 제공하여 소비자의 취향에 따른 선택의 폭을 넓혔습니다. 허리 밴드에 부착된 'OFFHOUR' 로고 라벨은 자칫 밋밋할 수 있는 디자인에 힙한 포인트를 더해줍니다. 모델 컷처럼 오버핏 셔츠나 가벼운 티셔츠와 매치하면 스타일리시한 홈웨어 룩을 완성할 수 있어, MZ세대의 '보여주기 좋은 홈웨어' 니즈를 정확히 타격합니다.

사이즈는 FREE와 XL 두 가지로 구성되어 있어 체형에 구애받지 않고 착용 가능합니다. 리뷰를 살펴보면 XL 사이즈는 남성도 착용 가능할 정도로 넉넉하여 커플 잠옷으로도 인기가 많습니다. 다만, 소재가 얇아 밝은 색상의 경우 비침이 있을 수 있다는 점과, 일부 사용자에게는 허리 밴딩이 다소 타이트하게 느껴질 수 있다는 점은 구매 전 고려해야 할 포인트입니다. 전반적으로 가성비와 디자인, 편안함을 모두 잡은 아이템으로 평가됩니다.",,,,
여성_의류/93_2851087.pdf,"[알로하, 여울 PICK] 윈터ver) 원 턱 와이드 슬랙스 차콜 MDPT025FWCHARCOAL",몽돌 (MONGDOL),여성_의류,바지,52800,"겨울용 도톰한 원단 (상세 혼용률 미기재, 리뷰 상 부드럽고 두께감 있는 소재로 추정)",드라이클리닝 권장 (상세 페이지 내 케어 라벨 확인 필요),"S,M,L","상세 사이즈 표 텍스트 없음 (리뷰에 따르면 기장이 긴 편이며 S, M, L 사이즈 구성)",CHARCOAL,미니멀하고 차분한 겨울 감성의 데일리 룩을 보여줍니다. 과장되지 않은 자연스러운 멋스러움을 추구하는 분위기입니다.,"전반적으로 채도가 낮은 차콜, 그레이, 블랙의 무채색 톤으로 구성되어 있어 시크하고 도시적인 인상을 줍니다.","따뜻한 느낌의 우드 톤 가구가 있는 실내 공간과, 깔끔하고 모던한 회색빛 스튜디오 배경이 교차되어 사용되었습니다.",바지의 핏과 소재감을 보여주는 하반신 클로즈업 컷과 전체적인 실루엣을 확인할 수 있는 전신 스튜디오 컷으로 구성되어 있습니다.,큰 키와 슬림한 체형의 모델이 착용하여 와이드 팬츠의 롱한 기장감을 잘 소화하고 있습니다. 정적이고 절제된 포즈로 옷의 라인을 강조합니다.,허리 부분에 원 턱(One Tuck) 디테일이 있어 골반 라인이 자연스럽고 여유롭습니다. 발등을 덮는 긴 기장과 와이드한 핏이 특징인 겨울용 슬랙스입니다.,몽돌은 합리적인 가격대에 트렌디하면서도 기본에 충실한 아이템을 선보이는 브랜드로 보입니다. 특히 슬랙스 맛집이라는 리뷰가 많을 정도로 팬츠 핏에 강점이 있습니다.,도톰한 겨울 소재의 차콜 와이드 슬랙스를 입은 모델이 미니멀한 상의와 매치하여 세련된 오피스룩을 연출하고 있습니다.,전체적으로 차분하고 안정감 있는 쿨톤과 뉴트럴 톤이 지배적입니다. 겨울 시즌에 맞는 묵직하고 따뜻한 소재감과 어우러져 고급스럽고 세련된 '어반 시크(Urban Chic)' 무드를 자아냅니다. 화려함보다는 절제된 미니멀리즘을 통해 일상 속에서 편안하게 입을 수 있는 분위기를 강조하고 있습니다.,"제품의 질감과 핏을 정확하게 전달하기 위해 자연광과 부드러운 스튜디오 조명을 적절히 활용했습니다. 클로즈업 샷에서는 원단의 두께감과 턱 디테일을 부각시켰고, 전신 샷에서는 모델의 비율을 살려 바지의 툭 떨어지는 드레이프성을 효과적으로 담아냈습니다.","첫 번째 이미지는 우드 소재의 침대나 벤치를 배경으로 하여 겨울의 포근하고 아늑한 라이프스타일 감성을 연출했습니다. 반면 전신 컷은 장식이 배제된 회색 벽을 배경으로 하여, 시선이 오로지 모델과 옷의 실루엣에 집중되도록 하는 모던하고 갤러리 같은 무드를 조성했습니다.","모델은 다리를 길어 보이게 하는 정면 스탠딩 포즈나, 주머니에 손을 넣고 살짝 짝다리를 짚는 등 자연스러운 포즈를 취하고 있습니다. 이는 와이드 팬츠 특유의 여유로운 멋과 흐르는 듯한 핏감을 극대화하여 보여주기 위한 의도된 연출로 보입니다.","메인 컬러인 딥한 차콜(Charcoal)을 중심으로, 스타일링된 블랙(Black) 상의와 슈즈가 무게감을 잡아줍니다. 배경에는 소프트한 그레이(Soft Grey)와 웜한 우드 브라운(Wood Brown)이 사용되어 전체적으로 차가움과 따뜻함이 공존하는 균형 잡힌 컬러 팔레트를 보여줍니다.","이 제품은 '겨울철에도 입을 수 있는 멋스러운 와이드 슬랙스'를 컨셉으로 디자인되었습니다. 추운 날씨를 대비한 도톰한 두께감(윈터 ver)에, 허리의 원 턱 디테일을 더해 활동성과 입체적인 볼륨감을 동시에 확보했습니다. 군더더기 없는 깔끔한 라인과 차콜 컬러는 다양한 상의와 매치하기 쉬운 에센셜 아이템으로서의 가치를 높여줍니다.","이 상품은 몽돌(MONGDOL)의 베스트셀러 아이템인 원 턱 와이드 슬랙스의 겨울 버전으로, 인플루언서들의 픽(PICK)을 받을 만큼 검증된 핏과 디자인을 자랑합니다. 가장 큰 특징은 도톰하고 부드러운 소재를 사용하여 한겨울에도 따뜻하게 착용할 수 있다는 점이며, 차콜 컬러 특유의 차분함이 오피스룩이나 하객룩 등 격식 있는 자리부터 데일리룩까지 폭넓게 활용 가능하게 합니다.

디자인적으로는 허리의 원 턱 디테일이 복부와 골반의 라인을 자연스럽게 커버해주며, 밑단까지 와이드하게 떨어지는 실루엣이 체형을 보완하고 다리를 길어 보이게 합니다. 리뷰를 종합해 보면 160cm 초반의 구매자들에게는 기장이 다소 길어 수선이 필요할 수 있다는 의견이 많으나, 핏 자체에 대한 만족도는 매우 높습니다. 특히 '인생 슬랙스', '교복 바지'라는 평이 많을 정도로 착용감과 핏에 대한 신뢰도가 높은 제품입니다.

가격 대비 퀄리티가 우수하다는 평이 지배적이며, 현재 40% 할인된 5만원대 가격은 가성비 측면에서도 매우 매력적인 구매 포인트입니다. 평소 와이드 팬츠를 즐겨 입거나 겨울용 기본 슬랙스를 찾는 2030 여성들에게 강력히 추천할 만한 아이템입니다. 다만 사이즈 선택 시 허리 단면과 총장을 꼼꼼히 확인하고, 키가 아담한 경우 수선을 고려하여 구매하는 것이 좋겠습니다.",,,,
여성_의류/94_3533743.pdf,Button boat neck wave t-shirt_2COLOR(O25-TP20),아우어노스텔지아 (OURNOSTALGIA),여성_의류,긴소매 티셔츠,38640,"부드럽고 얇은 소재, 이중 레이어드 원단 (상세 혼용률 미기재, 리뷰 기반 추론)",상세 세탁 정보 미기재 (일반적인 티셔츠 관리법인 손세탁 또는 드라이클리닝 권장),FREE,"상세 사이즈 표 텍스트 없음 (리뷰 참조: 160cm대 기준 여유로운 핏, 44~66 착용 가능)","IVORY,BEIGE","빈티지, 로맨틱, 페미닌, 아날로그, 소프트","웜톤의 아이보리, 부드러운 베이지, 채도가 낮은 차분한 색감","깔끔한 스튜디오 배경과 우드 톤의 바닥, 빈티지 소품이 있는 실내 공간",넥라인 디테일을 보여주는 클로즈업 샷과 자연스러운 포즈의 상반신 및 전신 컷,자연스러운 메이크업과 묶은 머리로 청순하고 단아한 이미지를 연출하고 있습니다. 카메라를 응시하거나 자연스럽게 시선을 떨구며 차분하고 서정적인 분위기를 이끌어냅니다.,보트넥 라인을 따라 배치된 서로 다른 모양과 소재의 단추 디테일이 가장 큰 특징입니다. 얇은 원단이 이중으로 레이어드 되어 있어 비침을 줄이면서도 여리여리한 실루엣을 완성합니다.,아우어노스텔지아는 과거의 향수와 아날로그적 감성을 현대적인 의류에 녹여내는 브랜드로 보입니다. 편안하면서도 사랑스러운 디테일을 통해 감성적인 데일리룩을 제안하는 포지셔닝을 취하고 있습니다.,따뜻하고 빈티지한 무드 속에서 유니크한 단추 디테일이 돋보이는 아이보리 보트넥 티셔츠를 착용한 모델의 모습입니다.,"전반적인 톤 앤 무드는 브랜드명처럼 '노스텔지어(향수)'를 자극하는 따뜻하고 아날로그적인 감성입니다. 차가운 화이트보다는 온기가 느껴지는 크림, 아이보리, 우드 톤이 주를 이루며, 필름 카메라로 찍은 듯한 부드러운 입자감이 느껴집니다. 이는 편안하면서도 로맨틱한 소녀의 감성을 극대화하여 보여줍니다.","인위적이고 강한 조명 대신 자연광이나 부드러운 확산광을 사용하여 모델의 피부 톤과 옷의 질감을 자연스럽게 표현했습니다. 특히 쇄골 라인과 어깨의 단추 디테일을 강조하기 위해 클로즈업 앵글을 적절히 활용하였으며, 룩북 컷에서는 하이앵글을 사용하여 모델의 전체적인 분위기를 서정적으로 담아냈습니다.","룩북 촬영은 'Analog Love'라는 컬렉션 타이틀에 걸맞게 나무 바닥, 카세트 플레이어, 흩어진 편지 등의 소품을 활용하여 빈티지한 방 안의 풍경을 연출했습니다. 이러한 배경은 단순히 옷을 보여주는 것을 넘어, 누군가의 추억 속에 있는 장면처럼 스토리텔링이 느껴지는 무드를 조성합니다.","모델은 정형화된 패션 모델의 포즈보다는 일상 속에서 편안하게 휴식을 취하는 듯한 자연스러운 포즈를 취하고 있습니다. 바닥에 웅크리고 앉거나 편지를 쓰는 듯한 동작, 그리고 카메라를 부드럽게 응시하는 시선 처리는 옷의 편안한 착용감과 브랜드의 서정적인 이미지를 잘 전달합니다.","상품의 메인 컬러인 아이보리와 베이지를 중심으로, 자개 단추의 은은한 펄감과 투명함이 포인트 컬러로 작용합니다. 배경에는 짙은 우드 브라운과 빛바랜 종이의 색감이 더해져 전체적으로 채도가 낮고 명도가 높은, 눈이 편안한 뉴트럴 웜톤 팔레트를 구성하고 있습니다.","기본적인 긴소매 티셔츠에 페미닌한 요소를 더해 차별화한 디자인입니다. 목선이 드러나는 보트넥은 여성스러움을 강조하며, 넥라인 한쪽에 불규칙하게 배열된 다양한 디자인의 단추들은 마치 수작업으로 리폼한 듯한 빈티지하고 키치한 매력을 줍니다. 소매와 밑단의 웨이브(물결) 마감은 러블리한 무드를 더해주며, 이중지 원단을 사용하여 보온성과 실루엣을 동시에 잡은 실용적인 컨셉도 돋보입니다.","이 상품은 아우어노스텔지아의 감성이 듬뿍 담긴 'Button boat neck wave t-shirt'로, 기본 티셔츠의 편안함에 사랑스러운 디테일을 더한 제품입니다. 가장 눈에 띄는 점은 보트넥 라인을 따라 장식된 서로 다른 모양의 단추들로, 자개와 투명 단추 등이 믹스되어 있어 액세서리 없이도 충분한 포인트가 됩니다. 리뷰에 따르면 원단이 얇지만 이중으로 덧대어 있어 비침 걱정이 덜하고, 몸에 딱 붙기보다는 적당히 여유 있는 핏으로 여리여리한 실루엣을 연출해 줍니다.

소재감은 부드럽고 유연하여 착용감이 우수하며, 소매 끝단의 웨이브 디테일이 페미닌한 무드를 한층 살려줍니다. 단독으로 입었을 때는 쇄골 라인이 돋보여 여성스럽고, 니트나 가디건 안에 이너로 착용했을 때는 넥라인의 단추가 살짝 보여 센스 있는 레이어드 룩을 완성할 수 있습니다. 다만, 보트넥 특성상 속옷 끈 노출에 유의해야 하며, 목 부분이 살짝 뜰 수 있다는 리뷰도 있어 체형에 따른 핏 차이를 고려해야 합니다.

전반적으로 'Analog Love'라는 시즌 컨셉에 맞게 빈티지하면서도 낭만적인 분위기를 자아내는 아이템입니다. 과하지 않은 디자인으로 데일리하게 입기 좋으면서도, 남들과는 다른 유니크한 디테일을 찾는 2030 여성들에게 추천할 만합니다. 특히 봄, 가을 간절기에는 단독으로, 겨울에는 포인트 이너로 활용도가 높아 사계절 내내 손이 갈 만한 소장 가치 있는 티셔츠입니다.",,,,
여성_의류/95_3604719.pdf,[30%추가쿠폰]_플러피 보니 긴팔 커플 수면 잠옷 세트_라일락,도씨 (DOSSY),여성_의류,홈웨어/잠옷 세트,18200,폴리에스터 (수면 극세사 소재),첫 세탁 시 털 빠짐이 있을 수 있으므로 뒤집어서 세탁망에 넣어 단독 세탁 권장. 건조기 사용 시 수축 가능성 있음.,"M,L,XL","상세 사이즈 표는 텍스트에 명시되지 않았으나, 리뷰를 통해 160cm/50kg대 M사이즈, 170cm 이상 L/XL 사이즈 착용 사례 확인 가능.","LILAC,WHITE,GREEN",따뜻하고 포근한 겨울 감성의 무드입니다. 나무 소재의 인테리어와 부드러운 조명을 활용하여 아늑한 집안의 분위기를 연출하고 있습니다.,전반적으로 웜톤의 조명 아래 파스텔 톤의 라일락 색상이 돋보입니다. 부드럽고 채도가 적당하여 눈이 편안하고 감성적인 색감입니다.,우드 톤의 가구와 창밖의 눈 내리는 풍경이 어우러진 실내입니다. 베이글과 시리얼이 놓인 테이블이나 눈 내리는 창가는 겨울철의 여유로운 아침을 연상시킵니다.,모델의 상반신 클로즈업과 커플 전신 샷으로 구성되어 있습니다. 제품의 소재감을 보여주는 근접 촬영과 커플룩 연출을 보여주는 투샷이 적절히 배치되었습니다.,자연스러운 웨이브 헤어와 주근깨 메이크업으로 내추럴하고 사랑스러운 느낌을 강조했습니다. 편안하게 미소 짓거나 카메라를 응시하며 홈웨어 특유의 릴랙스한 분위기를 잘 표현하고 있습니다.,"부드러운 극세사 소재에 라일락과 화이트 스트라이프 패턴이 들어간 파자마입니다. 특히 중간중간 배치된 초록색 리본 패턴이 귀여운 포인트가 되며, 카라 넥 디자인으로 단정함을 더했습니다.","도씨는 합리적인 가격대에 감성적인 디자인을 더한 홈웨어 브랜드로 보입니다. 커플 아이템으로서의 소구점을 잘 파악하고 있으며, 따뜻하고 일상적인 행복을 추구하는 이미지를 가지고 있습니다.",눈 내리는 겨울 산장 속 아늑한 아침을 즐기는 커플의 모습을 담았습니다. 포근한 소재감과 사랑스러운 디자인이 돋보이는 룩북입니다.,"전체적으로 빈티지하면서도 따뜻한 '코지(Cozy)' 무드가 지배적입니다. 겨울철 실내의 온기가 느껴지는 난색 계열의 조명과 필터를 사용하여, 차가운 바깥 날씨와 대비되는 포근함을 극대화했습니다.","자연광과 실내 조명을 적절히 섞어 부드러운 질감을 표현했습니다. 인물에 초점을 맞추고 배경을 살짝 흐리게 처리하거나, 눈 내리는 효과를 연출하여 감성적인 스토리텔링이 느껴지는 촬영 방식을 택했습니다.",나무 질감이 살아있는 산장이나 따뜻한 가정집을 배경으로 설정했습니다. 테이블 위의 브런치 소품이나 창밖의 설경 연출을 통해 '겨울 휴가' 또는 '크리스마스'의 설레는 분위기를 배경 무드로 잡았습니다.,"모델들은 턱을 괴거나 컵을 드는 등 일상적이고 자연스러운 포즈를 취하고 있습니다. 커플 샷에서는 나란히 서서 편안한 표정을 지으며, 인위적인 패션 포즈보다는 실제 연인 같은 친밀함을 강조했습니다.","메인 컬러는 소프트한 라일락(연보라)과 화이트이며, 포인트 컬러로 리본의 그린 색상이 사용되었습니다. 배경의 우드 브라운과 베이지 톤이 전체적인 이미지를 따뜻하게 감싸주어 조화로운 팔레트를 이룹니다.","클래식한 스트라이프 파자마에 '리본'이라는 키치한 요소를 더해 러블리함을 강조한 컨셉입니다. '플러피(Fluffy)'라는 이름처럼 시각적으로도 촉각적으로도 부드러움을 느낄 수 있도록 소재와 디자인을 일치시켰으며, 커플룩으로 기획되어 남녀 모두에게 어울리는 유니섹스한 귀여움을 추구했습니다.","이 제품은 겨울철 실내 생활의 질을 높여줄 수 있는 '플러피 보니 수면 잠옷 세트'입니다. 가장 큰 특징은 부드러운 극세사 소재와 사랑스러운 라일락 스트라이프 디자인으로, 보온성과 심미성을 동시에 잡았습니다. 특히 초록색 리본 디테일이 자칫 평범할 수 있는 스트라이프 패턴에 생기를 불어넣어 줍니다.

가격 대비 만족도가 높은 제품으로, 현재 66% 할인된 1만 원대 후반의 가격은 매우 매력적인 구매 포인트입니다. 리뷰를 살펴보면 '촉감이 매우 부드럽다', '색감이 여리여리하다'는 호평이 많아, 겨울철 커플 잠옷이나 연말 선물용으로 적합합니다. 다만, 수면 잠옷 특성상 초기 털 빠짐이 있을 수 있으므로 착용 전 단독 세탁과 세탁망 사용이 필수적입니다.

사이즈는 M, L, XL 등으로 구성되어 남녀 커플이 맞춰 입기에 좋으며, 넉넉한 핏으로 편안한 활동성을 제공합니다. 전반적으로 따뜻한 감성의 룩북 이미지처럼, 추운 겨울 집안에서 포근하고 기분 좋은 휴식을 취하고 싶은 분들에게 강력히 추천하는 아이템입니다.",,,,
여성_의류/96_2929448.pdf,[29CM 단독] _WOOL BALMACAAN COAT (BLACK),이아 (EAAH),여성_의류,발마칸 코트,429000,메리노 울 100% (Q&A 답변 참조),케어라벨 안주머니 확인 (일반적으로 울 100% 소재는 드라이클리닝 권장),"36(S),38(M)","상세 사이즈표 텍스트 없음 (리뷰 참조: 160cm 중반 기준 S사이즈 여유로움, 롱 기장, 오버핏)",BLACK,"미니멀하고 시크한 분위기가 지배적이며, 군더더기 없는 깔끔한 연출이 돋보입니다. 화이트 배경과 블랙 코트의 대비를 통해 모던하고 세련된 감성을 전달합니다.",차가운 쿨톤의 화이트 배경에 딥한 블랙 컬러가 중심을 잡고 있어 명도 대비가 강합니다. 전체적으로 차분하고 정적인 톤앤매너를 유지하고 있습니다.,피사체에 온전히 집중할 수 있도록 아무런 소품이 없는 깨끗한 화이트 호리존(Studio Cyclorama)을 사용했습니다. 이는 제품의 실루엣과 디테일을 가장 명확하게 보여주기 위한 의도된 연출입니다.,모델의 전신을 담은 풀 샷(Full Shot) 위주로 구성되어 코트의 전체적인 기장감과 핏을 보여줍니다. 정면을 응시하며 서 있는 정적인 컷과 걷는 듯한 동적인 컷을 함께 배치하여 옷의 움직임을 표현했습니다.,금발의 여성 모델이 무표정한 얼굴로 시크함을 강조하며 제품을 착용하고 있습니다. 블랙 와이드 슬랙스와 블랙 로퍼를 매치하여 올 블랙 룩으로 코트의 무게감을 세련되게 소화했습니다.,"래글런 소매와 히든 버튼(플라이 프론트) 디테일이 적용된 클래식한 발마칸 코트 디자인입니다. 무릎 아래로 내려오는 긴 기장감과 여유로운 오버핏 실루엣이 특징이며, 카라가 넓어 얼굴이 작아 보이는 효과를 줍니다.","이아(EAAH)는 유행을 타지 않는 본질적인 디자인과 좋은 소재에 집중하는 컨템포러리 브랜드로 보입니다. 화려한 장식보다는 실루엣과 핏으로 승부하며, 도시적이고 절제된 세련미를 추구하는 포지셔닝을 취하고 있습니다.",미니멀한 화이트 배경 속에서 블랙 발마칸 코트를 입은 모델이 시크하게 서 있거나 걷고 있는 모습입니다. 코트의 긴 기장감과 유려하게 떨어지는 오버핏 실루엣이 강조된 룩북 이미지입니다.,"전체적으로 채도가 낮고 명도 대비가 뚜렷한 모노크롬 톤으로, 차분하면서도 도시적인 무드를 자아냅니다. 감성적이거나 따뜻한 느낌보다는 이성적이고 정돈된 '쿨 시크(Cool Chic)' 분위기가 강하게 느껴집니다.",부드러운 확산광을 사용하여 옷의 질감을 살리면서도 그림자를 최소화하여 깔끔한 이미지를 만들었습니다. 눈높이 앵글(Eye-level)로 촬영하여 왜곡 없이 제품의 실제 핏과 비율을 정직하게 전달하고 있습니다.,잡다한 요소가 배제된 순백의 스튜디오 배경은 '여백의 미'를 살려 제품의 존재감을 극대화합니다. 이러한 배경 설정은 브랜드가 추구하는 미니멀리즘 철학을 시각적으로 대변하는 장치로 작용합니다.,모델은 과도한 포즈를 취하지 않고 자연스럽게 서 있거나 무심하게 걷는 동작을 취해 '꾸안꾸(꾸민 듯 안 꾸민 듯한)' 스타일을 연출합니다. 주머니에 손을 넣거나 팔을 자연스럽게 떨어뜨려 코트의 래글런 라인과 낙낙한 품을 효과적으로 보여줍니다.,"이미지의 주조색은 배경의 '화이트'와 제품의 '블랙'이며, 모델의 피부톤과 헤어 컬러가 유일한 유채색 포인트가 됩니다. 이러한 극도로 절제된 컬러 팔레트는 제품의 블랙 컬러가 가진 깊이감을 더욱 돋보이게 합니다.","전통적인 발마칸 코트의 실용적인 디테일(비바람을 막는 카라, 편안한 소매)을 현대적인 오버사이즈 핏으로 재해석했습니다. 단추를 숨기는 히든 버튼 디자인을 통해 시각적인 복잡함을 제거하고 수직적인 라인을 강조하여, 미니멀리즘 트렌드에 부합하는 세련된 아우터를 완성했습니다.","이아(EAAH)의 울 발마칸 코트는 29CM 단독 상품이자 1,200개가 넘는 리뷰가 증명하는 베스트셀러 아이템입니다. 유행을 타지 않는 클래식한 발마칸 디자인을 기반으로 하되, 현대적인 감각의 오버핏과 롱한 기장감을 더해 스타일리시한 실루엣을 완성했습니다. 특히 Q&A 답변을 통해 확인된 메리노 울 100% 소재 사용은 보온성과 고급스러운 텍스처를 보장하며, 겨울철 데일리 아우터로서의 가치를 높여줍니다.

디자인적으로는 래글런 소매 패턴을 적용하여 어깨 라인이 부드럽게 떨어지며, 두꺼운 이너를 입어도 활동성이 보장되는 것이 큰 장점입니다. 전면의 단추가 보이지 않는 히든 버튼 디테일은 전체적인 룩을 깔끔하고 미니멀하게 만들어주어, 캐주얼한 데님부터 포멀한 슬랙스까지 다양한 하의와 매치하기 좋습니다. 블랙 컬러는 가장 기본적이면서도 시크한 매력을 주어 활용도가 매우 높습니다.

구매 시 고려해야 할 점은 기장감과 무게감입니다. 리뷰에 따르면 무릎을 덮는 긴 기장으로 키가 작은 체형의 경우 다소 길게 느껴질 수 있으나, 오히려 이 점이 트렌디한 무드를 연출해 준다는 평이 많습니다. 사이즈는 S와 M 두 가지로 구성되어 있어 평소 스타일과 체형에 맞춰 선택할 수 있으며, 오버핏을 선호한다면 정사이즈 혹은 한 사이즈 업을 고려해볼 만합니다.

결론적으로 이 제품은 '기본에 충실하면서도 멋스러운' 겨울 코트를 찾는 여성들에게 적합합니다. 소재, 핏, 디자인의 밸런스가 잘 잡혀 있어 한 해 입고 마는 옷이 아니라 오랫동안 옷장에 두고 입을 수 있는 타임리스 피스로, 29CM 내에서도 높은 재구매율과 만족도를 보이는 검증된 아우터입니다.",,,,
여성_의류/97_3039185.pdf,[PRE-OPEN]_INCISION NYLON BLOUSON JUMPER_LIGHT GREY/BLUE,오버듀플레어 (OVERDUE FLAIR),여성_의류,블루종/점퍼,179280,"나일론 100% (겉감1, 2), 배색 가라스 소재",단독 손세탁 권장,FREE,총장 65.5 / 가슴 68 / 화장 88 (단위 : cm),"LIGHT GREY,BLUE","차분하고 감성적인 분위기로, 미니멀하면서도 빈티지한 유럽풍 실내 느낌을 줍니다. 전체적으로 정적이고 세련된 무드가 흐릅니다.","쿨톤 베이스의 라이트 그레이와 블루가 주를 이루며, 채도가 낮고 부드러운 색감을 보여줍니다. 조명은 쨍하지 않고 은은하여 차가우면서도 아늑한 느낌을 동시에 줍니다.",화이트 톤의 웨인스코팅 장식이 있는 도어와 그레이 톤의 바닥이 보이는 실내 공간입니다. 과한 소품 없이 깔끔한 배경을 사용하여 인물과 옷의 실루엣에 집중하게 합니다.,"모델의 전신을 담은 풀샷 위주로 구성되어 있으며, 정면 앵글을 통해 옷의 핏과 기장감을 명확히 보여줍니다. 모델을 중앙에 배치하여 시선을 제품으로 유도합니다.",자연스러운 웨이브 헤어스타일의 모델이 무심한 듯 시크한 표정으로 서 있습니다. 과장된 포즈보다는 자연스럽게 팔을 내린 자세를 취해 옷의 루즈한 핏을 강조하고 있습니다.,바스락거리는 얇은 나일론 소재로 제작되어 비침이 있는 시스루 룩을 연출합니다. 몸판을 흐르는 유려한 곡선 절개 라인과 그레이-블루의 배색 콤비가 디자인의 핵심 포인트입니다.,오버듀플레어는 스포티한 소재에 여성스러운 곡선미를 더해 독자적인 무드를 구축하는 브랜드로 보입니다. 트렌디하면서도 감각적인 디테일을 중시하는 2030 여성을 타겟으로 하는 컨템포러리 브랜드의 인상을 줍니다.,빈티지한 무드의 실내에서 모델이 시어한 소재의 배색 블루종을 입고 서 있는 모습입니다. 쿨한 컬러감과 루즈한 실루엣이 어우러져 감각적인 데일리룩을 제안합니다.,"전체적으로 채도가 낮고 명도가 높은 쿨 그레이 톤이 지배적이며, 차분하고 도시적인 감성을 자아냅니다. 빛이 강하게 들어오는 쨍한 느낌보다는, 흐린 날의 오후처럼 은은하고 소프트한 조명을 사용하여 감성적이고 고급스러운 분위기를 연출했습니다.",스튜디오 촬영이지만 인위적인 배경지 대신 공간감이 느껴지는 세트를 활용하여 라이프스타일 룩북의 느낌을 줍니다. 조명을 부드럽게 확산시켜 나일론 소재 특유의 광택과 텍스처를 번들거림 없이 고급스럽게 포착했습니다.,"클래식한 몰딩이 들어간 화이트 도어와 차가운 톤의 바닥재가 어우러져 모던하면서도 이국적인 실내 분위기를 형성합니다. 이러한 배경은 제품의 현대적인 디자인과 대비를 이루며, 세련된 편집숍이나 유럽의 아파트 같은 공간감을 부여합니다.",모델은 역동적인 움직임보다는 정적이고 절제된 포즈를 취하여 옷의 구조적인 디테일에 집중하게 합니다. 다리를 살짝 벌리고 팔을 자연스럽게 늘어뜨린 자세는 제품의 오버핏 실루엣과 편안한 착용감을 시각적으로 잘 전달합니다.,메인 컬러인 라이트 그레이와 스카이 블루/아쿠아 블루가 조화롭게 섞여 시원하고 청량한 느낌을 줍니다. 여기에 모델의 화이트 이너와 블랙 프린지 부츠가 더해져 무채색의 안정감과 함께 모던한 컬러 밸런스를 완성했습니다.,"기능성 아우터인 윈드브레이커를 페미닌하고 아티스틱하게 재해석한 디자인입니다. 오버듀플레어 특유의 유연한 곡선 절개 라인을 통해 스포티함을 중화시키고, 시스루 소재와 배색 디테일로 시각적인 재미를 더했습니다. 밑단 스트링으로 볼륨을 조절할 수 있어 다양한 실루엣 연출이 가능한 실용적인 디자인입니다.","이 상품은 간절기부터 초여름까지 활용하기 좋은 얇고 가벼운 나일론 소재의 블루종입니다. 가장 큰 특징은 브랜드 특유의 곡선 절개 라인과 라이트 그레이, 블루 톤의 감각적인 배색 조합으로, 스포티한 아이템을 여성스럽고 세련되게 풀어냈습니다. 시어한 소재감 덕분에 이너에 따라 다양한 분위기를 연출할 수 있으며, 넉넉한 품과 조절 가능한 밑단 스트링으로 체형에 구애받지 않고 편안하게 착용할 수 있습니다.

리뷰를 종합해보면, 가격대가 다소 높다는 의견이 있지만 독보적인 색감과 디자인 디테일 덕분에 구매 만족도가 높은 편입니다. '휘뚜루마뚜루' 입기 좋으면서도 흔하지 않은 디자인이라 소장 가치가 있다는 평이 많습니다. 다만 소재가 매우 얇고 흐물거리는 편이라 탄탄한 아우터를 찾는 분들보다는 가볍게 걸칠 수 있는 스타일리시한 아이템을 찾는 분들에게 적합합니다.

전체적인 무드는 쿨하고 도시적이지만, 스타일링에 따라 캐주얼하거나 러블리하게도 소화 가능합니다. 모델처럼 쇼츠와 부츠를 매치해 트렌디한 룩을 완성하거나, 데님이나 스커트와 함께 데일리룩으로 활용하기 좋습니다. 남들과 다른 디테일이 있는 아우터를 찾는 패션 관여도가 높은 고객들에게 추천할 만한 아이템입니다.",,,,
여성_의류/98_3642526.pdf,"[4차 리오더] TOGGLE BUTTON CABLE COLLAR CARDIGAN, D.BROWN",런던다다 (LONDONDADA),여성의류,카디건,62100,상세 혼용률 텍스트 미기재 (리뷰 기반: 부드럽고 신축성 좋으나 털 빠짐이 있는 니트 소재),상세 세탁법 미기재 (일반적인 니트류는 드라이클리닝 권장),"S,M","상세 실측 표 텍스트 없음 (리뷰 기반: S는 55사이즈 적당, M은 66사이즈 혹은 넉넉한 핏 선호 시 추천, 소매가 긴 편임)",D.BROWN,이미지는 전반적으로 빈티지하면서도 따뜻한 감성을 자아냅니다. 런던의 클래식한 패션을 지향하는 브랜드 아이덴티티에 맞춰 차분하고 자연스러운 분위기를 연출하고 있습니다.,"딥한 다크 브라운 컬러가 주를 이루며, 웜톤의 포근한 느낌을 줍니다. 포인트로 들어간 레드 컬러의 자수와 소품(목도리)이 생기를 더해주어 전체적으로 아늑한 인상을 줍니다.",질감이 느껴지는 회색빛의 콘크리트 혹은 스터코 벽면을 배경으로 사용하여 빈티지한 무드를 강조했습니다. 복잡하지 않은 심플한 배경은 제품의 컬러와 디테일에 집중하게 만듭니다.,"모델의 상반신을 중심으로 한 클로즈업 샷과 미디엄 샷으로 구성되어 있습니다. 제품의 특징인 토글 단추와 케이블 짜임, 로고 자수가 잘 보이도록 구도를 잡았으며, 소품을 활용해 스타일링 팁을 제공합니다.",모델은 자연스럽게 헝클어진 헤어스타일과 편안한 포즈로 꾸안꾸(꾸민 듯 안 꾸민 듯한) 룩을 연출하고 있습니다. 체크무늬 머플러를 손에 들거나 주머니에 손을 넣는 등 일상적인 움직임을 통해 옷의 편안한 착용감을 시각적으로 전달합니다.,일반적인 단추 대신 떡볶이 코트에서 볼 수 있는 토글 버튼(Toggle Button)을 사용하여 귀엽고 클래식한 포인트를 주었습니다. 굵은 케이블 짜임(꽈배기 니트)과 가슴 한쪽의 붉은색 영문 레터링 자수가 브랜드 특유의 빈티지한 감성을 더해줍니다.,런던다다는 영국의 클래식한 패션을 현대적인 글로벌 감각으로 재해석하는 브랜드로 보입니다. 유행을 크게 타지 않는 베이직한 아이템에 위트 있는 디테일을 더해 소장 가치를 높이는 전략을 취하고 있습니다.,다크 브라운 컬러의 케이블 니트 카디건을 입은 모델이 붉은 체크 머플러와 함께 포근한 겨울 룩을 선보입니다. 토글 단추와 붉은색 자수 로고가 돋보이는 빈티지하고 클래식한 디자인입니다.,"전체적으로 차분하고 깊이감 있는 브라운 톤이 지배적이며, 가을과 겨울의 계절감이 물씬 느껴집니다. 따뜻하고 아늑한 'Cozy & Vintage' 무드를 기반으로 하여 편안하면서도 감성적인 분위기를 형성합니다.",자연광에 가까운 부드러운 조명을 사용하여 니트의 텍스처와 보풀감을 사실적으로 표현했습니다. 과도한 보정보다는 옷 본연의 색감과 질감을 살리는 데 중점을 둔 촬영 방식으로 보입니다.,"스튜디오 내부에 마련된 빈티지한 벽면을 배경으로 하여, 마치 런던의 오래된 거리나 건물 실내에 있는 듯한 느낌을 줍니다. 차가운 회색 벽과 따뜻한 갈색 니트의 대비가 제품을 더욱 돋보이게 합니다.",모델은 정적인 차렷 자세보다는 주머니에 손을 넣거나 소품을 활용하는 등 동적인 포즈를 취해 자연스러운 실루엣을 보여줍니다. 시선을 아래로 향하거나 측면을 응시하여 감성적이고 차분한 분위기를 연출했습니다.,"메인 컬러인 다크 브라운(Dark Brown)을 중심으로, 포인트 컬러인 레드(Red)가 로고와 소품에 사용되었습니다. 이너로 착용한 화이트(White) 티셔츠와 하의의 데님 블루(Denim Blue)가 조화를 이루며 클래식한 캐주얼 배색을 완성합니다.","전통적인 케이블 니트 카디건에 더플코트의 상징인 토글 버튼을 결합하여 유니크한 '뉴트로(New-tro)' 컨셉을 완성했습니다. 넉넉한 품과 드롭 숄더 라인은 현대적인 트렌드를 반영하여 편안함을 주면서도, 디테일은 클래식함을 유지하여 다양한 연령층에 어필할 수 있는 디자인입니다.","이 제품은 '런던다다'의 4차 리오더 인기 상품으로, 클래식한 케이블 니트 짜임에 토글 버튼(떡볶이 단추) 디테일을 더해 귀여우면서도 빈티지한 매력을 극대화한 카디건입니다. 딥한 다크 브라운 컬러에 가슴 부분의 붉은색 레터링 자수가 포인트가 되어, 단독으로 입거나 코트 안에 이너로 활용하기에 매우 적합합니다. 리뷰에 따르면 소재가 매우 부드러워 맨살에 입어도 까슬거림이 없다는 평이 많으나, 털 빠짐이 다소 있다는 점은 구매 시 고려해야 할 부분입니다.

사이즈는 S와 M 두 가지로 구성되어 있으며, 전반적으로 여유 있는 핏으로 나와 체형에 구애받지 않고 편안하게 착용할 수 있습니다. 모델 컷처럼 데님 팬츠와 매치하면 캐주얼한 데일리룩을 완성할 수 있고, 체크 머플러와 같은 소품을 활용하면 더욱 따뜻한 겨울 무드를 연출할 수 있습니다. 6만 원대의 합리적인 가격과 높은 활용도 덕분에 선물용으로도 인기가 많으며, 유행을 타지 않는 디자인이라 오랫동안 소장하여 입기 좋은 아이템입니다.",,,,
여성_의류/99_2946580.pdf,Buckle corduroy pants_3colors,유라고 (URAGO),여성_의류,바지,51480,"코듀로이 (면 혼방 추정), 안감(바람막이 소재)","코듀로이 소재 특성상 드라이클리닝을 권장하며, 물세탁 시 찬물에 단독 세탁하여 수축과 변형을 방지하는 것이 좋습니다. 건조기 사용은 피하고 그늘에서 자연 건조하는 것을 추천합니다.","S,M,L","상세 사이즈 표는 이미지에 없으나, 리뷰에 따르면 S, M, L 사이즈가 존재하며 통이 넓고 허리가 여유 있게 나온 편입니다.","Cream,Khaki beige,Black","이미지는 전체적으로 미니멀하고 내추럴한 무드를 띠고 있으며, 편안한 일상 속의 여유로움을 표현하고 있습니다. 과장된 연출 없이 담백하고 차분한 분위기가 주를 이룹니다.","따뜻한 웜톤의 크림, 베이지 색상이 주를 이루며, 전체적으로 채도가 낮고 부드러운 톤 앤 매너를 유지하고 있습니다. 차가운 느낌보다는 포근하고 아늑한 겨울/가을 감성을 전달합니다.","배경은 장식 없는 회색 콘크리트 바닥과 흰색 벽으로 구성되어 있어, 시선이 오로지 제품과 모델에게 집중되도록 연출되었습니다. 이러한 심플한 배경은 모던하고 도시적인 감성을 더해줍니다.",모델의 전신 샷과 하반신 클로즈업 샷을 적절히 배치하여 전체적인 실루엣과 소재의 질감을 동시에 보여줍니다. 정면과 측면 각도를 활용해 바지의 핏과 떨어지는 라인을 효과적으로 강조했습니다.,모델은 자연스럽게 서 있거나 주머니에 손을 넣는 등 편안하고 정적인 포즈를 취하고 있습니다. 화려한 메이크업이나 액세서리보다는 비니나 안경 같은 소품을 활용해 캐주얼하고 수수한 매력을 발산합니다.,"이 제품은 굵직한 골이 돋보이는 코듀로이 소재의 와이드 팬츠로, 넉넉한 핏이 다리 라인을 커버해 줍니다. 허리 뒤쪽에 버클 디테일이 있어 사이즈 조절이 가능하며, 탄탄한 소재감 덕분에 핏이 흐트러지지 않고 깔끔하게 떨어집니다.","유라고는 유행을 타지 않는 베이직한 디자인에 브랜드만의 감성을 한 방울 더한 데일리 웨어를 지향하는 것으로 보입니다. 편안함과 스타일을 동시에 추구하는 2030 여성들에게 어필하며, 소재와 핏에 신경 쓴 퀄리티 있는 제품을 선보이는 브랜드입니다.","심플한 배경에서 촬영된 코듀로이 팬츠의 룩북으로, 제품의 따뜻한 질감과 여유로운 와이드 핏을 잘 보여줍니다. 크림색 팬츠와 스트라이프 티셔츠 등을 매치하여 편안하면서도 스타일리시한 겨울 데일리룩을 제안합니다.","전체적인 톤 앤 무드는 '코지(Cozy)'와 '내추럴(Natural)'로 요약할 수 있습니다. 자극적이지 않은 뉴트럴 컬러와 부드러운 조명을 사용하여, 입었을 때 편안함을 느낄 수 있는 옷이라는 인상을 강하게 전달합니다.",자연광에 가까운 부드러운 확산광을 사용하여 코듀로이 원단의 요철과 질감을 섬세하게 표현했습니다. 카메라는 아이 레벨 또는 약간 낮은 앵글에서 촬영하여 모델의 비율을 좋게 보이게 하고 바지의 기장감을 강조했습니다.,"스튜디오 내부의 콘크리트 바닥과 흰 벽을 배경으로 하여 인더스트리얼하면서도 정제된 느낌을 줍니다. 군더더기 없는 배경은 제품의 컬러와 실루엣을 더욱 돋보이게 하며, 현대적인 미니멀리즘을 반영합니다.",모델은 역동적인 움직임보다는 정적이고 차분한 포즈를 주로 취하여 옷의 핏이 왜곡되지 않도록 했습니다. 무심한 듯 시선을 피하거나 자연스럽게 서 있는 자세는 '꾸안꾸(꾸민 듯 안 꾸민 듯)' 스타일을 효과적으로 보여줍니다.,"제품의 주요 색상인 크림, 카키 베이지, 블랙을 중심으로, 코디된 네이비 스트라이프 티셔츠와 브라운 로퍼 등이 어우러져 차분한 어스 컬러(Earth color) 팔레트를 형성합니다. 이는 가을/겨울 시즌에 적합한 따뜻하고 안정적인 색감입니다.","클래식한 코듀로이 소재를 현대적인 와이드 핏으로 재해석하여 레트로하면서도 트렌디한 감성을 담았습니다. 활동성을 고려한 넉넉한 통과 바람을 막아주는 안감 처리 등 실용적인 디테일을 더해, 디자인과 기능성을 모두 갖춘 겨울 데일리 팬츠를 의도했습니다.","유라고의 'Buckle corduroy pants'는 겨울철 활용도가 높은 코듀로이 소재의 와이드 팬츠입니다. 리뷰에 따르면 안감이 기모는 아니지만 바람을 막아주는 네오프렌 느낌의 소재로 되어 있어 한겨울에도 따뜻하게 착용할 수 있다는 점이 큰 장점입니다. 탄탄한 원단 덕분에 핏이 무너지지 않고 깔끔하게 떨어지며, 허리 뒤쪽의 버클 디테일은 디자인 포인트가 되는 동시에 미세한 사이즈 조절을 도와줍니다.

사이즈는 전체적으로 여유 있게 나온 편이라 '크다'는 평이 많으므로, 상세 사이즈를 확인하거나 한 치수 작게 선택하는 것을 고려해볼 만합니다. 크림, 카키 베이지 등 따뜻한 색감 구성은 다양한 상의와 매치하기 좋아 데일리 아이템으로 손색이 없습니다. 캐주얼한 스니커즈부터 클래식한 로퍼까지 다양한 신발과 잘 어울려, 편안하면서도 멋스러운 겨울 코디를 완성하고 싶은 분들에게 추천합니다.",,,,
